temperature,humidity,rainfall,ph,nitrogen,phosphorous,potassium,carbon,soil,label
20.87974371,82.00274423,202.9355362,6.502985292,69.3,79.5,94.44,0.63,Loamy Soil,rice
21.77046169,80.31964408,226.6555374,7.038096361,72.02,141.824,141.6978,1.4,Loamy Soil,rice
23.00445915,82.3207629,263.9642476,7.633567638,77.77,59.39,81.89,1.8,Peaty Soil,rice
26.49109635,80.28362927,242.8640342,6.980400905,78.65,147.45895,142.943,1.43,Loamy Soil,rice
20.2800712,81.60487287,262.7173405,7.628472891,73.98,68.95,95.74,1.75,Peaty Soil,rice
23.05804872,83.37011772,251.0549998,7.073453503,76.81,140.93673,140.60768,0.86,Loamy Soil,rice
22.70883798,82.63941394,271.3248604,5.70080568,78.29,49.08,67.85,1.78,Peaty Soil,rice
20.2800712,82.89408619,241.9741949,5.718627178,72.6,49.41,65.18,2.32,Peaty Soil,rice
24.51588066,83.5352163,230.4462359,6.685346424,76.22,109.64,137.65,2.34,Loamy Soil,rice
23.22397386,83.03322691,221.2091958,6.336253525,73.7,67.53,84.44,2.37,Peaty Soil,rice
26.52723513,81.41753846,264.6148697,5.386167788,81.75,45.13,61.86,2.08,Peaty Soil,rice
23.97898217,81.45061596,250.0832336,7.50283396,77.14,78.59,106.31,1.88,Peaty Soil,rice
26.7320648,80.88684822,284.4364567,5.108681786,83.536,42.919,60.05,0.9,Acidic Soil,rice
24.01497622,82.05687182,185.2773389,6.98435366,70.28,146.825,147.4889,2.31,Loamy Soil,rice
25.66585205,80.66385045,209.5869708,6.94801983,74.11,144.69303,147.520955,1.54,Loamy Soil,rice
24.28209415,80.30025587,231.0863347,7.042299069,75.03,147.45895,143.8767,1.26,Loamy Soil,rice
21.58711777,82.7883708,276.6552459,6.249050656,77.47,63.07,89.12,1.6,Peaty Soil,rice
23.79391957,80.41817957,206.2611855,6.970859754,71.93,143.037,146.9476,1.32,Loamy Soil,rice
21.8652524,80.28362927,224.5550169,5.953933276,71.87,53.0,68.62,1.1,Peaty Soil,rice
23.57943626,83.58760316,290.7103425,5.85393208,81.9,51.88,73.89,0.83,Acidic Soil,rice
21.32504158,80.47476396,185.4974732,6.442475375,69.2805,73.3,84.36,0.79,Acidic Soil,rice
25.15745531,83.11713476,231.3843163,5.108527114,76.88,42.92,57.0975,2.41,Peaty Soil,rice
21.94766735,80.97384195,213.3560921,6.012632591,71.07,54.6,68.81,1.19,Peaty Soil,rice
21.0525355,82.67839517,233.1075816,6.254028451,72.54,63.25,81.67,2.26,Peaty Soil,rice
23.48381344,81.33265073,224.0581164,7.375482851,73.78,94.98,119.56,1.87,Loamy Soil,rice
25.0756354,80.52389148,257.0038865,7.633567638,78.83,61.01,83.99,1.15,Peaty Soil,rice
26.35927159,84.04403589,271.3586137,6.286500176,83.4,65.34,90.71,1.21,Peaty Soil,rice
24.52922681,80.54498576,260.2634026,7.070959995,78.57,146.9271,144.82815,1.07,Loamy Soil,rice
20.77576147,84.49774397,240.0810647,6.244841491,73.41,63.57,82.39,1.21,Peaty Soil,rice
22.30157427,80.64416466,197.9791215,6.043304899,69.78,55.29,67.59,1.28,Peaty Soil,rice
21.44653958,84.59609431,272.2017204,5.824709117,77.55,51.68,70.88,2.1,Peaty Soil,rice
22.17931888,80.33127223,200.0882787,6.357389366,69.81,67.5,81.52,0.71,Acidic Soil,rice
24.52783742,82.73685569,224.6757231,6.364134968,75.33,69.04,87.11,0.63,Acidic Soil,rice
20.2800712,81.63895217,270.4417274,5.108527114,74.86,42.919,58.16,0.89,Acidic Soil,rice
25.7354293,83.88266234,233.1321372,6.149410611,77.96,59.59,76.54,2.28,Peaty Soil,rice
26.7320648,82.1480873,193.3473987,5.950660556,73.64,53.49,64.57,1.66,Peaty Soil,rice
26.7320648,81.17734011,272.2999056,5.960370061,82.86,53.42,74.92,2.35,Peaty Soil,rice
23.86330467,83.15250801,285.2493645,5.561398642,81.45,47.34,66.44,1.16,Peaty Soil,rice
21.01944696,82.95221726,290.7103425,7.416245107,78.91,89.79,135.59,2.13,Loamy Soil,rice
24.17298839,83.7287574,257.0343554,5.583370042,78.9,47.73,64.19,1.41,Peaty Soil,rice
22.78133816,82.06719137,248.7183228,6.430010215,75.83,73.19,98.18,1.48,Peaty Soil,rice
25.62980105,83.52842314,209.9001977,5.534878156,74.96,47.1,59.1,1.21,Peaty Soil,rice
25.59704938,80.28362927,200.834898,6.903985986,72.89,146.7326,143.952,1.54,Loamy Soil,rice
23.83067496,84.59609431,290.7103425,6.271478838,83.52,64.93,94.64,1.64,Peaty Soil,rice
26.31355498,82.36698992,265.5355937,7.224285503,81.97,140.17,143.84405,1.75,Loamy Soil,rice
24.8972823,80.52586088,185.197438,6.13428721,70.46,57.91,68.29,1.55,Peaty Soil,rice
24.958779,84.47963372,196.9560008,5.206373153,73.07,44.13,57.0975,2.03,Peaty Soil,rice
23.24113501,84.59201843,233.0453455,7.633567638,75.45,62.45,79.73,1.57,Peaty Soil,rice
21.66628296,80.70960551,210.8142087,7.062779015,70.48,140.6822,143.1364,0.95,Loamy Soil,rice
24.63544858,80.41363018,253.7202781,7.633567638,77.92,63.03,86.32,1.22,Peaty Soil,rice
23.43121862,83.06310136,219.9048349,5.286203711,73.78,44.54,57.11,1.89,Peaty Soil,rice
20.2800712,80.3477562,208.5810155,6.766240045,69.2805,133.12,147.520955,2.18,Loamy Soil,rice
23.85724032,82.22572988,195.0948311,7.382762603,71.26,94.45,107.96,1.21,Loamy Soil,rice
21.97199397,81.89918197,227.3637009,5.658169482,72.73,48.31,62.59,0.86,Acidic Soil,rice
26.22916897,83.83625819,286.5083725,5.543360238,83.536,47.27,66.23,0.52,Acidic Soil,rice
23.44676801,84.59609431,283.9338466,6.215109715,81.36,62.41,88.23,1.19,Peaty Soil,rice
25.65553461,83.47021081,217.3788583,7.120272972,75.86,147.45895,144.523,1.74,Loamy Soil,rice
24.44345477,82.45432595,267.9761948,5.950647577,80.01,53.57,74.05,0.85,Acidic Soil,rice
20.2801937,82.1235421,191.9535738,7.236705436,69.2805,134.08,147.520955,1.61,Loamy Soil,rice
21.7238313,80.28362927,277.9626192,6.501697816,76.92,78.31,114.38,0.99,Loamy Soil,rice
20.41447029,82.20802629,245.1511304,7.592490617,72.86,71.62,95.17,2.24,Peaty Soil,rice
25.75528612,83.51827127,245.6626799,5.875345751,79.36,52.28,69.12,1.3,Peaty Soil,rice
20.61521424,83.77345559,279.5451717,6.932400225,76.82,140.233,147.520955,0.96,Loamy Soil,rice
21.84106875,80.72886384,202.3838319,6.946209881,69.82,143.406,145.36423,2.24,Loamy Soil,rice
20.2800712,83.29114712,263.6372176,5.739175027,74.5,49.82,67.88,1.79,Peaty Soil,rice
24.45802087,82.74835604,185.197438,6.738652179,70.53,124.99,133.14,2.02,Loamy Soil,rice
21.14347496,80.33502926,198.6730942,5.594819626,69.2805,47.15,58.85,1.94,Peaty Soil,rice
25.78720567,82.11124033,243.5120414,6.946636369,78.65,144.93,144.942,0.99,Loamy Soil,rice
23.64124821,80.28597873,263.1103304,5.108527114,77.74,42.919,57.65,2.38,Peaty Soil,rice
23.43191632,80.56887849,269.5039162,6.363472208,78.27,67.97,96.45,2.04,Peaty Soil,rice
24.97669518,83.891805,204.8001847,6.880431223,73.84,147.452,140.2401,1.76,Loamy Soil,rice
22.72791041,82.1706881,260.8875056,7.300410836,77.07,112.06,145.43543,2.28,Loamy Soil,rice
24.87300744,82.84022551,290.7103425,6.587918708,83.536,90.31,135.65,1.19,Loamy Soil,rice
21.32376327,83.00320459,192.3197536,7.283736617,69.2805,117.76,130.37,1.67,Loamy Soil,rice
26.29465461,84.56919326,257.4914906,7.023936392,81.81,146.631,140.52,1.38,Loamy Soil,rice
22.2286982,81.85872947,278.0791793,6.939083505,78.11,147.45895,147.13,2.26,Loamy Soil,rice
26.73072391,81.78596776,280.4044392,7.633567638,83.536,58.25,83.05,1.32,Peaty Soil,rice
24.88921174,81.97927117,185.9461429,5.108527114,71.08,42.919,57.0975,1.29,Peaty Soil,rice
26.7320648,81.46033732,194.5766559,6.136131869,73.67,58.29,70.03,2.03,Peaty Soil,rice
22.67846116,83.72874389,200.9133156,7.524080076,71.19,77.93,91.12,2.15,Peaty Soil,rice
26.08867875,80.37979919,185.197438,5.706943251,71.31,48.65,58.86,2.26,Peaty Soil,rice
25.42977518,82.94682591,195.3574542,5.758506323,72.89,50.04,60.98,1.35,Peaty Soil,rice
26.40323239,81.05635517,223.3671883,6.349606327,76.56,67.39,85.79,0.89,Acidic Soil,rice
26.04371967,84.59609431,186.7536773,5.999969026,72.96,55.49,64.9,1.11,Peaty Soil,rice
25.2827223,80.54372813,220.1156708,5.453592032,74.9,45.63,58.98,2.25,Peaty Soil,rice
22.08576562,83.47038318,231.7364957,6.372576327,73.73,69.91,89.25,0.93,Acidic Soil,rice
23.28617173,81.43321641,242.3170629,5.108527114,75.53,42.919,57.0975,0.93,Acidic Soil,rice
25.48591986,81.40633547,185.197438,5.935344406,71.05,52.94,62.87,2.13,Peaty Soil,rice
23.67575393,81.03569343,233.7034975,5.17782304,74.91,43.34,57.1,0.75,Acidic Soil,rice
20.82477109,84.1341879,230.2242223,6.462391607,72.41,76.95,97.1,1.89,Peaty Soil,rice
26.7320648,81.91411159,290.6793783,7.069172227,83.536,141.6931,147.520955,2.15,Loamy Soil,rice
23.83509503,83.88387074,241.2013513,7.473134377,76.79,83.19,107.97,1.2,Loamy Soil,rice
26.52872817,80.28362927,218.9163567,6.158376967,75.85,58.56,74.68,1.39,Peaty Soil,rice
26.46428311,83.85642678,248.2256491,7.549873681,80.6,75.75,100.19,1.12,Peaty Soil,rice
22.69657794,82.81088865,256.9964761,6.028321558,76.84,55.57,75.26,1.5,Peaty Soil,rice
22.68319059,83.46358271,194.2651719,6.604993475,70.43,93.39,105.57,1.52,Loamy Soil,rice
21.53346343,82.14004101,290.7103425,6.500343222,79.08,79.32,118.97,1.7,Loamy Soil,rice
21.40865769,83.3293191,287.5766935,5.935745417,78.5,53.49,76.03,0.9,Acidic Soil,rice
26.54348085,84.59609431,185.197438,7.072655622,72.93,147.45895,141.872,1.24,Loamy Soil,rice
23.35905428,83.59512273,188.413665,5.333322606,70.44,45.05,57.0975,1.53,Peaty Soil,rice
22.61359953,63.69070564,87.75953857,5.749914421,57.02,45.28,49.36,2.33,Acidic Soil,maize
25.97981747,71.57476937,102.2662445,6.865447377,60.1105,144.906,141.688,1.52,Neutral Soil,maize
23.55882094,71.59351368,66.71995467,6.657964753,56.25,92.79,66.01,2.21,Neutral Soil,maize
19.97215954,57.68272924,63.03219202,6.596060648,54.4895,72.84,60.02,2.14,Neutral Soil,maize
18.47891261,62.69503871,65.43835393,5.970458434,54.4895,48.27,48.47,2.12,Acidic Soil,maize
21.77689322,57.80840636,102.0861694,6.158830619,57.14,50.62,56.18,0.99,Acidic Soil,maize
25.6217169,66.50415474,105.4654703,6.047906679,59.98,50.96,54.77,1.88,Acidic Soil,maize
25.19192419,66.6902901,78.06639649,5.913664501,57.29,48.42,49.58,0.53,Acidic Soil,maize
20.41683147,62.5542482,65.27798457,5.855442401,54.63,46.4,47.6,0.62,Acidic Soil,maize
24.92162194,66.78627406,108.5181845,5.750254943,60.1,46.03,51.65,1.34,Acidic Soil,maize
23.31689124,73.4541537,94.29712821,5.852607099,58.97,49.21,50.96,2.36,Acidic Soil,maize
24.84016732,68.3584573,74.05474936,6.472523287,56.99,68.88,58.72,0.93,Acidic Soil,maize
22.27526694,58.84015925,63.87020584,6.865447377,54.65,145.21743,141.688,1.36,Loamy Soil,maize
18.87751445,65.76816093,94.76189431,6.082973754,56.54,51.52,53.78,1.53,Acidic Soil,maize
25.19008683,60.2001687,72.12375573,5.919045532,56.08,46.71,48.9,0.87,Acidic Soil,maize
18.28214391,56.50010826,63.72358154,6.204747653,54.4895,50.85,50.68,0.79,Acidic Soil,maize
24.6129118,70.4162444,104.1626147,6.600827017,60.03,82.92,74.79,2.03,Neutral Soil,maize
25.1420613,65.26185135,76.68456006,6.021902237,56.99,50.02,50.45,2.45,Acidic Soil,maize
23.09348056,60.1159381,65.49730729,6.033550195,55.05,48.66,49.04,0.71,Acidic Soil,maize
18.28214391,62.89366992,84.23613484,6.28886807,55.31,56.53,55.79,1.16,Acidic Soil,maize
24.9321581,73.59052499,79.74078719,6.550563823,58.15,79.26,63.66,1.08,Neutral Soil,maize
18.28214391,71.09445342,88.07753741,5.588426629,56.31,44.95,48.23,2.37,Acidic Soil,maize
18.28362235,66.65952796,80.97573281,6.829199275,55.48,145.21743,103.21,0.66,Loamy Soil,maize
18.83344471,58.75082029,79.7532896,5.716222912,54.9,43.825,48.28,0.95,Acidic Soil,maize
25.71895816,67.22190688,74.51490791,5.588426629,57.16,43.91,46.85,0.65,Acidic Soil,maize
25.33797709,68.49835977,96.46380213,6.586244581,59.3,79.67,71.09,1.26,Neutral Soil,maize
23.89114571,57.48775781,102.8301942,5.893093135,57.85,45.58,52.39,2.09,Acidic Soil,maize
21.53574127,71.50905983,102.4852929,5.918263801,58.77,49.83,52.63,2.11,Acidic Soil,maize
23.08974909,63.10459626,70.43473609,5.588650585,55.7,43.825,46.84,0.81,Acidic Soil,maize
25.61707368,63.4711755,108.5181845,6.576418207,59.83,74.95,74.26,1.61,Loamy Soil,maize
21.44526922,63.1621551,65.88951188,6.178056304,54.96,53.05,50.69,1.57,Acidic Soil,maize
18.51816776,56.50010826,90.988051,6.641906353,55.2,76.52,73.88,1.17,Neutral Soil,maize
22.53510514,67.99257471,64.40866039,6.489040367,55.48,69.92,56.81,1.54,Acidic Soil,maize
23.02038334,61.89472002,63.03843397,5.680361038,54.99,44.07,46.84,1.74,Acidic Soil,maize
24.89364635,65.61418761,87.9298085,6.625404348,57.98,82.55,71.3,2.16,Neutral Soil,maize
25.77175115,73.59052499,107.4931917,6.524478032,60.1105,76.74,70.14,0.95,Loamy Soil,maize
19.39851734,62.35750641,63.03219202,5.696205468,54.4895,44.35,46.84,0.98,Acidic Soil,maize
21.54156232,59.64024162,108.5181845,6.803931519,57.83,121.25,114.63,2.17,Neutral Soil,maize
23.79746068,73.59052499,91.76337172,6.252797548,59.08,60.04,56.37,2.17,Acidic Soil,maize
18.9802729,73.59052499,94.26249353,6.092725883,57.41,54.64,53.85,1.51,Acidic Soil,maize
24.10859207,73.13112261,71.07562236,6.234330356,56.96,58.65,52.38,1.9,Acidic Soil,maize
24.7947077,70.04556743,76.72860067,5.722579819,57.4,46.45,48.01,2.17,Acidic Soil,maize
21.63162756,60.27766379,69.21803098,6.430616465,55.01,61.76,56.21,1.97,Acidic Soil,maize
25.37548751,57.21025565,101.7004306,5.983952675,58.2,46.89,53.35,0.52,Acidic Soil,maize
22.21738222,72.85462807,106.6213157,6.80163854,59.59,140.18,111.67,0.97,Neutral Soil,maize
20.58314011,69.00128641,66.29390357,6.499936446,55.23,71.4,57.68,1.02,Acidic Soil,maize
24.87502824,68.74248334,91.26056654,6.265564338,58.67,58.08,56.57,1.74,Acidic Soil,maize
20.03728219,56.50010826,108.5181845,6.727303282,56.84,92.0,93.31,2.21,Neutral Soil,maize
25.95263264,61.89082199,99.57981207,6.325235159,58.89,57.52,59.68,1.3,Acidic Soil,maize
19.28889933,65.47050802,71.3195307,6.807487794,55.0,132.03,89.4,0.97,Loamy Soil,maize
20.57981887,65.34583901,78.34604471,6.671085817,55.85,89.6,71.76,1.37,Loamy Soil,maize
24.71417533,56.73426469,88.45361858,6.648725327,56.89,78.45,73.57,2.12,Neutral Soil,maize
20.27317074,63.91281869,63.03219202,6.439071996,54.5,64.18,54.86,1.27,Acidic Soil,maize
18.41932981,64.23580251,76.41312437,6.474476516,55.02,66.67,59.39,2.26,Acidic Soil,maize
23.39128187,61.74427165,107.3198135,5.871647806,58.61,46.42,52.68,1.93,Acidic Soil,maize
19.84939404,61.24500053,100.7689246,5.730617109,56.81,44.47,50.58,0.52,Acidic Soil,maize
21.869274,61.91044947,107.2681929,5.850439831,58.07,46.16,52.44,1.73,Acidic Soil,maize
22.8056033,56.50768935,101.5952794,5.791649933,57.27,44.03,51.21,0.88,Acidic Soil,maize
19.0781471,69.02298571,80.72515943,6.740000688,55.91,109.64,81.4,1.72,Neutral Soil,maize
22.02720976,65.35549924,83.73280082,6.272417541,56.7,56.95,55.34,1.44,Acidic Soil,maize
23.80546189,59.24537979,89.9622014,5.715208817,57.05,43.83,49.34,0.59,Acidic Soil,maize
18.52510753,69.0276233,88.10234397,5.773454729,56.26,46.88,49.58,1.79,Acidic Soil,maize
23.50297882,61.32026065,64.77791424,5.588426629,55.19,43.825,46.84,1.37,Acidic Soil,maize
25.97981747,72.89187265,73.33636055,5.787268394,57.88,48.03,48.06,0.83,Acidic Soil,maize
19.29563411,69.63481219,83.21030571,5.77597783,56.21,47.07,49.06,2.35,Acidic Soil,maize
20.68899915,59.4375337,103.651438,6.864793607,57.08,140.858,141.688,0.75,Neutral Soil,maize
19.32666088,68.034493,84.22969177,6.192360003,56.15,55.27,53.91,2.03,Acidic Soil,maize
24.60532218,73.58868502,96.59195302,6.636803223,59.72,90.78,75.46,1.57,Neutral Soil,maize
22.27373646,59.52193158,67.96704792,5.826426917,55.01,45.22,47.72,0.91,Acidic Soil,maize
25.70196694,61.33450447,83.20711308,6.865447377,57.29,145.1194,141.66,2.46,Neutral Soil,maize
19.20129357,68.30578978,87.85092352,6.11275104,56.4,53.1,53.2,2.0,Acidic Soil,maize
21.70181447,60.47470519,95.71388473,6.708446922,56.98,92.23,83.77,1.14,Loamy Soil,maize
20.51716779,59.21235483,67.61013737,5.588426629,54.56,43.825,46.84,2.01,Acidic Soil,maize
23.30355338,73.59052499,97.59081274,5.873242491,59.3,49.6,51.55,0.53,Acidic Soil,maize
24.2547451,56.50010826,64.23845455,6.865447377,54.82,145.21743,141.688,1.42,Neutral Soil,maize
24.86374934,65.7420046,75.82270467,5.714799723,56.89,45.35,47.87,1.32,Acidic Soil,maize
22.6265115,65.77472881,88.17251033,6.78073637,57.29,119.99,93.62,1.02,Loamy Soil,maize
18.28214391,60.61494304,104.2321615,5.588426629,56.33,43.825,49.35,1.67,Acidic Soil,maize
23.26237612,72.33125523,67.10225139,5.798423908,56.27,48.06,47.45,1.82,Acidic Soil,maize
22.88330922,71.59722446,67.72777298,6.352471866,56.16,63.17,53.95,0.84,Acidic Soil,maize
25.97482359,69.36385721,103.2234212,6.822586546,60.1105,145.21743,117.58,0.91,Loamy Soil,maize
25.97981747,66.20569924,107.2361366,6.655426355,60.1105,87.64,81.5,1.5,Loamy Soil,maize
18.66116213,61.55327249,75.03247667,6.121294041,54.79,51.01,51.39,1.91,Acidic Soil,maize
25.10787449,56.50010826,78.16077693,5.790770203,56.1,43.89,48.62,1.63,Acidic Soil,maize
23.33844615,59.24580604,105.0083144,6.47444292,58.07,63.82,66.64,1.39,Acidic Soil,maize
25.08239719,65.92195844,63.03219202,6.455116637,55.74,66.3,55.29,1.66,Acidic Soil,maize
25.36768364,72.52054555,107.9124111,6.606984086,60.1105,85.36,76.61,1.18,Neutral Soil,maize
25.34217103,63.31801994,74.52082026,6.330554389,56.64,58.37,54.84,1.15,Acidic Soil,maize
25.00933355,67.816568,63.03219202,6.528631266,55.93,73.16,57.8,2.32,Neutral Soil,maize
18.66746724,71.516474,69.93293255,5.721667141,55.19,46.78,47.29,2.23,Acidic Soil,maize
20.37999665,63.73849998,108.5054416,6.644205485,57.83,83.74,80.66,1.08,Neutral Soil,maize
18.28214391,72.61024172,78.96159541,6.376651091,55.76,64.95,56.89,1.66,Acidic Soil,maize
25.97981747,71.96246617,79.84925393,6.247040422,58.35,58.67,54.14,1.44,Acidic Soil,maize
18.65396672,61.37879671,93.62039175,6.656730008,55.96,83.64,76.36,1.83,Neutral Soil,maize
25.97981747,59.37147589,85.75692395,6.2048017,57.38,52.4,54.38,1.07,Acidic Soil,maize
18.92851916,72.80086137,82.34162918,6.158860284,56.3,55.97,53.05,0.99,Acidic Soil,maize
23.30546753,63.24648023,108.5181845,6.385684214,58.91,60.89,63.61,1.18,Acidic Soil,maize
18.74826712,62.49878458,70.23401597,6.417820493,54.57,62.21,56.09,2.32,Acidic Soil,maize
19.74213321,59.66263104,65.50861389,6.381201909,54.4895,58.93,54.12,1.34,Acidic Soil,maize
25.73044432,70.74739256,98.73771338,6.865447377,59.99,145.21743,141.688,0.7,Loamy Soil,maize
29.36792366,76.24900101,92.82840911,6.149934034,61.55,56.91,54.56,0.89,Acidic Soil,banana
27.33368994,83.67675197,101.0494791,5.849076099,62.84,51.81,51.71,0.76,Acidic Soil,banana
27.40053601,82.96221306,104.9378,6.276800323,63.25,64.41,59.35,1.26,Acidic Soil,banana
29.3159075,80.11585705,90.80524328,5.926824754,61.76,52.4,51.2,2.13,Acidic Soil,banana
26.05433004,79.39654531,113.2297373,5.571082542,63.01,46.388,50.19,0.51,Acidic Soil,banana
25.86632408,84.42379269,114.5357503,6.079178788,63.9,57.5,56.58,0.92,Acidic Soil,banana
27.00932084,80.18546798,97.32531705,6.13465588,61.71,57.8,55.0,2.37,Acidic Soil,banana
29.42156793,78.06762846,99.34482238,5.808497604,62.73,49.66,51.12,2.01,Acidic Soil,banana
26.28845991,83.390039,113.8729798,5.891458107,63.87,52.57,53.7,2.48,Peaty Soil,banana
29.16226551,76.16151562,100.0075679,5.816622479,62.34,49.31,51.27,2.49,Peaty Soil,banana
28.65003945,82.68752542,98.75084366,5.843163161,63.0,51.44,51.38,1.42,Acidic Soil,banana
29.07311132,76.50045221,100.1692639,6.376756633,62.38,66.82,61.43,1.79,Acidic Soil,banana
28.08166093,76.10953962,118.2761894,5.623615687,63.89,46.4,51.46,1.54,Acidic Soil,banana
27.1994597,78.8086068,99.72430835,5.91505509,61.88,51.79,52.26,0.86,Acidic Soil,banana
28.05484146,78.04602887,108.3957179,6.435792374,63.19,73.26,61.791,0.53,Acidic Soil,banana
25.14748006,83.34688193,98.66679427,5.571082542,61.49,47.42,49.341,1.56,Peaty Soil,banana
25.94019018,78.3422098,118.9970203,6.211833161,63.53,59.82,60.27,1.62,Peaty Soil,banana
27.66752761,79.68542782,108.66464,6.435792374,63.31,73.272,61.791,1.42,Acidic Soil,banana
25.56703012,76.10953962,102.7867717,5.590236025,61.09,46.388,49.72,2.08,Acidic Soil,banana
28.6956201,82.54195839,116.1616839,6.225225239,64.9805,61.96,59.99,1.87,Peaty Soil,banana
26.33544853,76.8532006,118.6858263,6.190757459,63.35,58.49,59.56,1.97,Acidic Soil,banana
25.93730186,78.89864446,98.21747528,5.915568968,61.17,51.83,52.08,2.39,Acidic Soil,banana
25.14736487,84.51753456,91.46442491,6.195152442,60.84,61.64,55.15,1.05,Acidic Soil,banana
27.50527651,80.79783998,105.0776992,6.156373499,62.97,58.73,56.61,0.73,Acidic Soil,banana
26.21009246,82.34429458,112.0700033,6.313197204,63.44,65.97,61.76,1.95,Acidic Soil,banana
29.10403455,79.19588629,92.07835761,6.324270089,61.79,65.16,58.17,0.54,Acidic Soil,banana
29.2440638,77.32017166,90.80524328,5.707488987,61.39,47.95,49.35,0.67,Acidic Soil,banana
25.56202173,77.38229006,93.10247183,6.119216009,60.8395,56.36,54.09,0.92,Acidic Soil,banana
26.3985515,81.36028902,98.16752001,5.571401169,61.71,47.09,49.341,1.96,Peaty Soil,banana
28.09577643,77.79586769,109.5408614,5.63127166,63.3,47.05,50.67,1.02,Acidic Soil,banana
27.84767901,83.31110751,117.2878912,6.101241579,64.9805,57.81,57.4,1.0,Acidic Soil,banana
27.39341554,81.4654833,94.31102057,6.435792374,61.69,73.272,61.791,0.8,Acidic Soil,banana
25.14736487,81.38204104,118.9970203,6.098369122,63.55,57.08,57.63,0.54,Acidic Soil,banana
28.65456263,79.28693687,102.4633775,5.695267822,62.93,48.23,50.47,1.17,Acidic Soil,banana
29.16093424,76.67484233,109.575944,5.618094446,63.61,46.65,50.57,1.77,Acidic Soil,banana
27.57278064,82.0638878,91.34276507,6.435785799,61.48,73.272,61.59,1.71,Acidic Soil,banana
25.40909896,82.36208097,112.9794804,6.176644228,63.14,60.01,58.3,1.28,Acidic Soil,banana
25.99069521,83.33983116,112.0777152,6.220643671,63.49,62.08,59.17,0.61,Acidic Soil,banana
26.29039046,81.06003778,118.6730366,5.871702211,64.05,51.55,54.02,1.69,Peaty Soil,banana
29.14827211,78.71024836,117.536781,6.390741836,64.98,68.76,61.791,2.03,Acidic Soil,banana
26.59743595,79.35898915,107.3944717,6.21084479,62.59,60.17,58.15,0.53,Acidic Soil,banana
25.36059237,76.10953962,116.5531455,6.012696655,62.32,52.8,55.74,1.59,Acidic Soil,banana
29.12036889,80.18080728,112.3982055,5.908770059,64.58,52.04,53.73,1.05,Acidic Soil,banana
27.53911354,77.25629897,110.3262123,6.049801781,63.04,54.39,55.48,0.51,Acidic Soil,banana
29.42156793,83.51014178,110.2511102,6.010095853,64.9805,55.31,54.85,1.95,Acidic Soil,banana
25.14736487,84.51753456,110.4408803,5.738678895,63.06,50.21,51.67,2.38,Acidic Soil,banana
25.86824781,78.52399914,116.3019555,5.74055541,63.12,48.7,52.31,1.83,Acidic Soil,banana
25.85036988,81.95580471,118.9970203,5.793260262,64.02,50.37,53.16,1.96,Peaty Soil,banana
26.51682337,77.79913575,108.8547508,5.571082542,62.48,46.388,49.74,2.38,Acidic Soil,banana
28.66725136,79.59242542,118.2583441,5.986442306,64.9805,53.56,55.56,1.41,Peaty Soil,banana
28.14938935,81.54448882,91.40508414,5.790768046,61.66,50.23,50.08,2.06,Peaty Soil,banana
26.42313317,83.6995044,95.12322062,5.915546415,61.69,53.15,51.7,1.11,Acidic Soil,banana
26.59386409,81.40740301,109.9825551,6.242528278,63.23,62.24,59.36,1.41,Acidic Soil,banana
27.71822477,76.57853189,102.2099836,6.036079266,62.05,53.83,54.14,1.47,Acidic Soil,banana
28.98333432,82.95958244,109.022564,5.829898502,64.56,51.27,52.42,1.84,Peaty Soil,banana
29.42017919,83.96754496,117.229079,6.088064451,64.9805,57.62,57.14,2.14,Acidic Soil,banana
27.39872329,81.10523402,112.1355384,6.435792374,63.84,73.272,61.791,0.67,Acidic Soil,banana
26.4020227,84.41007614,111.0162259,5.720726906,63.75,49.79,51.57,1.92,Acidic Soil,banana
27.81251452,82.69285419,99.20961514,5.80766417,62.68,50.81,51.09,2.02,Acidic Soil,banana
25.19640218,83.55829874,115.8586081,5.703381728,63.55,49.33,51.91,1.97,Peaty Soil,banana
28.31193338,76.10953962,118.9970203,6.165001278,64.27,57.22,59.11,1.72,Acidic Soil,banana
25.90113128,80.47152737,110.10323,6.002481605,62.75,54.2,54.72,1.57,Peaty Soil,banana
27.48612983,76.11239849,109.2768851,6.212369363,62.7,58.99,58.5,2.08,Acidic Soil,banana
29.38254012,83.50423735,109.2486647,5.765308943,64.89,50.29,51.8,1.22,Peaty Soil,banana
29.22118628,81.08183635,108.8616474,5.740764682,64.33,49.32,51.53,1.48,Acidic Soil,banana
27.09062164,81.33506906,110.1331182,5.879119455,63.48,51.77,53.1,1.68,Acidic Soil,banana
26.12643374,81.81365007,104.4812858,6.099478745,62.41,57.26,55.47,1.08,Acidic Soil,banana
29.01207743,77.95192527,90.80524328,5.674403359,61.36,47.64,49.341,2.46,Acidic Soil,banana
27.96799119,79.28625709,118.9970203,5.694243847,64.72,48.22,52.2,1.92,Peaty Soil,banana
28.0764455,76.10953962,118.9923573,5.905494703,64.12,50.85,54.5,2.28,Acidic Soil,banana
25.16278237,84.51753456,90.94554618,6.110844721,60.8395,58.67,53.64,1.57,Acidic Soil,banana
25.78749808,84.51194224,114.2005455,6.020445317,63.83,55.88,55.54,2.01,Peaty Soil,banana
25.34119774,84.47321314,91.06493353,6.435792374,60.8395,73.272,61.53,2.32,Acidic Soil,banana
29.42156793,78.34971537,96.45042585,5.571082542,62.36,46.388,49.341,2.07,Acidic Soil,banana
26.47522633,78.51833782,113.1161095,5.677719902,63.06,47.81,51.41,2.23,Acidic Soil,banana
27.39489579,83.31172003,92.78133617,5.719014989,61.76,49.51,49.66,1.65,Acidic Soil,banana
25.14736487,80.261731,94.32961456,6.275572298,60.8395,63.24,57.36,1.12,Acidic Soil,banana
26.6719835,76.48541655,91.73358569,6.275384607,60.8395,61.67,56.88,2.02,Acidic Soil,banana
25.44926208,79.49221962,100.6619171,6.201911642,61.31,59.88,56.82,1.46,Acidic Soil,banana
28.22776705,80.6430384,98.00403016,5.758054257,62.39,49.48,50.52,1.48,Acidic Soil,banana
28.1279509,77.48247073,103.5045395,6.323933647,62.53,64.38,60.41,1.15,Acidic Soil,banana
28.9470467,82.1888998,95.83016448,5.901100841,62.67,52.44,51.63,1.91,Acidic Soil,banana
27.96236771,84.15403614,97.55986676,5.644486582,62.75,48.62,49.6,2.31,Acidic Soil,banana
28.00316034,78.90085998,94.68180316,6.235461772,61.62,60.96,56.51,0.8,Acidic Soil,banana
29.1400919,80.1190228,90.80524328,6.28236237,61.73,63.49,56.81,1.07,Acidic Soil,banana
27.9122104,83.36307683,90.80524328,6.356090905,61.67,68.84,58.69,2.41,Acidic Soil,banana
25.43480512,81.53977797,96.47800391,5.837258235,61.12,51.04,51.06,1.98,Acidic Soil,banana
28.55980972,84.51602322,111.0843029,5.653437902,64.9,48.83,51.0,1.27,Acidic Soil,banana
26.59580783,82.99556744,100.5123341,5.727469947,62.33,49.57,50.53,0.7,Acidic Soil,banana
27.19711623,77.3970629,99.46950465,6.200111068,61.63,59.03,56.58,1.95,Acidic Soil,banana
25.29391516,79.29122198,105.4220251,5.614471478,61.75,47.17,50.15,0.92,Acidic Soil,banana
29.42156793,76.98740841,91.99964712,6.257369799,61.77,61.1,56.52,1.24,Acidic Soil,banana
27.94972463,76.63713353,109.0921631,6.037430836,62.98,53.89,55.11,2.28,Acidic Soil,banana
25.14736487,78.76260938,108.3690513,5.760457558,61.86,49.06,51.66,0.99,Acidic Soil,banana
29.21144871,84.51753456,108.5501443,6.158164422,64.92,60.18,57.19,2.2,Acidic Soil,banana
27.35911627,84.51753456,90.81250457,6.387431383,61.67,71.41,59.77,1.09,Acidic Soil,banana
28.0106804,76.52808057,103.7040783,5.891413895,62.35,50.71,52.47,2.37,Acidic Soil,banana
28.67208915,82.20793613,94.37987496,5.725418961,62.36,49.35,49.87,2.14,Acidic Soil,banana
27.34585147,78.4873835,92.15524332,6.281069505,60.99,62.75,57.09,1.14,Acidic Soil,banana
29.42156793,78.20585613,98.12565829,5.571082542,62.58,46.388,49.341,0.87,Acidic Soil,banana
29.73770045,47.54885174,90.09586854,5.954626604,57.08,43.65,51.49,0.63,Acidic Soil,mango
33.55695561,53.72979826,98.67527561,4.757114897,59.709,37.19,45.87,1.88,Acidic Soil,mango
27.35003104,47.67525434,95.85118326,5.699586972,56.86,41.0,49.83,1.95,Acidic Soil,mango
33.56150184,45.56457891,95.70525913,5.977413803,58.13,43.36,52.48,1.79,Acidic Soil,mango
35.54334133,54.25964196,92.19721736,6.430139436,59.709,58.56,61.57,0.91,Acidic Soil,mango
34.17719782,50.62161586,98.00687989,6.113935087,59.42,47.14,54.75,0.6,Acidic Soil,mango
30.01592643,53.19212381,97.72843182,5.074272692,58.67,38.29,46.77,0.84,Acidic Soil,mango
31.74592134,45.56457891,93.75441586,5.667507706,57.47,40.17,49.38,2.41,Acidic Soil,mango
35.54334133,52.22780489,95.3713484,5.978634285,59.709,45.34,52.45,2.42,Acidic Soil,mango
31.86641378,52.19331595,98.46768642,5.064613314,59.1,38.09,46.78,2.18,Acidic Soil,mango
27.75518664,52.34605806,94.11213345,4.772385986,57.6,37.05,45.63,1.17,Acidic Soil,mango
34.72413192,51.4271781,97.31258083,5.161148592,59.65,38.39,47.06,1.62,Acidic Soil,mango
27.53907547,53.63549533,99.35408185,6.797779227,58.15,109.57,105.51,2.03,Loamy Soil,mango
27.69637763,48.5622488,89.97405421,6.39474303,56.8575,54.07,59.79,1.17,Acidic Soil,mango
27.35003104,52.66319725,91.87312479,5.566704378,57.33,41.02,48.55,1.7,Peaty Soil,mango
30.33723921,48.88704844,94.42850522,5.755049971,57.78,41.78,50.11,0.52,Acidic Soil,mango
31.85744939,45.56457891,91.55845821,5.417340525,57.38,38.63,47.71,1.1,Acidic Soil,mango
35.39986338,49.45962621,97.41054011,6.166173834,59.48,47.79,55.58,1.2,Acidic Soil,mango
29.80747243,52.13797867,95.74606104,5.191265116,58.27,38.65,47.06,2.38,Acidic Soil,mango
34.16438906,54.16482251,98.33351125,4.954739564,59.709,37.94,46.41,1.57,Peaty Soil,mango
28.93270187,47.94053996,99.9834242,5.664587011,57.7,40.77,49.98,1.21,Acidic Soil,mango
27.98392787,53.33018851,99.61465679,5.548584852,58.26,41.02,49.15,1.73,Acidic Soil,mango
31.20478173,54.39642503,94.62954663,6.804437106,58.94,113.6,104.52,2.02,Neutral Soil,mango
32.13409675,50.52559148,98.63333684,6.097869767,58.9,46.8,54.58,2.33,Acidic Soil,mango
28.91862016,48.13974548,97.01331604,5.075504537,57.5,37.5,46.72,0.95,Acidic Soil,mango
31.09779147,47.41196659,90.28624348,4.66817978,57.4,36.324,45.3595,1.14,Acidic Soil,mango
34.73823882,49.08864345,90.65022183,5.855119268,58.59,42.86,50.56,0.92,Acidic Soil,mango
29.98080499,49.48613279,91.82271568,6.442393461,57.57,56.62,61.96,2.11,Acidic Soil,mango
33.80398664,46.12866113,90.82549241,4.66817978,57.87,36.324,45.3595,1.86,Acidic Soil,mango
30.07202564,50.96040505,92.09609766,6.10729559,57.84,47.13,53.76,2.14,Acidic Soil,mango
27.92063282,51.77965917,100.2181868,6.47544932,58.05,59.61,65.48,1.78,Peaty Soil,mango
31.40948821,49.21729127,92.99739415,6.815484072,57.99,113.824,108.787,1.46,Neutral Soil,mango
35.54334133,51.94190321,100.2160615,5.395275719,59.709,39.71,48.33,1.11,Peaty Soil,mango
33.36140093,45.56457891,98.81596545,6.13526938,58.25,45.62,55.24,1.86,Acidic Soil,mango
35.54334133,48.69677802,98.00644238,4.66817978,59.53,36.324,45.3595,1.58,Acidic Soil,mango
28.33333307,51.39586505,91.67241761,6.434197756,57.42,57.25,61.6,0.86,Acidic Soil,mango
32.27652024,50.19368841,95.99487068,5.316875978,58.64,38.95,47.6,0.56,Acidic Soil,mango
31.99490489,50.84881347,97.38741498,5.279388967,58.8,38.87,47.55,1.83,Peaty Soil,mango
27.58258929,48.56916221,95.8445641,6.720041791,57.13,82.05,85.65,1.33,Loamy Soil,mango
29.38471637,45.88744691,100.2181868,5.72742254,57.55,40.82,50.56,0.82,Acidic Soil,mango
32.38697531,53.2328243,90.21633216,4.691396195,58.64,36.92,45.3595,1.21,Acidic Soil,mango
30.91471455,49.92963856,90.14047759,6.810186079,57.73,108.91,103.32,0.94,Neutral Soil,mango
35.37775595,45.58110023,97.41586402,6.454045329,58.73,55.05,63.79,1.68,Acidic Soil,mango
32.32362177,52.5896771,93.36718816,5.842763773,58.82,43.63,50.76,0.76,Acidic Soil,mango
28.22373428,47.40519056,97.76832322,5.024124684,57.27,37.2,46.6,1.59,Acidic Soil,mango
27.35003104,47.16808054,95.257992,6.422710539,56.8575,54.51,62.0,1.92,Acidic Soil,mango
27.35003104,50.70880979,92.37238878,4.94295037,57.05,37.4,45.99,1.7,Peaty Soil,mango
34.89226666,48.75613373,91.63074547,6.414526606,58.66,54.98,60.87,1.36,Acidic Soil,mango
33.7462686,48.50387598,92.26439205,6.777788126,58.39,95.48,95.36,1.84,Neutral Soil,mango
27.3511056,54.39642503,96.27792547,6.441328044,57.96,59.23,62.98,1.12,Acidic Soil,mango
32.89300162,52.61323969,94.49161372,4.66817978,59.08,36.72,45.36,0.63,Acidic Soil,mango
35.38598705,51.42664176,90.29643888,5.254532213,59.13,38.84,46.9,1.9,Peaty Soil,mango
27.5529736,47.90859131,90.40332704,5.910634533,56.8575,43.19,51.06,0.98,Acidic Soil,mango
32.82141065,47.45553843,90.89173106,4.755273631,57.86,36.34,45.4,2.09,Peaty Soil,mango
30.17294105,51.0845903,95.23444287,6.814630246,58.16,112.67,108.5,0.57,Neutral Soil,mango
29.26382931,54.39642503,100.2181868,5.342866119,58.98,39.92,48.11,1.58,Acidic Soil,mango
32.06097197,51.08494181,96.59816497,6.336234624,58.79,53.09,59.4,0.77,Acidic Soil,mango
28.69818144,47.71875722,99.642454,4.754435025,57.58,36.38,45.92,1.34,Acidic Soil,mango
29.14305008,49.40983294,97.55155537,6.815484072,57.8,113.824,108.787,0.58,Loamy Soil,mango
28.3471611,53.53903102,90.40260445,6.815484072,57.62,113.824,108.787,0.67,Neutral Soil,mango
27.67256197,45.56457891,92.84991507,4.947683034,56.8575,36.64,46.03,2.05,Acidic Soil,mango
28.1218093,46.16888595,93.30247448,5.630619901,56.8575,40.11,49.08,1.75,Acidic Soil,mango
30.79375683,46.69536813,92.21318555,6.27339822,57.37,49.28,56.92,1.2,Acidic Soil,mango
28.89409382,54.39642503,94.76322976,6.472774648,58.34,61.19,63.97,2.27,Peaty Soil,mango
33.33024826,45.61143594,98.28583013,6.815484072,58.3,113.824,108.787,2.43,Neutral Soil,mango
27.78912455,53.96886679,91.01152997,5.643710216,57.58,41.94,48.95,2.47,Acidic Soil,mango
31.65333432,48.20662669,91.09745581,6.392313973,57.72,53.8,59.99,1.79,Acidic Soil,mango
29.75150773,46.73723302,91.405983,4.981816523,57.06,36.95,46.04,1.58,Acidic Soil,mango
31.32995611,50.22287593,89.97405421,5.421265283,57.85,39.54,47.58,0.99,Acidic Soil,mango
35.54334133,48.97047762,97.51952041,6.815484072,59.45,113.824,108.787,2.04,Loamy Soil,mango
31.66524687,51.98594645,89.98024312,5.435840509,58.23,39.97,47.67,0.8,Acidic Soil,mango
32.26935342,53.56092806,95.94035356,5.870116071,59.21,44.22,51.32,1.27,Acidic Soil,mango
27.81005614,51.59445462,95.89898581,4.74910393,57.64,36.88,45.68,0.73,Acidic Soil,mango
34.58561471,50.34035336,100.2181868,5.497946899,59.7,40.05,48.9,1.11,Peaty Soil,mango
31.27180992,52.23810152,89.97405421,6.811291098,58.14,113.05,103.41,1.98,Loamy Soil,mango
33.93679864,52.72170281,97.4611918,6.460542749,59.69,59.32,64.09,1.43,Acidic Soil,mango
31.09154239,47.02058367,91.46664318,4.791146778,57.43,36.39,45.52,1.14,Acidic Soil,mango
31.89356292,49.02450149,89.97405421,6.4841522,57.78,58.51,63.16,1.51,Acidic Soil,mango
32.45465292,50.69693751,95.04871605,6.526654345,58.69,62.13,66.77,1.9,Neutral Soil,mango
35.47478322,47.97230503,97.79072474,6.279133738,59.25,49.96,58.09,1.54,Acidic Soil,mango
27.35003104,49.30347234,93.53197359,6.052026047,57.0,45.6,53.16,1.97,Acidic Soil,mango
30.90225239,49.95955487,91.77522598,5.73171945,57.87,41.82,49.65,2.01,Peaty Soil,mango
29.09382275,45.5661059,96.23520043,5.32307197,57.09,38.15,47.65,1.27,Acidic Soil,mango
30.02086169,46.78393776,96.63721027,4.66910839,57.54,36.324,45.53,1.57,Peaty Soil,mango
34.13072188,51.25786185,96.38808001,5.101206389,59.37,38.1,46.77,0.5,Acidic Soil,mango
33.44619894,53.05980465,98.05089394,5.339556562,59.67,39.59,47.87,1.28,Acidic Soil,mango
35.3915464,52.48823147,91.22881052,5.061081874,59.42,38.12,46.27,1.61,Acidic Soil,mango
31.53356352,53.06009323,98.57025046,5.821106036,59.16,43.5,51.15,1.94,Acidic Soil,mango
30.7645515,47.93791463,90.38503469,5.956027059,57.41,43.78,51.54,1.2,Peaty Soil,mango
30.01821337,50.0983181,96.08745082,5.676032581,58.03,41.35,49.68,2.01,Acidic Soil,mango
31.32863689,47.59319575,94.67344737,6.524114355,57.84,60.0,66.53,1.51,Loamy Soil,mango
33.88004781,54.39416048,89.97405421,6.273953676,59.14,52.48,56.4,2.15,Acidic Soil,mango
28.07802689,54.39642503,97.45373619,6.128167757,58.36,48.91,54.9,0.6,Acidic Soil,mango
35.53845018,52.94641947,91.54560427,4.934964765,59.57,37.69,45.91,2.05,Peaty Soil,mango
28.70595247,50.44030129,95.8946444,5.445008416,57.71,39.73,48.22,0.66,Acidic Soil,mango
31.48451729,48.77926304,93.17221967,4.66817978,57.95,36.324,45.3595,2.42,Acidic Soil,mango
27.69819273,51.41593238,100.2181868,5.403908328,57.97,39.66,48.42,1.07,Peaty Soil,mango
30.41235793,52.48100602,93.92375879,6.621623545,58.33,71.61,73.1,1.63,Neutral Soil,mango
32.17752026,54.01352682,91.88766069,6.207495815,58.87,50.45,55.46,1.01,Acidic Soil,mango
32.6112614,47.74916499,91.10190759,5.418475257,57.88,39.06,47.68,1.91,Acidic Soil,mango
27.57826922,94.11878202,28.08253201,6.741269235,54.05,134.7555,52.986,0.89,Neutral Soil,muskmelon
27.82054812,93.03555162,26.32405487,6.528404378,53.79,89.18,47.44,2.18,Neutral Soil,muskmelon
29.09910406,94.22237826,22.52497327,6.741269235,53.43,134.7555,52.02,1.17,Loamy Soil,muskmelon
28.04943594,90.83130708,20.76223014,6.562832807,52.97,92.33,46.33,1.33,Loamy Soil,muskmelon
29.87386051,94.55695552,28.16057247,6.117530021,54.3405,62.15,44.25,0.73,Acidic Soil,muskmelon
29.86895762,93.25103208,26.26243014,6.076459669,54.06,60.29,43.79,1.8,Peaty Soil,muskmelon
29.17220859,92.21405224,21.30290472,6.293486295,53.18,69.16,44.02,2.37,Acidic Soil,muskmelon
29.24908541,90.32731875,25.93496537,6.069171847,53.8,59.03,43.71,0.93,Acidic Soil,muskmelon
27.76317235,90.35567642,25.21609113,6.740983646,53.51,134.65,52.98,0.56,Loamy Soil,muskmelon
28.82629037,94.26765349,26.23838511,6.201797639,53.96,65.43,44.38,2.48,Acidic Soil,muskmelon
28.52379742,92.09688432,28.99196777,6.041027474,54.3405,58.81,44.15,2.09,Peaty Soil,muskmelon
29.06785065,90.97685539,28.99196777,6.040559392,54.28,58.8005,43.96,2.41,Peaty Soil,muskmelon
29.08417927,90.73891887,25.33014238,6.704104127,53.71,122.0,51.41,1.88,Loamy Soil,muskmelon
28.47090661,94.79016045,21.08484101,6.494251024,53.16,86.23,45.56,1.39,Acidic Soil,muskmelon
28.27973674,90.38971208,21.58992507,6.224535449,53.07,64.97,43.71,2.26,Peaty Soil,muskmelon
28.47212559,91.21322065,20.88620369,6.160414414,53.01,62.59,43.32,2.03,Acidic Soil,muskmelon
29.68846716,94.30111601,26.83924845,6.168757984,54.17,64.03,44.31,2.36,Acidic Soil,muskmelon
27.11398694,91.66737633,21.26034986,6.085444691,52.97,60.07,43.316,1.05,Acidic Soil,muskmelon
29.09588297,94.16748386,26.70581328,6.159050816,54.07,63.59,44.23,2.36,Acidic Soil,muskmelon
29.69238699,92.58862544,28.99196777,6.606033244,54.3405,100.5,49.85,0.57,Loamy Soil,muskmelon
28.20619412,92.86798698,28.78654515,6.447662945,54.19,80.44,46.95,1.41,Acidic Soil,muskmelon
29.05248036,93.92217834,23.66620626,6.105909623,53.59,61.51,43.53,1.62,Peaty Soil,muskmelon
29.57240298,93.61870344,27.56918621,6.559763394,54.24,93.8,48.35,1.14,Loamy Soil,muskmelon
29.10968327,92.43510994,27.95602304,6.14410903,54.18,62.4,44.36,1.45,Acidic Soil,muskmelon
28.20480805,92.91440379,20.75707821,6.099662369,52.97,60.96,43.316,0.64,Acidic Soil,muskmelon
29.11858526,92.12543021,24.52020164,6.413927319,53.65,77.16,45.58,1.84,Acidic Soil,muskmelon
29.62800691,90.32731875,23.69586761,6.075144116,53.51,59.23,43.42,1.74,Acidic Soil,muskmelon
29.81196601,90.36881284,22.68766503,6.123802502,53.4,60.94,43.45,1.7,Acidic Soil,muskmelon
27.72338349,90.93897939,22.81863447,6.698468621,53.2,120.48,50.09,1.41,Neutral Soil,muskmelon
29.26092798,92.92367701,28.70627683,6.088885814,54.34,60.6,44.2,1.5,Acidic Soil,muskmelon
29.72791119,94.29753295,26.52364146,6.367800632,54.13,74.75,45.59,1.63,Peaty Soil,muskmelon
28.91105641,90.78413842,23.44398467,6.425930938,53.42,77.44,45.45,1.12,Acidic Soil,muskmelon
28.96361426,93.88482153,23.56130173,6.469983276,53.56,83.14,45.93,1.63,Acidic Soil,muskmelon
28.59052369,91.33617236,28.99196777,6.094016338,54.27,60.24,44.33,0.93,Acidic Soil,muskmelon
27.33897716,90.69759008,28.69113835,6.150090899,53.95,62.01,44.5,1.51,Peaty Soil,muskmelon
29.87386051,90.75284363,25.37828397,6.646962425,53.83,107.12,49.58,0.68,Neutral Soil,muskmelon
27.42711692,90.32731875,21.7508774,6.379690748,52.98,73.54,44.68,0.69,Acidic Soil,muskmelon
29.55657523,90.70937262,28.36535596,6.732834334,54.22,131.86,52.986,1.81,Loamy Soil,muskmelon
29.84070774,93.76312893,23.28207838,6.126019932,53.62,62.18,43.55,2.35,Acidic Soil,muskmelon
28.53545677,91.72742702,25.1290048,6.161123579,53.65,62.8,43.99,0.64,Acidic Soil,muskmelon
27.11535046,94.79016045,26.51924782,6.442810053,53.79,81.08,46.35,1.17,Acidic Soil,muskmelon
27.84492803,91.60666594,26.47844429,6.732049075,53.75,132.56,52.986,1.04,Neutral Soil,muskmelon
29.03157242,91.82172592,24.93861254,6.243673725,53.69,66.42,44.4,1.7,Acidic Soil,muskmelon
27.82424457,90.56698742,21.19014526,6.266208727,52.97,67.03,43.85,2.45,Acidic Soil,muskmelon
27.72653142,92.00687531,20.75707821,6.350623739,52.97,72.51,44.15,0.78,Acidic Soil,muskmelon
28.69708334,94.30759855,22.21807088,6.040559392,53.34,58.8005,43.316,1.08,Acidic Soil,muskmelon
29.73019662,90.97015715,20.75707821,6.342573112,53.08,71.51,44.16,1.47,Peaty Soil,muskmelon
29.54097171,92.91778307,21.9653077,6.163921248,53.35,63.34,43.5,1.38,Acidic Soil,muskmelon
28.80311922,91.78336933,25.16359891,6.121745389,53.7,61.35,43.82,1.57,Acidic Soil,muskmelon
27.29035669,90.53330091,23.49535234,6.130160473,53.22,61.22,43.6,1.17,Peaty Soil,muskmelon
27.46583649,94.79016045,27.27899847,6.440584681,53.95,80.88,46.5,0.8,Acidic Soil,muskmelon
29.49401389,94.72981338,26.30820876,6.185053234,54.08,64.87,44.3,1.93,Peaty Soil,muskmelon
27.79161808,92.51054946,26.85422624,6.157724816,53.84,62.95,44.25,1.0,Acidic Soil,muskmelon
29.12533739,91.52291141,21.90440445,6.741269235,53.24,134.7555,52.986,1.63,Neutral Soil,muskmelon
27.93114233,93.56161439,20.75707821,6.431970877,53.0,79.41,44.85,1.35,Acidic Soil,muskmelon
29.45771748,92.12534736,20.76212031,6.708743843,53.13,124.89,49.5,0.72,Neutral Soil,muskmelon
27.96872279,92.17444796,28.94766949,6.040559392,54.15,58.8005,43.9,1.12,Acidic Soil,muskmelon
29.48882958,91.07574233,26.01909355,6.365956658,53.88,73.09,45.47,0.63,Acidic Soil,muskmelon
29.47156259,90.77069618,28.75226067,6.668382766,54.27,112.12,51.56,1.02,Neutral Soil,muskmelon
27.11398694,90.32731875,24.4514648,6.741269235,53.32,134.7555,52.87,1.47,Loamy Soil,muskmelon
27.30008597,90.80015308,25.09484511,6.040559392,53.46,58.8005,43.46,1.3,Peaty Soil,muskmelon
29.82729394,90.79007335,22.84203589,6.40077205,53.44,75.45,45.08,1.3,Acidic Soil,muskmelon
29.87386051,93.22980899,24.34814338,6.448792689,53.77,80.74,45.89,1.33,Acidic Soil,muskmelon
29.87386051,93.90741192,20.75707821,6.251420275,53.19,67.63,43.63,1.74,Acidic Soil,muskmelon
28.03306461,91.47355778,21.17924769,6.274452811,53.02,67.82,43.89,1.47,Peaty Soil,muskmelon
29.87386051,94.0371147,21.0000988,6.135996372,53.28,62.65,43.316,1.22,Acidic Soil,muskmelon
27.7058373,92.91185695,22.06207161,6.194090172,53.16,64.59,43.65,1.65,Peaty Soil,muskmelon
29.78714005,94.65343534,27.8659442,6.327822962,54.3405,72.24,45.53,0.95,Acidic Soil,muskmelon
28.57819995,92.86597437,27.5987178,6.212567211,54.07,65.38,44.67,1.16,Peaty Soil,muskmelon
29.48069921,90.33698678,26.0365768,6.640470863,53.85,105.38,49.66,2.02,Loamy Soil,muskmelon
27.51492243,94.79016045,21.01796432,6.685553129,53.05,120.6,48.91,2.13,Neutral Soil,muskmelon
28.05457761,94.79016045,21.84869328,6.327210469,53.23,72.28,44.33,1.35,Acidic Soil,muskmelon
29.03167341,93.12603235,24.15591199,6.35544263,53.63,73.34,45.0,2.46,Acidic Soil,muskmelon
28.5854649,91.89216849,26.88372572,6.085682344,53.92,60.15,43.92,1.47,Acidic Soil,muskmelon
27.11398694,93.42402083,25.32159689,6.741269235,53.56,134.7555,52.986,2.22,Neutral Soil,muskmelon
27.99611732,90.84660317,21.61893763,6.630301421,53.05,103.72,47.8,1.33,Loamy Soil,muskmelon
27.87317436,91.14849627,24.05207925,6.484799661,53.39,83.08,46.22,1.22,Acidic Soil,muskmelon
28.96586565,90.71832938,22.25838137,6.566759102,53.25,92.82,46.85,1.45,Neutral Soil,muskmelon
28.87726019,92.48839665,24.44267592,6.170520518,53.63,63.45,43.93,2.34,Acidic Soil,muskmelon
29.17052093,94.19790371,22.06994464,6.040559392,53.37,58.8005,43.316,0.53,Acidic Soil,muskmelon
29.34033587,90.32731875,21.44532907,6.541150335,53.15,88.85,46.23,1.59,Neutral Soil,muskmelon
29.07265321,91.91533173,28.83568362,6.341400922,54.28,71.87,45.84,2.08,Acidic Soil,muskmelon
28.68275966,92.50969311,28.99196777,6.150686364,54.29,62.68,44.57,2.38,Peaty Soil,muskmelon
28.92705913,91.39356832,23.20076686,6.438008153,53.41,78.79,45.5,2.07,Acidic Soil,muskmelon
27.99901833,91.64193051,23.28618248,6.547041903,53.32,90.7,46.85,0.57,Neutral Soil,muskmelon
27.59350075,91.79742953,24.84266123,6.399891457,53.5,75.89,45.52,2.05,Acidic Soil,muskmelon
29.87331077,90.60932469,24.69720481,6.186770318,53.71,63.43,44.05,0.6,Acidic Soil,muskmelon
28.55852465,90.45773041,27.26588346,6.159020864,53.91,62.27,44.32,2.41,Acidic Soil,muskmelon
29.19378695,91.46241065,26.48240255,6.660954816,53.93,110.93,50.41,1.32,Loamy Soil,muskmelon
27.98780984,92.78226196,27.14509034,6.504906979,53.92,86.22,47.31,0.74,Loamy Soil,muskmelon
28.05380704,91.81758779,20.76582087,6.706053225,52.97,123.71,49.42,1.33,Loamy Soil,muskmelon
27.3506296,94.2911951,27.21244021,6.067665498,53.9,60.34,43.89,1.71,Acidic Soil,muskmelon
29.34081108,94.5513539,28.22908103,6.419083092,54.3405,78.83,46.48,0.66,Acidic Soil,muskmelon
28.61475136,94.22253035,28.98574189,6.39637861,54.34,76.83,46.4,1.96,Peaty Soil,muskmelon
27.11398694,91.34685096,25.08146686,6.375923383,53.44,73.91,45.36,1.31,Acidic Soil,muskmelon
29.5275305,94.57459443,21.13545688,6.700337732,53.28,124.68,49.4,1.28,Loamy Soil,muskmelon
28.50416396,93.46806467,24.20007242,6.565312653,53.58,94.51,47.42,1.73,Neutral Soil,muskmelon
28.89578588,94.78993038,23.0362503,6.286515359,53.51,69.86,44.3,1.96,Acidic Soil,muskmelon
27.11398694,91.3821731,23.65747461,6.448061578,53.25,79.67,45.72,1.19,Acidic Soil,muskmelon
28.96017885,91.69532178,24.7458198,6.585872508,53.65,96.43,47.97,0.73,Neutral Soil,muskmelon
15.78144173,92.51077745,119.035002,6.354006744,59.65,72.96,64.57,1.89,Peaty Soil,orange
26.03097313,91.50819306,101.2847738,7.511755068,63.4,83.64,66.39,2.42,Peaty Soil,orange
13.36050601,91.35608208,111.2266885,7.335158382,57.54,111.77,84.25,0.73,Loamy Soil,orange
18.87957654,92.04304496,114.6659511,7.813916603,61.07,63.93,58.78,0.89,Peaty Soil,orange
29.47741671,91.57802915,111.1727497,7.129136941,66.67,140.91802,145.625241,1.62,Neutral Soil,orange
28.06903173,92.91487288,114.1339416,6.116508709,66.54,60.3,56.54,2.16,Acidic Soil,orange
25.66901098,92.04670813,112.5424199,7.408939392,64.77,97.53,76.69,0.86,Loamy Soil,orange
29.77149434,92.00719952,114.4161786,7.207991261,67.41,145.232233,113.35,0.93,Loamy Soil,orange
30.55472573,90.90343769,106.0711985,7.189259647,66.37,140.6717,114.73,1.12,Neutral Soil,orange
23.96147583,90.26408017,102.6958703,7.365338111,62.34,104.12,77.48,2.15,Loamy Soil,orange
23.98289638,91.5473145,118.4901697,7.455991072,64.45,90.23,74.65,2.24,Loamy Soil,orange
25.26052689,90.31153735,117.3695296,6.822282114,64.88,145.232233,128.06,1.52,Neutral Soil,orange
31.08368929,90.15354599,109.6894658,7.028746406,67.07,142.3665,143.20717,1.05,Neutral Soil,orange
14.78003032,91.22062116,101.1453817,6.118430299,57.5,61.04,55.15,2.21,Acidic Soil,orange
26.56608303,94.45239715,116.3796525,6.285312759,66.22,69.65,61.71,1.53,Peaty Soil,orange
24.85903405,94.39000473,111.7803734,6.559236744,64.57,94.25,73.81,0.71,Neutral Soil,orange
34.07603266,93.63812684,103.5684926,7.163245982,68.6,144.27732,124.59,1.11,Neutral Soil,orange
24.12188673,90.72351622,102.835632,6.945562889,62.5,143.1435,145.625241,0.85,Neutral Soil,orange
23.85340379,90.15354599,103.923226,7.474710503,62.41,86.94,69.19,1.38,Loamy Soil,orange
24.60297538,91.28408653,111.2948115,7.601189843,63.89,75.55,64.68,1.34,Peaty Soil,orange
15.63211033,94.25966183,101.4705704,7.561143224,58.31,80.39,64.11,2.1,Peaty Soil,orange
19.33516809,91.97978938,116.450422,6.361671475,61.51,73.23,64.32,2.28,Peaty Soil,orange
28.2620488,91.98317355,105.2132259,6.929216014,65.2,145.19308,145.62143,0.88,Loamy Soil,orange
22.67594476,93.36348717,110.3332655,7.477935216,62.98,88.6,70.78,1.0,Neutral Soil,orange
21.03200078,92.9641969,110.6823944,7.684420446,62.02,70.75,61.56,0.68,Alkaline Soil,orange
33.23453301,91.06053924,115.7659902,7.825531916,69.46,63.09,58.7,0.9,Peaty Soil,orange
22.30318989,92.15987039,117.3688104,6.438668989,63.4,79.25,67.88,2.25,Peaty Soil,orange
11.50322938,94.55455292,115.5683776,6.946354724,57.01,143.749,145.625241,2.46,Neutral Soil,orange
14.34320488,94.35734702,110.2223123,7.855446235,58.29,58.7865,55.1455,1.11,Peaty Soil,orange
33.1056981,93.48447453,119.0417975,7.434118807,69.476,94.6,76.6,1.05,Neutral Soil,orange
30.49183837,90.4582865,113.3302105,7.781988584,67.37,64.7,59.32,0.62,Alkaline Soil,orange
30.25578031,92.03272799,116.7173125,6.116508709,68.06,59.13,56.42,1.45,Acidic Soil,orange
12.22816189,90.26457428,108.4161706,7.106650373,56.65,143.27377,141.68,2.26,Loamy Soil,orange
11.02134028,90.22399223,119.0417975,6.22094286,56.2595,64.74,60.43,1.85,Acidic Soil,orange
22.79196751,90.60901895,116.5084074,6.420457311,63.37,76.9,66.8,1.81,Acidic Soil,orange
20.18432263,90.65458473,116.8130969,6.969249676,61.87,144.015,140.584,1.67,Loamy Soil,orange
30.72119881,94.01331956,106.8118019,6.116508709,67.14,58.7865,55.1455,2.25,Acidic Soil,orange
24.35590861,92.39651663,119.0417975,6.600948788,64.96,99.46,79.99,1.48,Neutral Soil,orange
21.21306973,91.35349216,112.9834361,7.817846496,62.16,63.51,58.42,0.66,Alkaline Soil,orange
11.02134028,91.38411917,117.5293447,6.8198271,56.44,145.189,126.98,1.58,Loamy Soil,orange
11.89925671,91.34663797,103.5771468,7.291405641,56.2595,124.04,87.39,1.07,Loamy Soil,orange
22.56664172,93.37488907,109.8585753,7.598729065,62.86,76.79,64.46,1.09,Peaty Soil,orange
18.86883219,93.24688124,119.0417975,6.157135092,61.67,63.19,58.89,1.7,Acidic Soil,orange
17.34083741,93.04897191,112.7194284,7.1917274,60.1,142.446,118.39,1.91,Neutral Soil,orange
34.07603266,92.87820148,102.1906333,7.418761774,68.41,96.54,72.54,0.74,Loamy Soil,orange
24.53610067,91.90997228,115.9787989,6.488221135,64.53,83.88,70.22,1.0,Acidic Soil,orange
13.8377282,91.74780462,107.9873218,6.116508709,57.62,58.8,55.1455,1.89,Acidic Soil,orange
22.3551049,93.52211892,101.5164589,6.116508709,61.79,58.7865,55.1455,0.52,Acidic Soil,orange
34.07603266,93.12316972,101.1453817,6.949838549,68.01,145.232233,145.3791,1.95,Loamy Soil,orange
11.54785707,94.14861001,108.8289171,7.855446235,56.57,61.11,55.98,0.74,Alkaline Soil,orange
23.13338811,91.94670335,104.4224145,7.639788459,62.34,73.11,61.76,1.31,Peaty Soil,orange
29.98364695,94.55239717,115.3560318,7.53350946,68.17,83.17,68.83,1.65,Peaty Soil,orange
20.87947369,90.93756231,102.4550786,6.251586885,60.81,66.45,58.25,1.97,Peaty Soil,orange
17.24944623,91.13772765,112.5090516,6.543191814,59.83,89.85,72.84,1.68,Loamy Soil,orange
15.83388699,91.68293851,109.7571416,7.651225301,58.85,72.24,62.47,2.08,Peaty Soil,orange
23.01014302,91.11764246,112.6738296,6.708889665,63.12,123.9,91.61,1.33,Loamy Soil,orange
16.39624284,92.18151927,102.944161,6.625538653,58.64,103.85,76.66,1.34,Loamy Soil,orange
24.45132792,93.10527686,109.4711098,6.528354932,63.85,89.22,70.95,0.91,Neutral Soil,orange
31.87859192,91.15248149,105.3437825,6.450640306,67.01,79.78,65.57,0.68,Acidic Soil,orange
31.34920143,91.48247612,109.1549823,7.181907673,67.39,142.5659,120.01,1.74,Neutral Soil,orange
18.05142392,90.15354599,111.7793889,7.016482298,60.09,143.52791,145.625241,1.55,Neutral Soil,orange
30.84835031,92.86773675,107.4142681,6.388617138,67.1,75.57,63.43,0.67,Acidic Soil,orange
22.45616931,91.52781832,118.0069295,7.57125447,63.47,78.07,67.54,2.08,Peaty Soil,orange
13.70319166,90.95589386,106.2944879,7.609348255,57.36,74.78,63.26,1.62,Peaty Soil,orange
20.48954522,93.72485075,111.8391951,7.137136973,61.93,145.232233,145.625241,0.54,Loamy Soil,orange
13.20844373,94.02769434,106.2696156,6.354022554,57.33,73.67,61.93,1.37,Acidic Soil,orange
32.31944397,93.67804556,117.6236473,6.196907944,69.476,64.99,59.53,2.36,Acidic Soil,orange
20.68185224,90.91510525,109.7513927,7.829507245,61.46,62.88,57.64,0.71,Alkaline Soil,orange
31.52675982,90.50621806,113.1169398,6.395258356,67.93,74.9,64.94,2.49,Acidic Soil,orange
25.35467646,91.81183218,116.7555937,7.855446235,65.1,58.7865,55.69,0.75,Alkaline Soil,orange
17.66545409,91.69865887,110.6857506,6.583411671,59.96,96.04,75.43,0.84,Neutral Soil,orange
12.59093977,91.81668769,119.0417975,6.206053072,57.67,64.69,60.05,0.84,Acidic Soil,orange
11.86631922,93.68394562,106.060149,6.976997772,56.55,142.0629,140.413,1.0,Loamy Soil,orange
11.03367937,92.22706805,112.7715925,6.562594972,56.38,93.26,74.38,1.53,Loamy Soil,orange
25.2990432,94.55455292,117.9733424,7.260416405,65.75,139.4,100.4,1.74,Neutral Soil,orange
32.23797837,90.15406807,104.7052254,6.460044778,66.91,80.09,65.86,2.17,Acidic Soil,orange
17.68408797,94.35815354,108.0638166,6.699164936,60.02,124.1,87.9,1.93,Loamy Soil,orange
11.02134028,90.19147747,106.6955204,7.401121811,56.2595,97.45,75.47,1.91,Loamy Soil,orange
17.22034507,94.55455292,108.0054343,6.912033409,59.79,143.4994,143.242,2.42,Loamy Soil,orange
19.667056,90.50096668,101.1453817,7.764040111,59.91,65.54,57.48,1.77,Peaty Soil,orange
11.02134028,93.75652041,101.1456947,7.796034006,56.2595,65.33,56.94,1.16,Peaty Soil,orange
27.255435,91.71369387,101.1453817,6.969883483,64.05,145.232233,142.312,1.8,Neutral Soil,orange
34.07603266,92.13229786,115.5650287,6.730757538,69.476,132.66,97.23,1.3,Neutral Soil,orange
32.39523995,94.51768464,113.25373,6.601395755,69.27,101.14,77.88,1.77,Loamy Soil,orange
11.02134028,91.22320999,106.362551,6.465913274,56.2595,81.24,66.55,2.32,Acidic Soil,orange
21.49118657,93.43949693,101.4819888,6.41354791,61.32,77.8,63.07,2.3,Acidic Soil,orange
16.53460397,94.55455292,110.0447896,6.475275337,59.58,84.18,67.96,1.55,Acidic Soil,orange
31.8520694,90.15354599,109.9455062,6.407715561,67.53,75.65,64.75,1.26,Acidic Soil,orange
28.04799508,90.15354599,117.1311498,6.550814117,66.43,90.11,74.77,1.04,Neutral Soil,orange
31.75048899,94.55455292,115.1989301,7.36220835,69.22,108.35,82.41,0.63,Loamy Soil,orange
29.07412717,93.27189064,101.1453817,7.36549204,65.18,106.56,76.77,0.7,Neutral Soil,orange
19.14381903,90.71037456,108.0230792,7.8546243,60.42,61.84,56.85,2.07,Peaty Soil,orange
16.14820285,91.4448027,107.4287664,7.855446235,58.81,58.7865,55.1455,1.21,Peaty Soil,orange
34.05296914,92.05811721,116.8020848,6.725600855,69.476,130.65,96.76,1.25,Loamy Soil,orange
34.07603266,90.56151463,118.3271968,7.786725333,69.476,64.53,60.05,2.01,Peaty Soil,orange
32.71748548,90.54608254,113.328978,7.656978112,68.65,71.35,63.0,1.26,Peaty Soil,orange
25.16296632,92.54736032,114.3117197,7.105904818,64.79,140.6889,145.1539,2.38,Loamy Soil,orange
27.68167318,94.47316879,113.9995146,7.199106204,66.56,141.0194,116.34,0.79,Loamy Soil,orange
21.35093384,90.9492967,107.0862095,7.855446235,61.55,61.32,56.39,1.73,Peaty Soil,orange
11.69894639,93.25638873,103.2005992,7.566165721,56.26,79.41,64.3,1.71,Peaty Soil,orange
35.21462816,91.49725058,240.4899322,6.793245417,93.51,145.842,148.097,1.18,Neutral Soil,papaya
42.39413392,90.79028064,88.46607497,6.576261427,68.92,94.28,67.84,2.45,Neutral Soil,papaya
38.4191628,91.14220381,119.2653877,6.751452932,73.2,140.01,103.98,0.72,Loamy Soil,papaya
35.33294932,92.11508608,235.6133585,6.560743093,92.6,92.91,111.52,1.85,Neutral Soil,papaya
42.92325255,90.20227736,196.2408242,6.938313356,92.15,141.051,147.2061,0.79,Loamy Soil,papaya
33.83508569,92.85470152,203.4044028,6.986413574,85.5,146.66082,146.4531,0.72,Loamy Soil,papaya
33.20258348,92.76437927,197.5282582,6.977700268,83.8,145.77452,146.80693,0.63,Loamy Soil,papaya
23.6817898,93.71043692,191.7760562,6.833768535,73.45,149.099313,147.431,1.47,Neutral Soil,papaya
29.33710543,90.81781439,202.0572747,6.739170045,79.91,134.46,143.29,1.95,Loamy Soil,papaya
40.21199348,94.50766912,186.6762324,6.986413574,89.41,144.3937,144.0583,2.43,Loamy Soil,papaya
42.13473976,91.70445386,197.402901,6.757470637,92.38,143.44,148.115295,1.11,Neutral Soil,papaya
32.86316618,91.4618874,50.95886237,6.850663232,57.89,144.631,82.21,1.04,Neutral Soil,papaya
29.80744318,91.38048469,232.7046126,6.74274935,85.21,136.57,141.134,1.25,Loamy Soil,papaya
31.56213762,93.0484859,63.62250788,6.519371846,60.38,86.9855,59.848,2.31,Neutral Soil,papaya
36.32268069,93.06134398,141.1736926,6.986413574,76.51,149.08977,143.2852,1.78,Loamy Soil,papaya
37.13165026,94.60761797,172.4788062,6.69215564,83.66,122.2,114.7,1.0,Loamy Soil,papaya
38.4418717,93.63739039,77.71566883,6.544029776,65.54,91.61,62.73,1.89,Neutral Soil,papaya
32.66160599,90.78931681,78.85085502,6.927803911,62.99,146.501,146.061,1.19,Loamy Soil,papaya
27.92765919,91.55594211,149.9107557,6.721835879,71.3,128.74,111.86,1.68,Loamy Soil,papaya
39.01793345,91.48815629,105.8841531,6.986413574,71.0,145.029,145.437,1.1,Neutral Soil,papaya
32.51247398,94.63707378,51.07048113,6.704204398,58.73,126.0,63.02,0.92,Neutral Soil,papaya
38.72382798,91.72514851,62.62377075,6.702424548,62.36,122.47,68.06,2.28,Loamy Soil,papaya
42.94110805,92.83405443,110.562229,6.641098708,74.69,107.6,81.07,1.97,Neutral Soil,papaya
27.58548913,90.72526502,238.5008779,6.585346229,83.16,95.64,116.69,1.2,Neutral Soil,papaya
40.78881819,92.90951393,132.7923586,6.563134737,77.96,93.8,80.53,2.26,Loamy Soil,papaya
23.6817898,91.40301608,206.3999208,6.519371846,74.31,86.9855,95.29,0.67,Neutral Soil,papaya
32.68067385,92.61715632,240.4899322,6.800321319,91.85,144.614,146.23838,1.08,Neutral Soil,papaya
34.28879307,93.61082872,127.2509777,6.721130543,72.69,130.7,100.84,1.43,Neutral Soil,papaya
39.30050027,94.16193416,120.9512466,6.574677594,74.87,96.42,77.92,1.04,Loamy Soil,papaya
39.73149053,91.12220596,122.7628653,6.919342407,74.69,142.7055,148.115295,1.77,Loamy Soil,papaya
39.23342464,91.25589286,64.4478499,6.519779583,62.82,87.01,59.848,1.8,Neutral Soil,papaya
27.34734861,94.17756725,50.95886237,6.687088098,57.8895,120.29,59.848,1.33,Neutral Soil,papaya
40.76998685,92.09278584,209.8678411,6.747975732,93.78,139.62,142.41062,1.86,Neutral Soil,papaya
26.26559543,90.79668055,59.49373381,6.65149129,57.8895,108.16,62.76,2.04,Neutral Soil,papaya
28.12971499,93.3210737,117.8201907,6.519371846,67.18,86.9855,71.59,2.31,Loamy Soil,papaya
34.2804607,90.55561637,98.54047745,6.825371185,66.99,146.446,115.24,0.64,Neutral Soil,papaya
33.7960155,93.00754254,182.026807,6.986413574,81.79,147.864,145.59,2.1,Loamy Soil,papaya
31.53243779,90.87394933,207.0735119,6.519371846,82.96,86.9855,96.53,1.59,Neutral Soil,papaya
42.30495821,90.51431779,74.876786,6.93172108,65.93,145.6044,141.0044,2.2,Loamy Soil,papaya
24.63676897,90.61964344,218.2299187,6.712772333,77.07,124.65,141.3,1.97,Neutral Soil,papaya
28.28222883,91.37059792,179.2720807,6.63016515,75.74,104.12,104.63,1.96,Loamy Soil,papaya
24.48620746,92.98254537,183.49095,6.761953186,73.21,147.18,142.78,1.79,Neutral Soil,papaya
42.84609252,94.63548176,78.8099639,6.691202286,67.75,121.94,74.03,0.73,Neutral Soil,papaya
42.94110805,93.10887229,103.8235658,6.608667684,73.46,101.38,75.37,1.53,Loamy Soil,papaya
42.07213781,92.92203105,165.7412972,6.840802254,86.0,149.099313,147.685,0.78,Neutral Soil,papaya
33.46873719,92.12746225,136.8277041,6.834808348,73.44,147.086,143.0889,0.94,Loamy Soil,papaya
31.7018373,91.66232213,50.95886237,6.953439161,57.8895,143.9,146.95676,1.0,Neutral Soil,papaya
41.41968393,90.20227736,199.3096432,6.665024508,91.29,110.64,119.33,1.01,Loamy Soil,papaya
42.54744013,94.63707378,214.4103848,6.662875839,94.627,114.49,124.8,2.34,Loamy Soil,papaya
28.91842453,94.63676767,63.68794608,6.678695788,59.68,118.36,66.43,0.83,Neutral Soil,papaya
42.94110805,93.90305729,211.8529059,6.54277684,94.627,91.61,101.78,2.0,Neutral Soil,papaya
29.20300896,93.96834049,209.4083305,6.839443833,81.92,142.00519,147.184,2.1,Loamy Soil,papaya
41.04224355,91.37258067,181.527598,6.805277038,87.82,149.099313,141.14583,2.0,Neutral Soil,papaya
25.62446619,93.18240298,97.26336657,6.762522087,62.9,147.72,94.61,1.0,Neutral Soil,papaya
35.32876402,91.06138506,163.9069365,6.678449318,79.29,114.96,107.97,2.03,Loamy Soil,papaya
24.42561272,92.27749066,63.35298768,6.577192175,57.93,95.47,59.98,1.62,Neutral Soil,papaya
31.18298415,90.21646909,54.01872359,6.734005648,58.44,131.75,67.08,1.45,Neutral Soil,papaya
31.88342554,91.3256535,79.27201575,6.524459342,62.82,87.61,62.23,1.28,Loamy Soil,papaya
42.93368602,91.1756748,240.4899322,6.519371846,94.627,86.9855,105.9,1.62,Neutral Soil,papaya
23.6817898,94.31994776,231.5153161,6.758479569,78.04,147.16,140.88451,0.64,Neutral Soil,papaya
24.87212063,93.90560147,135.1694525,6.676578778,67.54,117.11,95.72,2.24,Neutral Soil,papaya
42.94110805,93.35191636,114.778071,6.941496806,75.81,148.62549,148.115295,1.61,Neutral Soil,papaya
26.83054058,90.75379971,144.6656444,6.864143752,69.57,143.86921,144.82323,0.75,Loamy Soil,papaya
30.42012134,93.12659793,75.95295,6.583528529,61.95,97.08,64.32,0.54,Loamy Soil,papaya
28.64555584,93.22642604,115.8163936,6.751747609,67.18,142.66,102.2,0.66,Neutral Soil,papaya
32.50037548,93.47888842,71.73759526,6.893509446,62.11,144.3566,129.82,1.57,Loamy Soil,papaya
42.94110805,94.63707378,50.95886237,6.720744449,59.41,131.67,59.86,1.97,Neutral Soil,papaya
30.10773379,90.34546355,75.24521981,6.827812549,61.37,140.18427,98.27,1.37,Loamy Soil,papaya
23.69212243,93.61055571,87.53393983,6.912299695,60.79,141.94374,143.5224,1.95,Neutral Soil,papaya
35.67667332,93.30641944,141.3381168,6.586107335,76.14,97.63,85.53,0.99,Neutral Soil,papaya
27.71948962,94.43877142,82.83061083,6.827305908,62.05,146.8972,103.95,2.17,Neutral Soil,papaya
35.26824831,92.38282957,149.8488208,6.821774589,77.12,148.278,141.507,1.1,Loamy Soil,papaya
23.6817898,90.78821158,161.6892093,6.656458831,68.89,109.28,102.75,0.73,Neutral Soil,papaya
33.08706051,92.25197542,88.1300769,6.770384816,64.94,149.099313,91.18,1.07,Neutral Soil,papaya
37.4620912,90.44967809,172.3458448,6.933809743,82.44,146.475,145.387,0.69,Loamy Soil,papaya
38.73218907,94.63707378,218.142147,6.579441304,94.47,97.58,109.16,1.88,Loamy Soil,papaya
32.57720726,92.74889453,93.7942847,6.92791761,65.74,145.15906,145.709,1.61,Neutral Soil,papaya
38.38231475,93.10378595,210.2735346,6.985804083,91.75,144.334,141.52498,2.23,Neutral Soil,papaya
42.93605359,90.20227736,234.8466111,6.612429546,94.627,99.74,120.79,1.22,Neutral Soil,papaya
25.65492304,92.74501561,52.95477913,6.813383387,57.8895,149.099313,77.83,0.73,Neutral Soil,papaya
37.58899717,91.99740365,159.6577388,6.9677596,80.67,149.064,144.952,1.74,Neutral Soil,papaya
29.60718808,93.15642801,62.68710535,6.57398033,59.61,95.6,59.848,0.65,Loamy Soil,papaya
25.34756111,93.02871078,174.4012337,6.803094965,72.85,141.16559,148.115295,0.81,Neutral Soil,papaya
25.9300384,93.02357765,240.4899322,6.964955435,82.41,141.29798,144.6946,0.69,Loamy Soil,papaya
32.76795887,94.57377401,240.4795923,6.764213299,91.4,146.65504,144.8235,1.35,Loamy Soil,papaya
29.02328049,90.20396783,126.8069869,6.617703178,68.44,100.79,84.23,0.96,Neutral Soil,papaya
40.00439101,90.20227736,92.11877372,6.52711001,68.46,87.2,65.97,1.19,Loamy Soil,papaya
33.32315744,91.25271223,234.496633,6.709668804,89.61,124.29,147.69,1.9,Neutral Soil,papaya
31.22790131,94.63707378,50.95886237,6.620729882,57.8895,105.1,59.848,1.02,Loamy Soil,papaya
26.68386496,92.9585411,62.50689682,6.583760499,58.61,97.0,60.02,0.94,Neutral Soil,papaya
24.70528368,90.20227736,108.4103158,6.676407337,63.41,113.57,84.67,1.81,Neutral Soil,papaya
38.2016825,93.97379963,218.0908814,6.751298936,93.5,143.36,148.115295,1.85,Loamy Soil,papaya
36.56769731,93.79503425,104.4218596,6.867554147,69.9,148.617,145.12,1.11,Neutral Soil,papaya
26.05375792,93.69111672,240.4899322,6.742490027,82.64,139.15,140.9094,0.71,Loamy Soil,papaya
31.29986342,92.76039164,54.77830202,6.986228647,58.84,146.61836,145.784,2.04,Neutral Soil,papaya
40.10207731,94.35110201,149.1199989,6.979102243,81.35,142.365,144.70722,1.06,Loamy Soil,papaya
38.58954491,91.58076549,102.2708231,6.825664782,70.08,144.264,118.22,1.02,Loamy Soil,papaya
41.31330062,91.1508798,239.7427554,6.617066674,94.627,101.41,123.48,2.46,Neutral Soil,papaya
37.03551903,91.79430166,188.5181422,6.551892638,85.61,91.45,96.09,1.95,Neutral Soil,papaya
23.6817898,91.07355541,208.3357976,6.598860305,74.26,98.11,109.25,1.31,Neutral Soil,papaya
26.47330219,80.92254421,53.65742581,6.283818329,56.39,63.9,49.99,1.39,Acidic Soil,watermelon
25.18780042,83.44621709,46.87420883,6.818261383,55.47,147.812772,74.39,1.26,Neutral Soil,watermelon
25.29954705,81.77527562,57.04147057,6.37620108,56.56,69.33,52.19,0.87,Acidic Soil,watermelon
24.74631269,88.30866319,57.95826144,6.581587932,57.04,93.32,58.47,2.03,Neutral Soil,watermelon
26.58740671,81.32563243,41.87540028,6.932547356,55.03,144.8728,123.01,1.69,Neutral Soil,watermelon
24.53442564,88.989272,49.11618732,6.140099215,55.96,61.05,47.62,2.07,Acidic Soil,watermelon
26.0713757,88.7285657,57.79652846,6.467095849,57.43,79.95,54.46,1.92,Acidic Soil,watermelon
25.96534238,89.63725244,58.99310824,6.849471704,57.6525,147.812772,92.67,1.48,Loamy Soil,watermelon
26.22338015,85.34866045,54.60159289,6.512196212,56.79,82.49,54.92,2.19,Loamy Soil,watermelon
24.41311871,89.63725244,44.07843475,6.073383996,55.37,58.06,46.7315,1.04,Acidic Soil,watermelon
26.49195283,80.45467276,57.72799157,6.073383996,56.8,58.0505,48.17,1.96,Peaty Soil,watermelon
24.28888877,84.18406764,53.78929956,6.423898762,56.05,73.84,52.45,2.49,Acidic Soil,watermelon
25.5421695,83.31883376,57.57343233,6.932547356,56.81,141.5105,123.920105,1.76,Neutral Soil,watermelon
26.74550678,83.9195902,41.14698587,6.251286661,55.09,63.63,47.26,2.27,Acidic Soil,watermelon
25.7131428,80.45467276,43.08961827,6.190015912,54.94,59.72,47.09,1.27,Peaty Soil,watermelon
25.76484262,84.1726996,44.22066914,6.681606702,55.33,109.31,58.52,1.03,Neutral Soil,watermelon
26.79489868,89.63725244,57.74091817,6.51075991,57.6525,84.97,55.74,1.24,Loamy Soil,watermelon
24.9004602,89.63725244,57.44942094,6.770278088,57.13,147.19,73.34,0.56,Neutral Soil,watermelon
26.80750629,88.22874955,58.79889057,6.429788073,57.6525,76.42,53.75,0.66,Acidic Soil,watermelon
25.11189154,80.45467276,44.20656987,6.209888345,54.94,60.39,47.46,0.57,Acidic Soil,watermelon
26.2148837,87.6883982,58.99310824,6.419052193,57.62,75.28,53.69,1.83,Peaty Soil,watermelon
24.9103226,86.97190046,49.48575692,6.237861736,55.96,64.23,48.66,0.66,Acidic Soil,watermelon
25.79448878,84.26830701,56.45229202,6.762471629,56.82,136.43,71.69,0.63,Neutral Soil,watermelon
25.26931156,87.55055105,41.14698587,6.612847999,54.9395,97.84,53.82,0.77,Neutral Soil,watermelon
25.76402693,87.5931128,46.05122728,6.704688865,55.77,118.98,60.79,0.7,Loamy Soil,watermelon
25.85483596,89.13163965,46.85176955,6.073383996,56.0,58.14,46.7315,2.37,Acidic Soil,watermelon
24.33528185,81.44030363,48.32113628,6.762030215,55.32,132.67,67.07,2.42,Loamy Soil,watermelon
25.37601283,80.99313508,57.23028471,6.65398725,56.53,100.22,62.05,0.91,Loamy Soil,watermelon
24.86094646,85.05318563,55.29563514,6.738030547,56.5,127.4,68.14,1.31,Loamy Soil,watermelon
24.71885473,88.94568335,48.45978627,6.095689937,55.92,59.51,47.15,2.45,Acidic Soil,watermelon
24.28888877,84.20576992,48.01138482,6.538006356,55.44,84.68,53.86,0.94,Neutral Soil,watermelon
25.81692236,82.043255,54.82963379,6.377427122,56.45,69.53,51.74,2.38,Peaty Soil,watermelon
24.47018505,84.16390229,57.26773002,6.417011754,56.55,73.31,53.1,1.89,Peaty Soil,watermelon
24.28888877,84.84494575,51.19470197,6.649086972,55.82,102.54,59.45,1.2,Loamy Soil,watermelon
26.1793464,86.52258079,49.43050977,6.25933595,56.22,65.05,48.9,2.29,Peaty Soil,watermelon
26.17668721,86.7295205,53.33484977,6.121168559,56.73,59.61,48.09,1.61,Acidic Soil,watermelon
26.03867719,84.6378378,44.3993381,6.073383996,55.44,58.0505,46.7315,1.75,Acidic Soil,watermelon
26.53259325,82.39053979,54.30660782,6.835268184,56.6,146.61992,83.96,0.63,Loamy Soil,watermelon
26.81938687,87.8274604,46.06193778,6.551750306,56.03,88.78,53.7,2.41,Loamy Soil,watermelon
25.50405534,81.40297428,48.47833278,6.932547356,55.59,145.668,123.920105,1.12,Loamy Soil,watermelon
26.20234499,80.45467276,56.47941847,6.87606733,56.61,140.38512,100.76,1.6,Neutral Soil,watermelon
25.13735887,89.28272716,43.52897517,6.457216535,55.43,79.35,50.69,0.66,Acidic Soil,watermelon
25.92030221,83.47202566,42.10681516,6.921847888,55.06,141.85,111.84,1.86,Neutral Soil,watermelon
26.6634609,89.63725244,57.40847165,6.881425746,57.65,147.76686,104.55,2.34,Loamy Soil,watermelon
24.28888877,81.64075303,51.75212401,6.915717008,55.65,143.4819,121.87,1.29,Loamy Soil,watermelon
24.6774157,82.75411437,57.05709413,6.206247494,56.47,61.28,49.58,0.76,Acidic Soil,watermelon
26.11440416,87.64081095,58.48160844,6.29542477,57.44,67.32,51.07,1.49,Peaty Soil,watermelon
26.81530456,87.65694462,55.74073582,6.399669044,57.28,73.8,52.38,2.14,Acidic Soil,watermelon
25.15623099,80.45467276,55.49541453,6.862157042,56.23,145.365,93.68,0.55,Loamy Soil,watermelon
25.2801372,83.15393658,49.29456609,6.224066378,55.76,62.15,48.47,1.12,Acidic Soil,watermelon
26.22005978,80.90127035,49.08553937,6.093814669,55.78,58.0505,47.22,1.9,Acidic Soil,watermelon
24.92093261,80.61750795,50.55710813,6.291540278,55.64,64.14,49.51,0.52,Acidic Soil,watermelon
26.21667586,81.01009354,54.65423596,6.32281728,56.45,65.89,50.76,2.02,Peaty Soil,watermelon
26.81383586,87.21986949,51.70497792,6.873283991,56.72,143.2588,94.41,1.0,Neutral Soil,watermelon
24.31334971,87.47409052,48.11248366,6.074209622,55.68,58.35,46.93,1.37,Acidic Soil,watermelon
24.29105004,88.04541346,51.26046418,6.49889585,56.09,82.71,53.64,2.43,Acidic Soil,watermelon
24.42998931,86.33904774,48.58241822,6.678805092,55.69,110.64,60.17,0.8,Neutral Soil,watermelon
25.66576039,88.6984228,54.22722466,6.114128685,56.86,60.04,48.16,1.17,Acidic Soil,watermelon
25.07803672,83.46230461,56.39962921,6.405054243,56.56,72.09,52.64,0.95,Acidic Soil,watermelon
24.88910524,85.87059083,51.70699144,6.110142735,56.14,58.95,47.75,0.99,Acidic Soil,watermelon
25.42900869,82.91481799,56.34144589,6.828982708,56.6,146.95205,83.93,0.84,Loamy Soil,watermelon
24.37118217,87.1269128,44.63907691,6.451499764,55.27,77.65,50.85,1.03,Acidic Soil,watermelon
26.4930645,88.59143088,46.06382209,6.313512999,56.01,68.72,48.95,1.66,Acidic Soil,watermelon
25.83202912,89.00481725,45.24690619,6.755192025,55.78,139.07,64.64,2.48,Neutral Soil,watermelon
24.41592661,89.39655519,41.14698587,6.623167177,54.9395,101.17,54.27,2.19,Neutral Soil,watermelon
24.37190239,81.2514818,44.20899581,6.12532356,54.9395,58.0505,46.74,1.77,Peaty Soil,watermelon
24.28888877,83.03687902,54.7657624,6.653867608,56.13,101.97,61.1,0.65,Neutral Soil,watermelon
24.64458469,85.49938185,48.31219031,6.343942518,55.66,69.1,49.82,1.08,Acidic Soil,watermelon
24.89681131,86.10782926,53.14626213,6.217300786,56.33,63.0,49.05,1.03,Acidic Soil,watermelon
25.41864024,81.12122989,49.52320689,6.286387658,55.67,64.1,49.25,0.97,Acidic Soil,watermelon
26.26028739,86.14585891,58.97878791,6.7698938,57.41,142.31,74.17,1.36,Neutral Soil,watermelon
24.90123934,87.20772913,46.59207341,6.744966312,55.62,132.58,64.36,1.95,Loamy Soil,watermelon
24.84740848,89.20454622,58.99310824,6.391858432,57.35,74.01,53.08,2.17,Acidic Soil,watermelon
26.82060057,86.70068316,42.91292205,6.770434148,55.58,143.3,64.92,0.97,Loamy Soil,watermelon
26.82060057,86.25426228,58.99310824,6.727468157,57.6525,124.95,69.24,1.21,Loamy Soil,watermelon
25.86475496,86.67468041,41.16554802,6.662244646,55.13,106.99,56.25,0.68,Neutral Soil,watermelon
26.70607759,81.14149505,51.51033554,6.932547356,56.2,147.812772,123.920105,1.6,Neutral Soil,watermelon
26.44019475,80.91934337,47.81847573,6.507110986,55.68,79.25,52.94,1.43,Neutral Soil,watermelon
26.283443,84.42478917,50.78669728,6.520663422,56.26,82.84,54.13,0.77,Loamy Soil,watermelon
26.82060057,83.85039964,41.14698587,6.106500787,55.03,58.15,46.7315,1.59,Acidic Soil,watermelon
26.03967219,83.9862443,43.87712348,6.277484043,55.33,64.87,48.1,2.16,Acidic Soil,watermelon
24.92994759,85.00802358,48.75859458,6.195142279,55.74,61.69,48.08,1.48,Acidic Soil,watermelon
25.50736962,84.24340241,44.2068997,6.792035575,55.28,141.9399,68.34,1.12,Loamy Soil,watermelon
25.4438391,87.9392312,57.51549686,6.472756256,57.15,80.04,54.54,1.26,Peaty Soil,watermelon
26.12588914,86.5507939,41.14698587,6.073383996,55.11,58.0505,46.7315,1.98,Peaty Soil,watermelon
25.10474753,87.5267616,58.99310824,6.587791262,57.23,93.7,59.17,0.97,Neutral Soil,watermelon
26.27520631,86.63249555,54.38748495,6.932547356,56.88,147.812772,123.920105,0.94,Loamy Soil,watermelon
26.27061608,83.09194521,46.76837499,6.259086583,55.67,63.64,48.42,1.89,Acidic Soil,watermelon
26.73690828,87.82430156,47.46447019,6.747537642,56.19,134.36,65.07,1.34,Loamy Soil,watermelon
25.04746944,85.5667282,56.72496677,6.932537231,56.75,141.2382,123.920105,0.7,Neutral Soil,watermelon
24.69368934,85.56967628,48.99390828,6.353107393,55.75,69.68,50.1,1.96,Acidic Soil,watermelon
24.54356968,84.60808277,42.00660251,6.211748957,54.9395,62.2,47.11,2.2,Peaty Soil,watermelon
25.89762315,81.96664832,54.49960057,6.277245254,56.43,64.02,50.05,2.27,Acidic Soil,watermelon
26.6333118,84.31756844,56.31866159,6.560443519,57.03,87.55,57.08,1.85,Loamy Soil,watermelon
25.35794749,80.45846265,47.72078245,6.903020221,55.41,147.812772,105.61,1.25,Loamy Soil,watermelon
25.28784623,89.63667876,58.28697664,6.765094964,57.34,144.48,73.08,1.64,Neutral Soil,watermelon
26.63838589,84.69546874,48.32428609,6.189213927,56.06,61.34,47.95,1.35,Peaty Soil,watermelon
25.3310446,84.30533791,41.53218699,6.904241707,54.9395,145.53795,97.83,1.58,Neutral Soil,watermelon
26.82060057,83.89241484,43.97193745,6.463271076,55.51,76.89,50.92,0.68,Acidic Soil,watermelon
26.82060057,89.4138489,58.54876687,6.260838965,57.6525,66.29,50.56,1.49,Acidic Soil,watermelon
27.56,61.85,155.83,5.85,35,27,24,668,Sandy Soil,cassava
29.54,63.45,183.1,6.01,23,17,44,709,Loamy Soil,cassava
29.13,62.19,235.1,6.17,39,23,41,643,Sandy Soil,cassava
25.96,62.63,165.74,5.49,27,21,39,788,Loamy Soil,cassava
26.54,63.98,242.01,6.9,32,21,38,819,Sandy Soil,cassava
29.53,60.1,192.38,7.39,22,23,28,784,Loamy Soil,cassava
27.91,62.62,185.01,4.52,27,28,48,707,Sandy Soil,cassava
27.1,64.38,187.59,4.53,30,22,46,654,Sandy Soil,cassava
29.03,63.15,108.83,4.64,26,29,26,827,Loamy Soil,cassava
25.2,60.91,189.93,5.61,31,22,49,697,clay,cassava
29.98,63.38,141.65,5.13,38,21,28,818,Sandy Soil,cassava
26.65,63.53,195.83,4.98,25,24,31,732,Sandy Soil,cassava
28.53,63.95,168.13,7.1,28,29,32,714,Sandy Soil,cassava
29.53,62.82,126.31,6.58,35,28,31,691,Sandy Soil,cassava
28.3,64.83,124.93,6.38,22,28,35,765,Loamy Soil,cassava
28.98,63.66,128.52,7.21,29,19,45,690,Sandy Soil,cassava
25.29,61.94,220.19,6.0,36,26,45,718,Sandy Soil,cassava
27.35,60.84,103.53,6.23,29,18,34,815,Sandy Soil,cassava
29.15,64.12,190.75,4.71,21,23,22,668,Loamy Soil,cassava
26.15,63.16,163.65,6.37,29,29,48,771,Sandy Soil,cassava
25.86,63.81,130.41,6.86,22,26,41,845,Sandy Soil,cassava
28.3,64.92,107.57,5.08,31,23,21,833,Loamy Soil,cassava
25.96,62.77,215.34,6.72,39,18,31,767,Sandy Soil,cassava
28.77,61.64,244.6,6.33,26,20,38,623,Loamy Soil,cassava
25.54,61.79,152.92,5.2,30,22,29,742,Sandy Soil,cassava
28.33,63.13,111.45,5.47,38,25,32,746,Sandy Soil,cassava
29.28,60.87,178.69,7.39,36,27,49,842,Sandy Soil,cassava
27.91,63.29,142.34,5.47,35,28,49,602,Loamy Soil,cassava
25.64,61.42,109.11,5.22,35,16,40,683,Loamy Soil,cassava
29.29,60.29,207.24,5.33,39,29,47,798,Loamy Soil,cassava
28.34,60.98,168.31,4.72,21,20,29,837,Sandy Soil,cassava
25.77,61.02,238.12,5.09,24,24,42,800,Sandy Soil,cassava
26.23,61.41,114.71,5.18,34,25,35,689,Sandy Soil,cassava
27.42,61.34,204.0,5.7,35,19,42,683,Sandy Soil,cassava
26.96,60.58,118.84,6.56,23,23,24,670,Loamy Soil,cassava
29.41,62.83,168.21,6.02,38,29,48,633,Sandy Soil,cassava
27.27,62.67,112.92,5.32,23,17,24,706,Loamy Soil,cassava
27.9,62.06,192.56,6.58,23,23,23,733,Sandy Soil,cassava
25.86,64.24,206.18,7.38,36,29,35,766,Sandy Soil,cassava
29.13,64.29,233.15,5.71,28,29,29,760,Sandy Soil,cassava
27.89,61.21,210.01,5.61,28,24,41,749,Loamy Soil,cassava
25.13,64.45,153.94,6.33,26,24,27,678,Sandy Soil,cassava
27.83,61.32,152.01,6.3,31,17,39,812,Sandy Soil,cassava
29.77,64.44,197.8,4.64,26,29,41,787,Sandy Soil,cassava
27.8,63.07,244.6,5.35,39,26,23,799,Loamy Soil,cassava
27.05,62.1,192.68,5.4,30,24,37,842,Sandy Soil,cassava
25.17,63.15,225.53,5.16,30,25,32,711,Sandy Soil,cassava
25.04,61.85,145.42,6.52,38,29,31,770,Loamy Soil,cassava
29.71,64.65,200.74,5.92,38,21,39,720,Loamy Soil,cassava
25.59,61.89,173.0,5.12,38,22,23,607,Sandy Soil,cassava
26.17,60.84,142.16,4.52,33,17,47,736,Loamy Soil,cassava
29.71,64.18,220.88,4.7,29,29,40,788,Sandy Soil,cassava
25.05,61.59,168.04,5.91,33,25,27,601,Sandy Soil,cassava
25.81,62.36,112.59,4.72,32,23,49,796,Sandy Soil,cassava
25.68,64.45,185.08,5.74,38,21,25,836,Sandy Soil,cassava
26.33,63.92,107.03,5.72,37,17,46,652,Sandy Soil,cassava
29.35,63.07,112.08,5.9,28,19,45,716,Sandy Soil,cassava
27.8,64.43,158.33,5.35,27,21,29,679,Sandy Soil,cassava
28.53,60.16,233.19,6.72,31,22,28,819,Sandy Soil,cassava
27.63,60.91,159.95,6.56,23,20,41,833,Sandy Soil,cassava
28.56,60.89,134.18,6.88,32,19,41,617,Sandy Soil,cassava
27.52,64.13,109.95,7.34,31,23,22,781,Loamy Soil,cassava
28.32,60.29,141.59,5.08,31,22,34,717,clay,cassava
26.24,62.01,150.88,5.55,30,16,42,809,Sandy Soil,cassava
27.05,63.95,123.6,5.37,34,22,46,750,Sandy Soil,cassava
29.41,64.61,168.32,5.26,38,15,44,792,Sandy Soil,cassava
28.09,61.01,232.06,5.39,36,21,23,618,Sandy Soil,cassava
28.33,62.01,139.75,6.01,36,25,36,736,Sandy Soil,cassava
29.61,64.73,197.87,6.82,23,17,39,760,Sandy Soil,cassava
26.17,60.33,184.85,6.1,28,26,45,745,Sandy Soil,cassava
27.27,63.79,157.06,5.11,21,23,38,629,Sandy Soil,cassava
29.31,64.97,119.5,4.8,24,20,44,834,Sandy Soil,cassava
29.17,62.87,225.43,6.32,32,23,22,668,Loamy Soil,cassava
28.27,61.52,190.28,6.79,35,25,48,655,Sandy Soil,cassava
26.78,61.64,138.83,6.04,26,20,28,670,Sandy Soil,cassava
29.15,64.88,144.33,6.18,34,21,39,788,Sandy Soil,cassava
29.98,64.44,118.89,7.39,23,23,26,711,Loamy Soil,cassava
28.84,60.58,110.15,6.54,39,26,28,837,Sandy Soil,cassava
28.53,60.01,226.78,6.08,32,22,25,720,Sandy Soil,cassava
25.75,63.11,104.99,5.56,36,19,47,741,Loamy Soil,cassava
25.76,64.48,220.12,6.04,22,17,49,796,Sandy Soil,cassava
25.59,60.97,194.27,5.55,30,22,23,627,Sandy Soil,cassava
28.29,62.9,183.1,4.72,32,22,29,617,Sandy Soil,cassava
25.29,62.9,139.11,5.92,31,23,49,752,Sandy Soil,cassava
29.34,60.18,227.17,5.19,30,17,47,683,Loamy Soil,cassava
28.61,64.99,224.23,5.0,29,26,48,746,Sandy Soil,cassava
27.79,64.35,174.65,5.12,24,22,39,833,Sandy Soil,cassava
28.98,61.0,173.1,5.19,37,17,21,809,Sandy Soil,cassava
21.36,58.83,101.49,6.72,36,36,49,868,Sandy Soil,sweetpotato
22.4,59.25,95.53,5.51,46,26,45,849,Sandy Soil,sweetpotato
25.13,57.19,103.57,6.48,34,31,48,818,Loamy Soil,sweetpotato
26.65,58.97,71.01,6.82,49,34,44,792,Loamy Soil,sweetpotato
23.16,56.76,120.3,5.64,36,25,32,773,Loamy Soil,sweetpotato
26.83,57.14,105.7,6.41,31,34,32,689,Sandy Soil,sweetpotato
23.97,55.97,123.01,6.84,33,39,52,789,Loamy Soil,sweetpotato
21.99,58.82,109.1,5.54,34,38,36,781,Loamy Soil,sweetpotato
24.08,57.51,105.77,5.69,45,34,37,700,Loamy Soil,sweetpotato
21.31,56.09,105.02,6.01,36,21,34,704,Sandy Soil,sweetpotato
22.37,55.36,81.16,6.23,43,36,39,783,Loamy Soil,sweetpotato
21.24,57.65,83.98,6.85,35,35,46,756,Sandy Soil,sweetpotato
23.51,55.19,109.64,5.92,38,35,39,692,Loamy Soil,sweetpotato
23.58,58.98,111.96,5.54,34,22,43,733,Loamy Soil,sweetpotato
23.3,58.12,122.95,6.77,37,21,50,812,Loamy Soil,sweetpotato
26.33,59.3,95.6,5.91,33,35,36,715,Sandy Soil,sweetpotato
24.26,59.84,109.78,6.96,36,34,34,845,Loamy Soil,sweetpotato
25.44,55.24,80.53,5.77,31,31,43,767,Loamy Soil,sweetpotato
24.96,56.77,81.8,6.88,48,22,54,821,Sandy Soil,sweetpotato
24.98,59.43,84.77,6.26,38,27,59,712,Loamy Soil,sweetpotato
21.84,55.48,93.68,5.88,31,30,41,833,Loamy Soil,sweetpotato
26.68,59.1,123.63,6.34,37,39,45,749,Loamy Soil,sweetpotato
26.24,57.29,121.23,6.04,49,21,48,842,Sandy Soil,sweetpotato
22.92,57.5,77.72,5.69,41,25,35,846,Sandy Soil,sweetpotato
23.23,59.69,76.53,5.65,49,37,35,760,Loamy Soil,sweetpotato
23.55,59.47,118.89,6.56,41,34,51,805,Sandy Soil,sweetpotato
22.84,58.98,117.89,6.84,33,35,47,794,Loamy Soil,sweetpotato
24.63,57.73,85.12,6.4,45,39,56,878,Loamy Soil,sweetpotato
25.29,59.94,84.44,6.77,34,27,47,788,Loamy Soil,sweetpotato
22.06,56.74,108.64,6.23,43,21,39,711,Sandy Soil,sweetpotato
24.28,55.33,124.93,6.01,36,25,31,837,Loamy Soil,sweetpotato
25.33,59.54,77.16,6.32,49,38,32,720,Loamy Soil,sweetpotato
25.9,59.27,109.95,5.95,30,22,41,741,Loamy Soil,sweetpotato
26.79,59.98,95.53,6.09,49,36,36,796,Sandy Soil,sweetpotato
22.42,58.92,103.57,6.48,34,31,48,818,Loamy Soil,sweetpotato
25.04,55.6,83.98,6.85,35,35,46,756,Sandy Soil,sweetpotato
25.86,59.25,95.53,5.51,46,26,45,849,Sandy Soil,sweetpotato
25.13,57.19,103.57,6.48,34,31,48,818,Loamy Soil,sweetpotato
26.65,58.97,71.01,6.82,49,34,44,792,Loamy Soil,sweetpotato
23.16,56.76,120.3,5.64,36,25,32,773,Loamy Soil,sweetpotato
26.83,57.14,105.7,6.41,31,34,32,689,Sandy Soil,sweetpotato
23.97,55.97,123.01,6.84,33,39,52,789,Loamy Soil,sweetpotato
21.99,58.82,109.1,5.54,34,38,36,781,Loamy Soil,sweetpotato
24.08,57.51,105.77,5.69,45,34,37,700,Loamy Soil,sweetpotato
21.31,56.09,105.02,6.01,36,21,34,704,Sandy Soil,sweetpotato
22.37,55.36,81.16,6.23,43,36,39,783,Loamy Soil,sweetpotato
21.24,57.65,83.98,6.85,35,35,46,756,Sandy Soil,sweetpotato
23.51,55.19,109.64,5.92,38,35,39,692,Loamy Soil,sweetpotato
23.58,58.98,111.96,5.54,34,22,43,733,Loamy Soil,sweetpotato
23.3,58.12,122.95,6.77,37,21,50,812,Loamy Soil,sweetpotato
26.33,59.3,95.6,5.91,33,35,36,715,Sandy Soil,sweetpotato
24.26,59.84,109.78,6.96,36,34,34,845,Loamy Soil,sweetpotato
25.44,55.24,80.53,5.77,31,31,43,767,Loamy Soil,sweetpotato
24.96,56.77,81.8,6.88,48,22,54,821,Sandy Soil,sweetpotato
24.98,59.43,84.77,6.26,38,27,59,712,Loamy Soil,sweetpotato
21.84,55.48,93.68,5.88,31,30,41,833,Loamy Soil,sweetpotato
26.68,59.1,123.63,6.34,37,39,45,749,Loamy Soil,sweetpotato
26.24,57.29,121.23,6.04,49,21,48,842,Sandy Soil,sweetpotato
22.92,57.5,77.72,5.69,41,25,35,846,Sandy Soil,sweetpotato
23.23,59.69,76.53,5.65,49,37,35,760,Loamy Soil,sweetpotato
23.55,59.47,118.89,6.56,41,34,51,805,Sandy Soil,sweetpotato
22.84,58.98,117.89,6.84,33,35,47,794,Loamy Soil,sweetpotato
24.63,57.73,85.12,6.4,45,39,56,878,Loamy Soil,sweetpotato
25.29,59.94,84.44,6.77,34,27,47,788,Loamy Soil,sweetpotato
22.06,56.74,108.64,6.23,43,21,39,711,Sandy Soil,sweetpotato
24.28,55.33,124.93,6.01,36,25,31,837,Loamy Soil,sweetpotato
25.33,59.54,77.16,6.32,49,38,32,720,Loamy Soil,sweetpotato
25.9,59.27,109.95,5.95,30,22,41,741,Loamy Soil,sweetpotato
26.79,59.98,95.53,6.09,49,36,36,796,Sandy Soil,sweetpotato
22.42,58.92,103.57,6.48,34,31,48,818,Loamy Soil,sweetpotato
25.04,55.6,83.98,6.85,35,35,46,756,Sandy Soil,sweetpotato
25.86,59.25,95.53,5.51,46,26,45,849,Sandy Soil,sweetpotato
25.13,57.19,103.57,6.48,34,31,48,818,Loamy Soil,sweetpotato
26.65,58.97,71.01,6.82,49,34,44,792,Loamy Soil,sweetpotato
23.16,56.76,120.3,5.64,36,25,32,773,Loamy Soil,sweetpotato
26.83,57.14,105.7,6.41,31,34,32,689,Sandy Soil,sweetpotato
23.97,55.97,123.01,6.84,33,39,52,789,Loamy Soil,sweetpotato
21.99,58.82,109.1,5.54,34,38,36,781,Loamy Soil,sweetpotato
24.08,57.51,105.77,5.69,45,34,37,700,Loamy Soil,sweetpotato
21.31,56.09,105.02,6.01,36,21,34,704,Sandy Soil,sweetpotato
22.37,55.36,81.16,6.23,43,36,39,783,Loamy Soil,sweetpotato
21.24,57.65,83.98,6.85,35,35,46,756,Sandy Soil,sweetpotato
23.51,55.19,109.64,5.92,38,35,39,692,Loamy Soil,sweetpotato
23.58,58.98,111.96,5.54,34,22,43,733,Loamy Soil,sweetpotato
23.3,58.12,122.95,6.77,37,21,50,812,Loamy Soil,sweetpotato
26.33,59.3,95.6,5.91,33,35,36,715,Sandy Soil,sweetpotato
24.26,59.84,109.78,6.96,36,34,34,845,Loamy Soil,sweetpotato
25.44,55.24,80.53,5.77,31,31,43,767,Loamy Soil,sweetpotato
24.96,56.77,81.8,6.88,48,22,54,821,Sandy Soil,sweetpotato
24.98,59.43,84.77,6.26,38,27,59,712,Loamy Soil,sweetpotato
21.84,55.48,93.68,5.88,31,30,41,833,Loamy Soil,sweetpotato
26.68,59.1,123.63,6.34,37,39,45,749,Loamy Soil,sweetpotato
26.24,57.29,121.23,6.04,49,21,48,842,Sandy Soil,sweetpotato
22.92,57.5,77.72,5.69,41,25,35,846,Sandy Soil,sweetpotato
23.23,59.69,76.53,5.65,49,37,35,760,Loamy Soil,sweetpotato
23.55,59.47,118.89,6.56,41,34,51,805,Sandy Soil,sweetpotato
22.84,58.98,117.89,6.84,33,35,47,794,Loamy Soil,sweetpotato
24.63,57.73,85.12,6.4,45,39,56,878,Loamy Soil,sweetpotato
25.29,59.94,84.44,6.77,34,27,47,788,Loamy Soil,sweetpotato
22.06,56.74,108.64,6.23,43,21,39,711,Sandy Soil,sweetpotato
24.28,55.33,124.93,6.01,36,25,31,837,Loamy Soil,sweetpotato
25.33,59.54,77.16,6.32,49,38,32,720,Loamy Soil,sweetpotato
25.9,59.27,109.95,5.95,30,22,41,741,Loamy Soil,sweetpotato
26.79,59.98,95.53,6.09,49,36,36,796,Sandy Soil,sweetpotato
22.42,58.92,103.57,6.48,34,31,48,818,Loamy Soil,sweetpotato
25.04,55.6,83.98,6.85,35,35,46,756,Sandy Soil,sweetpotato
25.86,59.25,95.53,5.51,46,26,45,849,Sandy Soil,sweetpotato
25.13,57.19,103.57,6.48,34,31,48,818,Loamy Soil,sweetpotato
26.65,58.97,71.01,6.82,49,34,44,792,Loamy Soil,sweetpotato
27.6557178,60.50275586,186.5498269,4.800908436,68.17,38.25,51.31,1.51,Acidic Soil,tea
21.61299778,56.89640445,201.1799222,4.919827153,63.74,38.21,52.9,1.29,Acidic Soil,tea
26.71554771,56.28765802,155.0653236,4.966697175,62.65,38.41,50.06,1.46,Peaty Soil,tea
27.36559349,62.74215557,192.9191932,4.606762414,68.4,37.86,50.75,2.49,Acidic Soil,tea
21.31388231,60.77131372,230.6059422,4.772296297,66.35,38.18,53.8,2.48,Acidic Soil,tea
27.6557178,58.33021692,239.3774182,4.524333644,71.6445,37.05,52.87,1.19,Acidic Soil,tea
25.25360803,62.32168144,238.5986386,4.937445982,70.86,39.0315,55.42,2.03,Peaty Soil,tea
23.29235578,56.92431128,229.8478065,4.619441417,66.93,37.17,52.87,1.58,Acidic Soil,tea
27.16935877,61.43782383,168.5259941,4.586794581,65.63,37.64,49.31,0.93,Acidic Soil,tea
22.06389813,64.39173836,155.4178681,4.587211525,62.36,38.07,49.0795,1.34,Peaty Soil,tea
27.64363393,61.78526032,211.4984132,4.789560952,70.07,38.39,52.76,2.07,Peaty Soil,tea
21.77257982,57.36551598,164.8080603,4.852144255,61.687,38.01,50.23,1.53,Acidic Soil,tea
21.31388231,60.59493367,242.7375694,4.538276284,67.28,37.38,53.15,2.09,Acidic Soil,tea
23.42065805,62.80335017,207.9346869,4.52906137,66.99,37.63,51.22,0.56,Acidic Soil,tea
23.49211409,55.50981676,247.2123321,4.571921666,67.97,37.04,53.62,0.53,Acidic Soil,tea
21.9348235,63.90516342,247.2123321,4.832617563,69.42,38.85,55.34,0.87,Acidic Soil,tea
24.0028517,64.15172749,205.6436271,4.585519314,67.59,37.97,51.36,2.31,Acidic Soil,tea
23.03270612,58.77109509,243.5264931,4.688463852,68.31,37.63,54.05,2.36,Peaty Soil,tea
23.34008469,62.36487289,190.8030418,4.640843481,65.43,37.93,50.78,1.32,Acidic Soil,tea
25.69642083,64.39173836,247.2123321,4.804786385,71.6445,38.81,55.1,1.21,Acidic Soil,tea
22.50457269,61.89100336,245.8787983,4.903372634,69.03,38.86,55.4215,2.22,Acidic Soil,tea
26.14390845,63.48370129,165.9686138,4.559542615,65.3,37.8,49.0795,0.59,Acidic Soil,tea
25.80495055,55.38065416,220.2481622,4.789734437,67.37,37.47,53.29,1.62,Peaty Soil,tea
26.66413203,61.00949554,195.2644515,4.524595296,67.65,37.39,50.52,1.44,Acidic Soil,tea
26.1454261,63.23452521,235.3354816,4.669570248,71.62,38.14,53.46,1.63,Acidic Soil,tea
24.16451828,56.79991063,235.9374819,4.921436311,67.99,38.2,55.13,0.71,Acidic Soil,tea
21.65594823,61.76715279,241.5411477,4.655763696,67.95,37.9,53.74,1.95,Acidic Soil,tea
22.35753322,56.8091977,155.0653236,4.735721002,61.687,37.53,49.0795,1.87,Acidic Soil,tea
21.96202221,62.1370184,247.2123321,4.859898552,68.8,38.71,55.4215,1.49,Acidic Soil,tea
21.31388231,57.50157537,243.6025436,4.966697175,66.42,38.51,55.4215,1.13,Acidic Soil,tea
27.44758956,63.69135557,218.3234174,4.658126343,71.2,38.16,52.43,1.98,Acidic Soil,tea
21.68623299,55.48736922,156.5019951,4.524333644,61.687,37.04,49.0795,1.92,Peaty Soil,tea
23.37388862,56.70918388,210.8450939,4.966697175,65.53,38.38,53.86,1.38,Acidic Soil,tea
21.97467801,55.38065416,155.5288113,4.636239117,61.687,37.04,49.0795,2.32,Acidic Soil,tea
22.96228267,56.04805635,156.1374967,4.918981763,61.687,38.08,50,2.48,Acidic Soil,tea
23.26790447,59.02050697,187.2409307,4.524333644,64.29,37.11,50.03,0.68,Acidic Soil,tea
22.24106122,62.85507946,244.6364888,4.553135524,69,37.71,53.33,1.88,Acidic Soil,tea
22.63639552,58.32292132,209.8447099,4.524333644,65.39,37.04,51.25,2.38,Acidic Soil,tea
22.43163359,60.43807179,193.10972,4.588707438,64.54,37.52,50.68,0.94,Acidic Soil,tea
25.08481552,64.29997775,173.9597671,4.710750607,65.59,38.43,50.13,0.62,Acidic Soil,tea
26.28259087,58.03195649,183.5504823,4.728712582,65.55,37.67,50.78,1.22,Peaty Soil,tea
22.11748525,64.12712782,177.6582205,4.842597238,64,38.92,50.98,1.11,Acidic Soil,tea
24.57238439,56.50279108,239.435644,4.697892434,68.47,37.36,53.87,0.82,Acidic Soil,tea
25.08757528,60.95161755,168.8599817,4.922258647,64.34,38.8,50.84,1.57,Peaty Soil,tea
21.72328562,61.19266527,164.9584071,4.848392144,62.18,38.53,50.22,2,Acidic Soil,tea
23.34518123,55.7987668,207.0690528,4.84523927,64.99,37.77,52.81,1.58,Acidic Soil,tea
25.7651492,55.38065416,181.3792303,4.562853017,64.33,37.04,49.92,1.79,Acidic Soil,tea
27.57410935,59.30493164,229.527211,4.888876453,70.85,38.43,54.5,1.63,Acidic Soil,tea
26.74935754,57.82609505,186.2506936,4.604537632,66.01,37.24,50.37,1.15,Acidic Soil,tea
23.56110792,58.64932753,213.4530574,4.621923702,66.39,37.4,51.97,1.83,Acidic Soil,tea
26.09137527,62.17607087,188.1757882,4.941233385,66.96,39.0315,52.19,0.55,Acidic Soil,tea
21.31615361,63.99928025,216.1093103,4.5280571,66.38,37.77,51.66,0.64,Acidic Soil,tea
26.62272203,62.55859662,181.1012809,4.922470856,66.76,39.03,51.62,1.76,Acidic Soil,tea
26.38807394,63.31950813,228.1585451,4.579477415,71.18,37.85,52.57,0.98,Acidic Soil,tea
25.32490809,55.66081535,246.4004033,4.633435925,69.3,37.06,53.88,1.82,Acidic Soil,tea
21.54495141,55.38065416,221.6872243,4.938014641,64.61,38.01,54.33,1.78,Acidic Soil,tea
22.1183518,63.70365465,185.2815085,4.844953467,64.5,38.87,51.46,1.6,Acidic Soil,tea
26.16211094,61.97787559,227.9964223,4.911637119,70.54,38.9,54.56,1.67,Acidic Soil,tea
24.92053971,57.57147398,246.7881984,4.935978207,69.67,38.37,55.4215,0.99,Acidic Soil,tea
25.95045898,57.85413835,239.653142,4.880839873,69.99,38.19,55.08,0.59,Acidic Soil,tea
24.63301639,57.46002044,196.3929842,4.831051099,65.44,37.95,52.07,0.63,Acidic Soil,tea
24.82876708,59.91018098,241.371506,4.83559204,69.95,38.3,54.87,1.09,Acidic Soil,tea
27.6557178,61.42790049,228.3346634,4.762332881,71.6445,38.24,53.61,0.91,Acidic Soil,tea
27.6557178,64.39173836,236.1903173,4.562971903,71.6445,37.95,52.92,1.15,Acidic Soil,tea
22.95649075,63.8120111,232.0792469,4.929663336,68.89,39.0315,54.95,0.94,Acidic Soil,tea
23.43413634,58.74017179,155.0653236,4.856532429,61.81,38.22,49.6,1.85,Acidic Soil,tea
25.81561019,61.37751661,170.8665609,4.907115439,65.04,38.8,50.89,2.25,Acidic Soil,tea
22.82587592,61.79043699,170.1582771,4.885462602,63.33,38.77,50.73,2.34,Acidic Soil,tea
27.43109952,64.39173836,224.6921507,4.789136792,71.6445,38.76,53.55,2.35,Acidic Soil,tea
25.49583067,63.75560295,191.8480038,4.667711473,67.32,38.2,50.97,2.28,Acidic Soil,tea
25.23330096,61.7974651,200.4758668,4.612578977,67.37,37.77,51.2,0.87,Acidic Soil,tea
25.37964719,58.53509654,155.8722042,4.966697175,62.86,38.64,50.23,1.77,Acidic Soil,tea
24.49615147,55.39114587,244.9762415,4.966697175,68.47,38.28,55.4215,0.88,Acidic Soil,tea
22.21957062,62.75839766,155.0653236,4.959787104,61.7,39.0315,49.87,0.83,Acidic Soil,tea
24.35912895,59.09236649,176.4064162,4.75307832,64.11,37.89,50.47,1.37,Acidic Soil,tea
22.97874764,58.6037806,244.4469947,4.769261359,68.29,37.88,54.61,0.62,Acidic Soil,tea
27.6557178,62.02982437,179.0622137,4.697778558,67.7,38.08,50.37,1.14,Acidic Soil,tea
25.48662848,61.7437838,190.0583321,4.933758228,66.62,38.96,52.26,0.72,Acidic Soil,tea
24.58711374,55.79821052,187.2205321,4.7956601,64.27,37.59,51.32,1.73,Peaty Soil,tea
27.16597098,58.21527912,155.0653236,4.750591271,63.46,37.76,49.08,0.63,Acidic Soil,tea
23.14542227,63.21390458,174.9286235,4.524333644,64.22,37.62,49.37,1.54,Peaty Soil,tea
23.0978878,58.27703336,242.5840596,4.809708367,68.14,37.98,54.77,1.73,Acidic Soil,tea
25.00948256,62.15526779,210.8341183,4.547006971,68.21,37.6,51.46,0.58,Acidic Soil,tea
21.31388231,62.2083503,222.6514978,4.926585137,66.2,39,54.32,0.76,Acidic Soil,tea
21.60764431,62.21291774,223.1767951,4.826208676,66.67,38.59,53.69,2.42,Acidic Soil,tea
24.32719167,55.84027641,202.281286,4.956920312,65.27,38.2,53.2,1.83,Acidic Soil,tea
23.17241347,57.27057336,191.6467782,4.966652074,64.13,38.45,52.57,0.67,Acidic Soil,tea
25.52732531,60.54989237,247.2123321,4.529971744,71.32,37.35,53.4,1.64,Acidic Soil,tea
27.20376501,61.33330267,185.8214899,4.56939015,67.22,37.57,50.19,2.48,Acidic Soil,tea
27.18322079,56.97878739,222.5623406,4.584185032,69.15,37.08,52.28,2.06,Acidic Soil,tea
22.33596032,62.21735425,202.7590728,4.960493019,65.65,39.0315,53.26,0.53,Acidic Soil,tea
25.56004209,55.38065416,247.1716684,4.83529333,69.32,37.63,55.22,2.1,Peaty Soil,tea
24.05775804,58.71079757,205.6346664,4.57072475,66.14,37.25,51.29,2.48,Acidic Soil,tea
27.59571441,57.56746527,179.5213033,4.908469428,65.84,38.26,51.44,1.26,Acidic Soil,tea
21.31388231,57.31785638,198.6421842,4.557047544,63.45,37.04,50.84,1.65,Acidic Soil,tea
26.28182526,62.25823483,199.2348307,4.541489179,68.11,37.6,50.81,0.85,Acidic Soil,tea
22.98078406,61.52453952,155.1002465,4.849309052,62.18,38.58,49.62,1.54,Peaty Soil,tea
26.20075207,64.39173836,188.0693552,4.619012059,67.79,38.19,50.53,0.72,Acidic Soil,tea
26.10860148,64.38723123,179.4804049,4.788282676,66.76,38.73,50.82,1.97,Acidic Soil,tea
24.37323193,58.85450806,179.1352379,4.93413003,64.28,38.55,51.56,2.45,Acidic Soil,tea
26.33377983,57.36469955,191.6549412,7.261313694,66.08,95.86,137.79,1.97,Neutral Soil,coffee
26.45288458,55.32222678,144.6861336,7.235070264,61.76,100.6,122.07,0.99,Neutral Soil,coffee
25.70822684,52.88667115,136.7325092,7.18915558,60.33,113.88,136.38,0.79,Neutral Soil,coffee
24.12832546,56.18107663,147.2757818,6.431899748,61.09,59.67,74.57,1.9,Acidic Soil,coffee
23.44372334,60.39523266,122.2103248,6.42321105,59.61,61.41,68.25,1.53,Acidic Soil,coffee
23.4123707,52.26994674,139.3670753,6.869720196,59.605,144.45645,144.74486,1.69,Loamy Soil,coffee
23.1768489,51.08826183,164.4971875,6.973839707,60.62,146.07185,148.553,1.81,Neutral Soil,coffee
23.1768489,63.65861483,129.8765443,7.184801627,60.6,133.34,133.71,1.9,Neutral Soil,coffee
27.58103975,51.11044023,122.8392822,6.351823783,59.64,53.66,65.27,1.23,Acidic Soil,coffee
25.46743689,68.48093882,171.3764462,6.392048018,66.82,64.22,77.59,2.29,Acidic Soil,coffee
26.7350622,55.55164819,140.6305213,6.119892347,61.6,48.94,64.8635,2.11,Acidic Soil,coffee
26.20811417,52.50987966,189.0944824,6.910823945,64.46,140.2915,149.0319245,2.31,Neutral Soil,coffee
27.0424167,57.27927475,165.6872119,6.501157208,64.26,64.45,84.29,1.78,Neutral Soil,coffee
24.65090184,51.93952357,135.1386537,7.027585559,59.61,147.0820435,147.57627,1.32,Loamy Soil,coffee
27.35152643,55.99375012,148.9812525,7.13411409,62.68,146.68449,146.5351,2.3,Neutral Soil,coffee
25.17787724,62.26244581,135.0119649,6.647765997,61.76,83.03,91.11,2.26,Loamy Soil,coffee
23.1768489,68.00096043,161.8944624,6.703270635,64.14,98.75,112.75,1.32,Neutral Soil,coffee
27.22783677,52.95261751,175.7260273,7.456646097,64.08,62.21,87.51,1.03,Neutral Soil,coffee
23.26316991,60.5160021,194.1755471,6.724688503,65.19,95.94,134.04,2.04,Loamy Soil,coffee
25.234661,57.53161469,124.2261737,6.080823839,60.02,48.04,64.8635,0.68,Acidic Soil,coffee
25.59535262,57.72920846,194.9221468,7.101661011,66.07,147.0820435,142.0037,1.58,Neutral Soil,coffee
25.5674832,60.49244602,190.2257843,7.456646097,66.35,68.87,94.32,0.79,Loamy Soil,coffee
25.67324193,51.29043632,194.9221468,6.877799264,64.36,143.7669,147.46828,2.03,Neutral Soil,coffee
24.40726724,62.65692638,148.6977358,6.410992833,62.63,61.91,73.66,1.37,Acidic Soil,coffee
23.69287069,66.76090123,144.6576424,7.393825704,62.71,80.86,88.98,0.94,Loamy Soil,coffee
24.53460016,66.99765375,180.5059257,7.456646097,66.48,71.66,89.89,1.35,Loamy Soil,coffee
27.13140403,52.89368299,192.4280381,6.081172981,65.34,48.0205,67.92,0.55,Acidic Soil,coffee
27.56088634,68.48093882,167.4358075,6.516312148,67.56,72.48,86.16,1.91,Loamy Soil,coffee
23.59302313,55.27564977,191.3980675,6.080823839,63.87,48.0205,66.68,1.03,Acidic Soil,coffee
23.17714381,52.13864034,120.5985918,6.959404135,59.605,147.0820435,148.0874,0.82,Loamy Soil,coffee
24.71384065,51.29142534,194.9221468,7.238109556,63.92,94.62,145.0486,0.83,Neutral Soil,coffee
24.38534644,64.72543073,120.5985918,7.234258375,60.49,112.89,108.09,2.49,Neutral Soil,coffee
27.15998538,51.59100753,126.1752206,6.691541233,59.82,80.18,94.54,1.05,Neutral Soil,coffee
26.53543168,67.09608099,120.6494434,6.809593554,61.93,135.72,124.49,1.31,Loamy Soil,coffee
27.01207284,60.76645256,191.4508931,6.485761419,67.46,65.45,89.64,1.94,Acidic Soil,coffee
27.55906475,58.45742907,120.5985918,6.784460602,60.56,111.36,112.96,0.83,Loamy Soil,coffee
23.32293161,53.00366334,168.2644287,7.167092586,61.56,125.16,142.30369,0.87,Loamy Soil,coffee
24.23850608,54.30329632,120.5985918,6.73410539,59.605,91.27,97.75,0.98,Loamy Soil,coffee
23.42611644,64.10651528,122.6847408,6.779984384,60.24,117.41,114.35,1.61,Neutral Soil,coffee
26.02241444,55.83288958,176.9020924,7.277422738,64.28,90.38,125.02,0.73,Loamy Soil,coffee
24.83846178,56.7685316,124.4135035,7.21270048,59.75,110.07,117.99,0.62,Loamy Soil,coffee
26.24092174,65.64381357,148.3771202,7.456646097,64.2,70.42,80.6,1.18,Neutral Soil,coffee
24.43011925,66.02411187,181.6368274,7.231166546,66.28,115.68,144.77,1.47,Loamy Soil,coffee
26.00373964,62.1445102,153.477776,6.559817161,63.78,72.35,86.49,1.73,Loamy Soil,coffee
26.22367404,62.26594559,193.7461968,6.979590627,67.58,140.3331,145.92345,1.06,Neutral Soil,coffee
27.09617155,63.55324262,190.2440566,6.779230041,67.611,116.36,145.666,1.87,Neutral Soil,coffee
25.64004392,61.03273481,194.9221468,6.217974349,67.34,53.41,74.01,2.02,Acidic Soil,coffee
27.58103975,54.36976075,139.8619431,7.205078785,61.72,109.53,130.93,1.23,Neutral Soil,coffee
26.24928198,54.28617819,133.1120232,6.854011265,60.54,141.56,149.0319245,2.22,Loamy Soil,coffee
26.67377159,52.24226285,156.1543898,6.246872394,62.09,50.81,67.65,0.57,Acidic Soil,coffee
27.10210397,55.7497332,139.5013171,6.911066044,61.71,141.40874,141.5751,2.29,Loamy Soil,coffee
27.58103975,61.26002598,194.9221468,6.777417989,67.611,112.57,149.0319245,1.44,Loamy Soil,coffee
27.5364547,55.51673151,130.6377143,6.273741983,61.1,52.93,64.8635,0.64,Acidic Soil,coffee
23.56960509,51.08826183,130.3797119,6.906124587,59.605,147.07043,140.258,0.88,Loamy Soil,coffee
24.99451759,57.93250202,192.8736822,7.162802357,65.52,136.75,143.72024,2.04,Loamy Soil,coffee
27.56441788,54.41094079,177.816092,6.955787351,64.82,146.11743,146.5169,0.52,Neutral Soil,coffee
23.98143338,61.10935084,161.5279095,6.971963169,63.15,140.80902,144.79,1.51,Neutral Soil,coffee
24.22984659,67.37768353,122.4073418,6.840927967,61.1,142.199,142.6,2,Loamy Soil,coffee
25.60153969,68.48093882,168.8383605,6.536676653,66.49,74.46,88.59,1.41,Loamy Soil,coffee
24.31274458,53.57285558,184.4103931,6.089443603,63.34,48.0205,67,0.53,Acidic Soil,coffee
26.36629861,52.25738495,177.3176161,7.456460375,63.57,64.35,91.79,1.44,Loamy Soil,coffee
26.5602777,57.1621814,152.0616227,6.759211911,62.83,101.22,124.2,0.71,Loamy Soil,coffee
26.35034208,58.50650238,121.5586297,7.456646097,60.41,68.14,75.22,1.37,Loamy Soil,coffee
25.20406808,57.88370456,156.1457255,6.652642579,62.66,79.99,99.94,2.42,Neutral Soil,coffee
23.35723208,55.18792166,171.6976946,6.080823839,62.3,48.0205,64.8635,2.11,Peaty Soil,coffee
23.60567546,59.68849145,185.1568059,6.080823839,64.49,49.34,66.67,1.96,Acidic Soil,coffee
24.18471151,68.48093882,163.2708732,7.045543056,65.34,142.474,140.81398,0.68,Loamy Soil,coffee
26.44414097,53.83876189,175.3723314,6.993236001,63.87,141.597,140.4125,0.84,Loamy Soil,coffee
26.12492233,63.37479229,147.8035305,6.726528895,63.6,99.52,112.06,1.73,Neutral Soil,coffee
27.58103975,64.47858698,192.7121236,6.937352845,67.611,146.55164,148.114,2.25,Neutral Soil,coffee
25.55656667,62.67087838,193.5866233,7.27905689,67.23,97.37,132.5,1.67,Loamy Soil,coffee
27.58103975,67.96910852,120.5985918,7.079850922,62.15,142.88594,149.0319245,2.35,Neutral Soil,coffee
26.05968403,52.31098539,161.3432535,6.136286518,62.22,48.17,64.91,0.87,Acidic Soil,coffee
26.35770906,64.57578034,163.6269496,6.505203696,65.47,69.15,84.09,1.68,Loamy Soil,coffee
24.91370487,54.15319242,129.5481144,7.042089492,59.71,147.0820435,144.10644,1.31,Loamy Soil,coffee
27.31317116,68.4233391,192.4288139,6.348337519,67.611,61.5,79.37,0.84,Acidic Soil,coffee
26.1387869,52.26311691,136.3027766,7.432322234,60.34,66.27,82.04,0.71,Neutral Soil,coffee
23.1768489,67.06230539,162.5769606,6.787658922,64,124.75,142.09,1.7,Loamy Soil,coffee
23.52648086,68.44030686,171.8839938,6.743417121,65.38,110.02,129.32,0.81,Loamy Soil,coffee
25.11711046,68.48030408,194.8773479,7.00733163,67.611,147.0820435,149.02861,0.99,Loamy Soil,coffee
24.02952505,58.84880599,134.6803969,7.303033217,60.58,88.26,99.26,1.51,Neutral Soil,coffee
26.70897548,68.48093882,158.8608887,6.861235184,66.43,142.434,140.026,0.88,Neutral Soil,coffee
26.71717393,51.08826183,126.8073984,7.131435858,59.605,145.27,149.0319245,2.4,Loamy Soil,coffee
24.59245684,56.46829641,137.7044047,7.288211994,60.62,88.78,103.71,0.6,Neutral Soil,coffee
27.51006055,51.08826183,143.9955548,6.983732393,61.15,146.54737,143.267,1.77,Neutral Soil,coffee
27.57847581,58.52534263,156.6810374,6.172090205,64.05,51.21,65.23,1,Acidic Soil,coffee
26.65069302,57.56695719,145.105065,6.35118177,62.37,56.62,69.82,1.85,Peaty Soil,coffee
26.97251562,62.0183627,142.8610793,6.908671379,63.28,142.53785,142.787,1.2,Loamy Soil,coffee
23.1768489,52.97841162,153.1201644,6.766184468,60.44,97.97,127.32,1.8,Neutral Soil,coffee
23.52652084,65.44340921,186.1728203,6.392791654,65.92,62.33,80.88,0.53,Acidic Soil,coffee
27.30901814,55.196224,141.4831644,6.348316257,61.85,55.41,68.95,2.12,Acidic Soil,coffee
27.54823036,62.88179198,181.4170812,6.123796057,67.46,51.53,67.61,2.39,Acidic Soil,coffee
25.627355,57.04151119,188.5506536,7.428523634,65.31,69.93,98.67,1.9,Loamy Soil,coffee
23.29250318,51.08826183,183.468585,6.080823839,61.88,48.0205,64.99,1.31,Acidic Soil,coffee
24.91461008,53.74144743,166.2549307,6.334610249,62.37,54.23,73.31,0.83,Acidic Soil,coffee
26.77463708,66.4132686,177.7745075,6.78006386,67.56,120.59,147.77,0.69,Neutral Soil,coffee
27.41711238,56.63636248,127.92461,6.086922359,61.04,48.61,64.8635,1.43,Acidic Soil,coffee
24.13179691,67.22512329,173.3228386,6.362607851,65.62,61.64,76.26,2.26,Acidic Soil,coffee
26.2724184,52.12739421,127.1752928,6.758792552,59.68,94.83,110.3,0.54,Loamy Soil,coffee
23.60301571,60.39647474,140.9370415,6.779832611,61.16,112.3,125.35,2.4,Loamy Soil,coffee
33.0,66.9,178.3,6.71,33.39,58.05,71.04,2.71,Silty Loam,soybean
31.9,74.8,113.7,6.59,25.92,49.94,78.93,1.74,Clay Loam,soybean
25.8,69.1,63.4,6.15,119.25,65.46,117.4,3.12,Silty Loam,shallots
22.0,81.7,197.6,6.19,136.23,82.46,165.87,3.46,Clay Loam,cabbage
28.0,70.7,129.2,7.08,26.37,35.86,50.38,2.05,Loamy Soil,mungbean
31.0,65.2,81.0,6.28,29.93,62.02,78.57,1.19,Loamy Soil,peanut
32.1,71.2,86.6,6.42,26.84,60.43,84.94,1.9,Loamy Soil,peanut
24.5,63.0,60.8,6.67,106.34,60.88,100.57,2.31,Sandy Loam,shallots
31.0,74.6,124.0,6.42,29.77,46.44,54.67,1.78,Sandy Loam,mungbean
29.9,79.8,129.7,7.08,30.12,35.82,53.41,2.07,Sandy Loam,mungbean
23.1,68.1,58.1,6.7,72.13,66.39,110.05,3.59,Silty Loam,garlic
29.5,70.8,90.1,6.9,34.54,44.04,52.15,1.51,Sandy Loam,mungbean
27.9,69.2,75.1,7.32,98.18,68.52,136.78,3.23,Clay Loam,garlic
27.0,68.0,88.8,6.52,72.15,62.29,130.13,2.8,Clay Loam,garlic
26.1,66.4,72.4,7.33,103.0,63.5,92.08,2.58,Clay Loam,garlic
23.5,79.5,175.0,6.9,83.74,48.19,98.86,2.88,Loamy Soil,chives
31.4,73.7,104.1,6.76,20.27,33.97,54.7,2.08,Sandy Loam,mungbean
23.8,66.5,86.4,6.8,75.24,50.51,127.48,3.61,Clay Loam,garlic
30.5,64.4,43.0,6.45,84.93,89.93,124.52,2.39,Sandy Loam,shallots
29.9,89.1,222.2,6.87,77.48,47.97,93.18,3.07,Loamy Soil,chives
29.8,80.5,203.8,6.2,89.51,51.23,91.41,2.97,Silty Loam,chives
31.8,65.7,48.6,6.6,89.05,69.59,148.78,2.48,Silty Loam,shallots
24.5,76.2,247.6,6.85,88.61,49.45,92.84,3.76,Loamy Soil,chives
28.6,73.0,68.4,6.73,80.82,75.28,92.15,3.62,Loamy Soil,garlic
28.8,69.7,104.6,6.75,87.2,76.72,95.51,2.11,Silty Loam,garlic
25.8,87.3,236.9,6.26,121.19,107.99,189.9,3.69,Loamy Soil,cabbage
29.2,71.9,217.2,6.33,61.33,48.14,81.25,2.73,Silty Loam,chives
27.4,68.1,85.7,6.14,83.11,69.68,115.88,2.47,Sandy Loam,shallots
27.2,85.3,181.0,6.26,132.51,104.83,193.53,3.37,Loamy Soil,cabbage
32.0,72.7,108.0,6.06,19.73,55.31,76.68,1.93,Loamy Soil,peanut
27.2,89.3,193.1,6.58,154.94,112.2,172.07,3.1,Silty Loam,cabbage
26.8,67.0,47.7,6.15,84.29,89.13,129.38,2.82,Loamy Soil,shallots
30.2,62.9,39.9,6.17,114.79,67.85,123.5,2.99,Sandy Loam,shallots
25.6,82.6,171.9,6.67,128.05,88.62,156.9,3.81,Clay Loam,cabbage
22.6,86.0,179.2,6.41,160.77,116.06,183.62,3.06,Clay Loam,cabbage
25.6,72.1,51.7,6.99,77.44,58.98,115.64,2.18,Silty Loam,garlic
25.8,86.1,242.9,6.48,173.9,115.06,161.33,3.79,Clay Loam,cabbage
26.6,74.9,95.5,7.06,105.5,53.27,97.92,3.29,Silty Loam,garlic
32.2,66.6,100.1,6.44,35.77,42.6,66.32,2.26,Silty Loam,soybean
23.4,86.6,231.8,6.45,67.03,44.18,82.51,3.36,Silty Loam,chives
24.5,86.1,226.9,6.13,174.64,108.66,170.05,3.85,Silty Loam,cabbage
25.3,77.6,150.3,6.72,30.39,46.37,72.0,2.15,Silty Loam,soybean
26.4,78.8,132.5,6.9,33.11,44.96,69.23,1.78,Clay Loam,soybean
28.2,72.0,191.0,6.53,88.86,43.56,91.24,3.15,Loamy Soil,chives
24.7,68.3,52.4,6.82,100.09,60.99,120.88,3.31,Loamy Soil,garlic
25.2,76.3,219.6,5.71,144.18,104.81,174.78,2.59,Sandy Loam,chilli
26.2,76.7,171.6,6.21,32.14,56.78,66.76,2.63,Loamy Soil,soybean
26.8,76.7,143.7,6.43,28.17,32.68,67.46,1.97,Sandy Loam,mungbean
30.9,79.6,132.0,6.73,39.77,57.99,76.78,2.07,Silty Loam,soybean
31.0,61.5,78.9,6.47,95.59,89.63,133.76,3.2,Loamy Soil,shallots
32.0,63.0,88.4,6.57,94.71,69.03,135.62,2.65,Silty Loam,shallots
25.9,74.8,192.4,6.17,23.78,59.59,62.49,2.48,Loamy Soil,soybean
30.1,82.8,106.8,5.64,103.14,113.41,176.61,2.81,Sandy Loam,chilli
30.4,71.9,83.5,6.26,25.81,64.47,85.26,1.38,Loamy Soil,peanut
28.2,73.5,68.1,6.61,107.36,66.44,99.74,2.64,Loamy Soil,garlic
28.8,80.7,139.3,6.78,28.04,43.14,58.49,1.65,Loamy Soil,mungbean
29.5,71.8,103.1,6.81,27.32,46.81,64.11,1.97,Sandy Loam,mungbean
28.8,66.1,58.6,6.17,24.37,58.58,85.09,2.18,Sandy Loam,peanut
28.3,77.2,152.2,6.83,65.47,51.55,96.15,3.87,Silty Loam,chives
32.9,69.3,163.6,6.19,34.08,59.26,64.72,2.17,Silty Loam,soybean
29.5,74.5,71.2,6.3,27.07,55.99,79.83,1.67,Sandy Loam,peanut
28.3,68.8,102.0,6.78,87.14,66.11,90.97,2.75,Clay Loam,garlic
27.1,79.0,186.6,6.13,31.75,59.83,73.31,2.32,Clay Loam,soybean
30.1,66.3,54.1,5.95,24.4,50.48,73.29,1.8,Loamy Soil,peanut
30.1,65.0,35.2,6.37,86.47,85.94,108.38,2.63,Loamy Soil,shallots
27.1,77.3,190.9,6.0,143.27,102.66,166.13,2.98,Clay Loam,cabbage
23.1,70.3,225.4,6.37,70.67,41.29,81.75,2.69,Silty Loam,chives
29.9,71.9,50.1,6.58,84.02,71.11,121.87,3.15,Sandy Loam,shallots
23.9,81.2,231.8,6.2,168.85,101.93,188.27,3.89,Clay Loam,cabbage
24.6,65.4,72.7,6.84,99.28,71.73,97.66,2.54,Clay Loam,garlic
24.8,68.3,61.5,7.34,77.24,56.43,117.43,2.37,Clay Loam,garlic
28.7,64.3,82.1,6.17,113.61,83.2,139.74,2.73,Silty Loam,shallots
25.2,75.3,152.5,6.39,77.81,51.76,98.55,2.81,Loamy Soil,chives
31.7,74.8,200.6,5.51,130.31,116.63,161.36,1.91,Sandy Loam,chilli
28.9,74.2,159.5,6.63,148.49,114.27,147.93,3.01,Loamy Soil,chilli
26.7,79.3,137.1,7.18,24.46,37.73,53.19,2.08,Sandy Loam,mungbean
26.0,76.7,145.9,6.0,39.04,50.86,72.63,2.56,Loamy Soil,soybean
31.1,79.1,189.2,6.67,20.62,51.01,71.52,2.46,Silty Loam,soybean
29.5,81.5,124.1,6.94,29.25,40.81,52.25,2.14,Loamy Soil,mungbean
27.8,72.3,84.0,6.44,98.69,78.17,122.05,2.91,Sandy Loam,shallots
28.4,80.9,116.1,6.38,21.05,36.49,69.27,1.6,Sandy Loam,mungbean
23.1,82.7,262.8,6.75,62.95,42.88,74.3,3.34,Loamy Soil,chives
26.3,74.2,36.9,6.34,95.98,78.28,109.4,2.9,Sandy Loam,shallots
28.7,84.8,82.5,6.23,24.32,45.15,53.57,1.51,Loamy Soil,mungbean
28.9,72.7,233.5,6.67,62.97,44.88,99.01,2.85,Silty Loam,chives
23.3,82.3,245.7,6.26,168.94,111.85,191.55,3.0,Clay Loam,cabbage
29.3,72.0,42.1,6.69,115.01,70.29,149.27,2.15,Sandy Loam,shallots
33.8,73.0,90.9,6.22,29.3,69.9,86.34,2.02,Loamy Soil,peanut
27.1,74.7,142.8,6.8,149.55,95.59,167.99,2.89,Silty Loam,chilli
24.1,63.7,47.1,6.41,100.27,64.64,129.01,3.44,Sandy Loam,shallots
31.6,75.6,126.5,6.57,35.73,43.48,63.38,2.69,Clay Loam,soybean
27.7,70.9,290.7,6.68,65.56,56.06,75.39,3.96,Loamy Soil,chives
27.5,74.2,158.3,6.94,62.75,56.82,83.19,3.05,Silty Loam,chives
30.6,75.3,138.1,6.38,33.16,48.37,54.61,1.92,Sandy Loam,mungbean
24.7,80.9,117.2,6.71,111.25,111.31,149.45,1.93,Silty Loam,chilli
33.3,70.4,58.7,6.23,20.59,59.69,87.8,1.69,Sandy Loam,peanut
29.7,74.7,89.1,6.07,101.65,62.11,132.56,3.49,Silty Loam,shallots
28.3,67.2,61.2,5.89,19.54,57.14,77.48,1.44,Loamy Soil,peanut
30.3,84.0,99.3,6.34,34.74,47.61,51.82,1.65,Sandy Loam,mungbean
29.6,76.0,145.8,6.03,37.9,47.51,61.74,1.8,Silty Loam,soybean
28.5,72.0,88.7,7.02,23.53,33.85,51.14,2.47,Loamy Soil,mungbean
29.7,67.2,65.2,6.34,27.39,54.99,87.71,1.65,Loamy Soil,peanut
27.8,86.9,179.7,7.0,67.15,51.25,81.13,2.57,Loamy Soil,chives
29.2,78.0,184.1,6.35,82.55,49.18,95.07,3.04,Loamy Soil,chives
27.0,62.1,54.8,6.23,102.34,85.04,120.67,3.35,Loamy Soil,shallots
26.0,77.0,203.5,6.8,131.44,110.61,181.72,3.76,Clay Loam,cabbage
30.0,71.2,139.8,6.57,26.19,30.8,58.51,1.94,Sandy Loam,mungbean
28.5,65.9,80.4,6.22,19.82,61.56,75.74,1.11,Sandy Loam,peanut
31.5,73.8,83.2,5.96,26.08,59.61,72.86,2.05,Loamy Soil,peanut
28.4,75.2,161.0,6.78,29.78,55.41,62.86,2.21,Clay Loam,soybean
27.4,83.0,104.9,6.32,126.73,113.16,123.55,2.13,Sandy Loam,chilli
26.3,75.8,126.0,6.91,28.44,53.59,77.36,2.58,Silty Loam,soybean
27.7,82.3,179.6,6.22,168.21,98.24,172.97,3.11,Loamy Soil,cabbage
30.2,76.3,195.5,6.41,39.74,52.53,69.77,2.59,Clay Loam,soybean
26.0,78.2,158.0,6.57,30.75,47.86,78.47,2.12,Silty Loam,soybean
27.1,75.3,149.8,5.62,111.33,98.87,151.19,2.99,Sandy Loam,chilli
27.3,61.6,76.5,6.58,118.32,66.97,118.7,2.32,Sandy Loam,shallots
25.0,78.5,166.8,5.82,102.44,103.09,150.23,2.56,Loamy Soil,chilli
31.7,78.6,140.7,6.48,26.95,32.44,61.31,1.97,Sandy Loam,mungbean
29.7,71.7,73.1,6.43,27.37,59.37,76.01,1.51,Sandy Loam,peanut
24.6,70.7,234.0,6.64,127.86,114.84,127.2,3.13,Loamy Soil,chilli
27.2,75.0,105.5,7.39,92.63,53.75,109.07,2.06,Silty Loam,garlic
29.7,67.3,58.9,6.48,80.85,86.23,147.9,2.9,Sandy Loam,shallots
25.5,75.8,272.5,6.95,63.79,44.27,83.34,2.88,Silty Loam,chives
22.3,81.5,225.2,6.5,175.16,119.15,193.99,3.99,Clay Loam,cabbage
27.0,69.0,81.2,5.89,21.9,67.14,76.27,1.94,Sandy Loam,peanut
24.0,68.5,85.5,7.01,98.11,51.82,108.46,3.54,Clay Loam,garlic
24.3,66.4,59.1,7.07,85.62,54.69,125.91,2.13,Silty Loam,garlic
22.3,78.8,169.0,6.47,82.96,58.83,70.65,3.24,Loamy Soil,chives
29.3,61.9,61.9,6.45,82.68,76.45,117.54,2.89,Sandy Loam,shallots
32.2,78.7,125.3,6.86,27.57,57.97,71.2,1.6,Clay Loam,soybean
25.4,83.4,232.0,6.73,143.74,91.6,161.25,3.55,Clay Loam,cabbage
27.6,75.5,193.3,6.22,64.85,51.31,81.48,2.92,Loamy Soil,chives
25.9,60.6,75.0,6.38,108.93,61.16,125.21,2.67,Loamy Soil,shallots
31.3,67.3,107.8,6.38,23.9,63.31,88.87,1.62,Sandy Loam,peanut
31.3,72.5,62.8,6.48,21.52,64.5,80.18,1.45,Sandy Loam,peanut
30.5,75.4,128.7,6.64,22.26,46.66,64.72,1.8,Sandy Loam,mungbean
29.0,65.9,139.4,6.62,23.99,45.17,75.55,2.22,Silty Loam,soybean
27.3,83.4,277.9,6.15,79.72,59.18,72.45,2.67,Silty Loam,chives
27.2,68.7,49.1,6.81,103.77,64.75,122.51,2.73,Silty Loam,garlic
29.7,68.1,55.9,6.06,26.49,51.15,83.83,1.58,Loamy Soil,peanut
24.6,76.5,143.1,6.64,132.54,103.08,154.59,2.88,Silty Loam,chilli
27.1,82.8,107.2,6.65,141.06,96.61,154.71,2.18,Sandy Loam,chilli
33.5,72.7,115.6,6.29,20.35,66.3,71.83,1.47,Sandy Loam,peanut
27.6,66.3,178.5,6.97,30.28,50.05,66.13,2.79,Loamy Soil,soybean
28.8,80.3,121.3,6.52,22.44,33.28,66.97,2.06,Sandy Loam,mungbean
26.2,81.6,163.0,6.85,70.97,56.05,92.67,2.54,Loamy Soil,chives
30.4,84.2,120.5,6.69,142.83,96.28,132.15,2.52,Sandy Loam,chilli
24.7,89.9,207.8,6.19,179.23,112.24,184.85,3.25,Silty Loam,cabbage
29.0,70.3,271.1,6.53,80.52,44.06,89.61,3.8,Silty Loam,chives
30.2,75.4,166.4,6.14,111.39,109.86,146.15,1.93,Sandy Loam,chilli
28.1,70.5,52.5,5.92,15.46,52.32,79.61,1.24,Sandy Loam,peanut
28.1,66.6,89.6,5.81,24.63,64.68,88.76,1.09,Loamy Soil,peanut
30.7,73.1,151.8,6.68,33.57,43.26,75.15,2.73,Clay Loam,soybean
22.1,82.9,266.5,6.9,88.9,53.39,92.51,3.98,Loamy Soil,chives
28.8,79.5,187.1,5.91,115.07,106.29,156.26,2.95,Sandy Loam,chilli
27.3,67.6,48.8,7.07,74.95,62.26,94.68,3.06,Silty Loam,garlic
29.2,74.8,98.0,7.46,83.0,77.06,107.22,3.08,Silty Loam,garlic
24.5,68.4,65.0,7.3,104.07,61.34,137.06,3.43,Clay Loam,garlic
29.2,72.2,86.2,6.61,23.79,31.69,65.12,2.38,Sandy Loam,mungbean
28.8,69.8,165.0,6.07,35.0,46.33,76.62,1.78,Clay Loam,soybean
28.6,68.6,47.2,6.5,85.81,83.46,102.6,3.42,Loamy Soil,shallots
28.9,75.5,128.3,6.92,34.72,41.75,62.96,2.37,Loamy Soil,mungbean
26.6,73.0,67.3,7.19,80.96,78.97,96.91,2.34,Loamy Soil,garlic
32.7,74.0,78.3,6.15,29.44,66.62,70.66,1.53,Sandy Loam,peanut
29.0,67.3,119.6,6.41,18.26,54.74,84.86,1.34,Sandy Loam,peanut
24.1,67.8,35.5,6.57,84.52,87.42,149.25,3.1,Silty Loam,shallots
33.9,66.3,119.7,6.04,17.18,56.13,75.82,1.49,Loamy Soil,peanut
29.2,69.7,109.9,5.86,17.75,64.08,88.89,2.18,Loamy Soil,peanut
29.9,65.7,35.5,6.39,97.21,67.78,114.68,2.58,Sandy Loam,shallots
28.6,65.3,90.6,7.3,77.81,66.8,115.97,2.09,Clay Loam,garlic
26.3,84.3,111.4,6.81,28.44,34.62,61.34,1.6,Loamy Soil,mungbean
30.0,75.5,142.8,6.99,33.15,40.69,53.64,2.06,Loamy Soil,mungbean
28.2,83.4,122.5,7.05,27.54,44.18,62.85,1.57,Loamy Soil,mungbean
26.8,78.4,147.2,6.89,29.84,48.45,58.5,1.68,Sandy Loam,mungbean
27.9,71.0,225.4,6.0,60.54,42.04,94.17,2.72,Loamy Soil,chives
33.5,73.8,70.9,6.3,21.66,64.6,78.12,1.82,Sandy Loam,peanut
29.2,80.6,105.2,6.58,32.54,36.89,50.31,2.23,Loamy Soil,mungbean
26.2,79.0,157.9,6.27,133.08,81.08,150.67,2.68,Silty Loam,cabbage
28.6,70.6,49.0,7.02,107.37,60.14,126.92,2.54,Silty Loam,garlic
26.1,72.7,131.4,6.8,22.82,35.12,56.44,2.43,Sandy Loam,mungbean
25.2,86.6,215.5,6.72,128.09,114.33,173.82,3.44,Loamy Soil,cabbage
25.7,66.1,35.5,6.02,83.18,73.82,133.4,2.19,Loamy Soil,shallots
31.5,70.4,79.8,6.51,96.39,67.52,118.45,2.6,Loamy Soil,shallots
24.7,71.3,167.0,6.02,142.0,96.27,161.23,2.01,Silty Loam,chilli
29.8,65.4,88.4,6.38,26.87,57.71,82.84,1.87,Loamy Soil,peanut
25.0,71.2,210.2,6.51,78.08,59.98,80.96,2.62,Loamy Soil,chives
28.0,70.2,80.5,6.64,28.27,45.31,61.18,1.9,Sandy Loam,mungbean
25.1,73.2,179.0,6.35,139.7,119.94,124.16,3.01,Loamy Soil,chilli
23.1,72.9,95.4,6.98,105.69,65.25,137.21,3.7,Clay Loam,garlic
33.8,72.7,67.9,6.08,19.14,58.0,70.39,1.76,Loamy Soil,peanut
28.6,67.3,99.6,6.83,73.3,76.02,130.59,2.25,Silty Loam,garlic
27.8,89.5,167.1,6.15,61.07,48.06,94.47,3.41,Loamy Soil,chives
26.2,77.9,247.9,6.33,165.86,109.2,195.04,2.81,Silty Loam,cabbage
26.3,71.1,63.3,6.75,74.98,73.69,110.34,3.64,Silty Loam,garlic
25.3,73.7,64.1,6.84,82.35,55.33,109.58,2.68,Loamy Soil,garlic
30.0,77.7,279.7,6.24,81.63,57.07,82.87,2.84,Silty Loam,chives
27.2,88.7,264.0,6.12,61.04,49.16,87.83,3.82,Silty Loam,chives
29.6,78.1,147.4,6.37,136.72,86.12,145.57,2.34,Loamy Soil,chilli
24.3,83.3,156.3,6.5,119.53,80.21,135.29,2.13,Silty Loam,chilli
29.2,73.8,109.4,6.38,27.82,65.07,76.34,2.16,Sandy Loam,peanut
28.5,78.6,242.1,6.38,129.82,93.29,170.34,2.68,Loamy Soil,chilli
28.8,71.0,172.8,6.74,101.45,93.28,129.1,2.48,Silty Loam,chilli
28.9,82.9,236.7,6.88,86.55,52.82,79.22,3.66,Silty Loam,chives
33.8,66.2,51.8,5.85,15.75,61.4,74.07,1.26,Sandy Loam,peanut
28.1,69.8,101.1,5.9,25.91,60.54,79.7,1.91,Sandy Loam,peanut
27.6,72.8,69.4,7.11,75.36,74.27,131.7,3.58,Loamy Soil,garlic
25.1,69.4,116.5,6.81,31.03,43.17,78.84,2.02,Silty Loam,soybean
25.0,70.6,81.9,7.18,99.83,67.07,102.52,2.84,Silty Loam,garlic
31.9,70.3,152.5,6.17,130.67,117.93,123.12,2.12,Silty Loam,chilli
31.2,70.5,245.1,6.34,136.26,112.27,127.39,2.95,Sandy Loam,chilli
28.2,64.3,33.8,6.23,91.67,88.65,140.48,3.24,Loamy Soil,shallots
27.9,83.4,178.0,6.08,120.33,83.34,183.94,2.66,Silty Loam,cabbage
28.3,78.3,162.3,6.5,30.37,40.17,64.47,2.24,Loamy Soil,soybean
24.5,75.0,204.9,6.51,76.48,52.05,72.98,3.86,Loamy Soil,chives
25.2,79.4,120.1,6.72,38.46,52.61,78.23,2.44,Silty Loam,soybean
26.2,72.6,43.4,6.53,92.88,62.92,145.47,3.27,Loamy Soil,shallots
28.4,75.5,261.6,6.23,79.05,47.42,83.07,2.86,Loamy Soil,chives
24.1,82.9,118.4,6.23,125.97,117.74,158.48,2.53,Silty Loam,chilli
29.0,73.9,99.7,6.66,32.86,34.5,65.46,1.87,Sandy Loam,mungbean
26.3,74.6,95.5,6.37,27.5,36.82,60.5,1.8,Loamy Soil,mungbean
29.2,76.3,150.9,6.5,89.24,55.55,79.73,3.94,Silty Loam,chives
23.3,66.3,57.3,7.33,98.05,71.72,127.99,2.64,Clay Loam,garlic
29.4,66.6,88.3,6.68,81.97,70.95,135.51,3.15,Silty Loam,garlic
29.0,86.9,177.3,6.19,87.29,42.73,89.88,3.46,Loamy Soil,chives
23.0,81.1,201.6,6.09,144.04,91.55,163.9,2.65,Silty Loam,cabbage
29.2,82.8,84.1,6.98,26.98,38.06,54.23,2.02,Sandy Loam,mungbean
28.8,84.6,106.0,6.77,24.81,41.05,51.5,2.29,Sandy Loam,mungbean
31.2,74.9,177.0,6.18,31.27,41.23,63.76,2.2,Silty Loam,soybean
23.5,80.2,176.6,6.07,155.2,119.66,167.32,3.97,Silty Loam,cabbage
32.7,68.4,54.4,6.35,16.2,60.3,86.0,1.27,Sandy Loam,peanut
25.5,72.3,149.2,6.69,122.88,87.76,171.91,2.35,Loamy Soil,chilli
26.6,77.4,201.8,6.08,136.31,113.2,190.6,3.19,Clay Loam,cabbage
32.9,73.7,131.7,6.03,32.11,55.62,77.48,2.23,Silty Loam,soybean
26.8,73.3,116.2,6.93,28.94,41.85,68.08,2.45,Loamy Soil,mungbean
24.0,89.8,177.3,6.38,149.91,90.46,173.62,3.68,Clay Loam,cabbage
25.2,85.6,290.3,6.74,80.75,44.1,74.96,2.5,Silty Loam,chives
24.5,78.1,213.4,6.25,134.76,86.58,158.21,3.73,Clay Loam,cabbage
26.7,86.9,200.0,6.08,85.31,59.54,86.82,3.97,Loamy Soil,chives
25.1,84.7,176.6,6.05,65.78,49.81,89.9,2.69,Loamy Soil,chives
29.0,76.8,173.8,6.23,20.35,45.66,66.03,1.92,Loamy Soil,soybean
24.8,70.7,47.7,6.09,96.29,69.14,137.53,3.22,Loamy Soil,shallots
29.3,65.6,116.0,5.81,23.03,55.0,75.29,1.4,Sandy Loam,peanut
28.9,80.3,126.8,6.23,24.46,43.98,56.53,2.5,Sandy Loam,mungbean
26.3,73.6,130.4,6.11,142.55,116.66,136.31,2.83,Silty Loam,chilli
28.9,82.3,97.7,6.76,32.01,46.57,51.27,2.4,Sandy Loam,mungbean
28.4,74.0,69.4,5.95,21.25,58.54,74.66,1.3,Sandy Loam,peanut
26.1,75.0,95.2,6.75,80.63,69.32,102.58,2.57,Loamy Soil,garlic
24.7,63.1,91.3,6.31,95.76,63.86,149.29,3.15,Loamy Soil,shallots
27.1,74.1,105.1,6.66,21.34,47.48,61.59,1.66,Loamy Soil,mungbean
24.5,74.9,59.6,6.6,72.19,58.92,134.81,2.24,Silty Loam,garlic
28.5,78.9,295.7,6.61,87.27,51.14,94.24,2.84,Loamy Soil,chives
27.7,88.2,231.2,6.68,87.05,50.52,80.19,3.57,Loamy Soil,chives
30.0,81.3,105.0,6.65,26.69,39.95,59.28,2.47,Loamy Soil,mungbean
28.8,80.6,116.9,6.65,32.69,39.79,59.44,1.72,Sandy Loam,mungbean
24.4,67.8,63.6,6.93,109.52,53.56,133.31,2.2,Loamy Soil,garlic
32.9,79.8,105.8,6.83,28.83,58.04,61.7,1.76,Clay Loam,soybean
31.9,75.0,134.3,6.98,25.92,47.42,50.06,2.35,Sandy Loam,mungbean
29.6,77.8,114.7,6.39,22.09,37.49,60.88,1.63,Sandy Loam,mungbean
28.2,66.3,111.0,6.25,15.92,56.2,72.67,2.13,Loamy Soil,peanut
22.5,82.2,228.1,6.79,155.85,80.32,179.13,2.97,Silty Loam,cabbage
29.6,70.1,104.0,6.27,28.99,69.87,84.97,1.98,Loamy Soil,peanut
29.3,77.6,190.6,6.21,126.78,86.57,131.03,1.88,Silty Loam,chilli
29.1,73.9,223.5,6.9,64.59,50.71,91.19,3.87,Loamy Soil,chives
31.0,72.0,58.8,5.91,27.11,53.98,84.43,1.84,Sandy Loam,peanut
25.2,70.1,158.7,6.08,22.24,50.96,72.57,1.75,Loamy Soil,soybean
32.0,76.5,127.0,6.27,30.92,45.76,58.44,1.59,Loamy Soil,mungbean
26.0,63.8,35.1,6.26,114.2,60.36,130.01,3.31,Silty Loam,shallots
26.0,79.5,163.2,6.53,147.44,115.03,136.8,2.46,Loamy Soil,chilli
24.0,77.9,154.9,6.44,177.93,87.41,192.68,3.16,Silty Loam,cabbage
29.3,71.6,106.5,6.72,75.61,56.98,109.56,2.26,Silty Loam,garlic
30.8,66.9,197.9,6.47,33.92,46.5,74.02,1.91,Loamy Soil,soybean
28.8,67.7,110.2,6.78,27.6,54.7,73.6,1.91,Silty Loam,soybean
26.9,88.6,170.5,6.0,76.19,59.95,99.32,2.65,Silty Loam,chives
27.8,83.8,82.7,6.64,34.05,45.32,69.12,2.0,Sandy Loam,mungbean
31.0,75.3,121.5,6.45,32.85,47.43,50.42,2.18,Sandy Loam,mungbean
33.0,75.9,104.6,6.18,22.56,43.75,78.31,2.22,Loamy Soil,soybean
26.7,61.4,68.5,6.4,117.83,68.14,136.78,3.22,Loamy Soil,shallots
31.2,73.5,123.3,6.39,20.91,54.96,72.97,2.19,Silty Loam,soybean
31.9,70.4,131.7,6.36,34.55,47.02,72.27,2.37,Silty Loam,soybean
29.4,64.9,35.8,6.38,91.15,80.56,144.82,2.62,Loamy Soil,shallots
25.7,80.6,218.9,6.13,143.09,118.11,186.92,2.6,Silty Loam,cabbage
23.7,68.5,104.6,7.05,106.79,72.79,92.45,2.39,Loamy Soil,garlic
27.6,69.5,60.2,6.37,98.88,68.68,122.37,3.27,Loamy Soil,shallots
23.8,83.5,151.3,6.68,143.43,97.15,186.76,2.86,Clay Loam,cabbage
27.4,76.7,205.6,6.29,146.74,101.59,163.24,3.34,Silty Loam,cabbage
28.6,73.3,42.5,6.7,91.44,74.17,137.55,3.23,Loamy Soil,garlic
29.9,66.1,122.0,6.01,38.21,43.34,61.41,2.07,Loamy Soil,soybean
24.3,70.4,57.5,7.33,71.28,70.66,132.07,3.69,Loamy Soil,garlic
27.1,85.5,150.9,6.73,146.96,106.66,151.3,2.81,Silty Loam,cabbage
31.8,70.5,246.0,6.49,126.41,98.28,136.7,1.9,Loamy Soil,chilli
29.6,67.7,70.4,7.1,88.04,71.16,90.68,2.85,Silty Loam,garlic
27.3,88.0,237.8,6.95,78.08,58.19,85.66,3.09,Loamy Soil,chives
23.4,71.4,235.4,6.96,86.33,46.67,77.22,3.3,Loamy Soil,chives
25.3,74.3,203.7,6.16,73.38,47.23,85.55,3.65,Silty Loam,chives
29.2,76.6,178.5,6.01,25.04,40.57,74.39,1.55,Clay Loam,soybean
24.6,79.5,159.9,6.03,146.35,108.47,189.35,3.65,Clay Loam,cabbage
26.8,72.5,142.7,6.32,22.71,40.39,54.51,1.98,Loamy Soil,mungbean
26.6,70.5,131.5,6.01,32.24,47.91,75.25,1.62,Clay Loam,soybean
22.9,74.7,276.8,6.86,84.63,58.35,91.13,3.88,Loamy Soil,chives
24.2,69.6,85.1,6.39,97.64,84.01,115.31,2.51,Loamy Soil,shallots
28.1,68.0,54.0,6.16,110.64,81.83,149.93,2.59,Sandy Loam,shallots
28.7,74.7,84.8,6.57,32.39,30.26,69.86,2.07,Loamy Soil,mungbean
31.3,76.3,162.9,6.36,20.77,58.62,70.53,2.68,Silty Loam,soybean
26.2,78.7,154.6,6.68,154.6,94.12,171.29,3.3,Clay Loam,cabbage
30.4,71.6,91.1,6.2,28.45,34.82,57.28,1.52,Loamy Soil,mungbean
25.4,77.2,195.2,6.76,32.66,54.08,60.57,1.57,Silty Loam,soybean
33.2,71.5,63.5,6.13,21.54,51.98,82.61,2.13,Sandy Loam,peanut
29.8,71.0,105.8,6.98,34.71,48.22,63.96,1.93,Loamy Soil,soybean
22.8,84.8,205.1,6.38,155.43,118.52,163.69,2.64,Clay Loam,cabbage
24.5,75.7,165.5,6.44,62.96,43.44,76.71,3.77,Silty Loam,chives
30.1,70.6,99.3,7.0,20.97,38.65,55.97,2.36,Loamy Soil,mungbean
24.0,76.2,173.3,5.59,126.45,98.13,120.14,2.05,Loamy Soil,chilli
25.8,84.4,199.1,6.42,70.43,42.39,86.8,3.59,Silty Loam,chives
27.7,66.6,84.2,6.8,83.92,56.91,114.21,3.58,Silty Loam,garlic
27.6,74.2,63.6,6.18,82.84,65.04,104.93,2.24,Silty Loam,shallots
26.6,80.5,264.0,6.37,71.31,41.29,75.79,3.06,Loamy Soil,chives
27.4,73.0,258.4,6.71,85.41,52.56,82.76,3.13,Silty Loam,chives
33.3,68.7,95.5,6.39,21.19,54.72,84.86,1.2,Sandy Loam,peanut
26.4,80.3,136.0,7.17,27.68,40.19,59.2,2.34,Sandy Loam,mungbean
24.8,85.7,263.6,6.56,82.8,47.53,85.14,2.65,Loamy Soil,chives
24.2,81.0,190.6,6.18,163.63,112.29,159.53,3.75,Clay Loam,cabbage
26.3,75.8,100.1,7.07,29.95,34.93,69.52,1.92,Sandy Loam,mungbean
29.8,74.4,188.4,6.66,33.49,49.11,61.75,2.46,Loamy Soil,soybean
30.5,84.0,128.8,5.75,134.92,115.83,177.24,2.11,Silty Loam,chilli
29.0,66.6,85.2,7.24,71.54,52.17,106.95,3.8,Loamy Soil,garlic
27.0,76.0,161.7,6.25,89.85,59.97,84.85,3.29,Loamy Soil,chives
27.4,78.7,179.0,6.87,33.17,45.35,61.76,2.59,Clay Loam,soybean
31.3,75.4,177.3,5.79,116.02,118.39,165.05,2.4,Sandy Loam,chilli
32.9,78.4,128.3,6.58,26.47,59.46,78.75,1.93,Clay Loam,soybean
23.6,68.4,96.5,7.13,104.8,66.3,117.14,3.65,Clay Loam,garlic
27.2,88.8,187.8,6.28,76.19,46.95,77.93,3.69,Loamy Soil,chives
28.9,74.2,65.7,6.16,18.28,59.48,88.2,2.12,Loamy Soil,peanut
32.9,70.9,88.0,5.84,29.55,59.51,78.0,1.42,Loamy Soil,peanut
25.1,84.8,109.4,6.5,101.96,118.9,141.37,2.55,Silty Loam,chilli
26.7,89.4,273.7,6.06,67.89,45.06,97.33,3.95,Silty Loam,chives
27.1,73.4,160.8,6.58,71.52,45.11,99.73,3.89,Silty Loam,chives
30.8,68.8,112.3,6.19,27.16,62.14,77.92,1.41,Sandy Loam,peanut
28.4,81.8,124.2,7.15,32.69,43.54,61.26,1.62,Loamy Soil,mungbean
33.1,65.3,62.4,6.01,29.02,56.5,86.41,1.13,Loamy Soil,peanut
26.3,85.7,187.6,6.74,81.87,43.25,86.04,3.54,Loamy Soil,chives
24.5,75.2,245.6,6.61,150.23,119.43,168.72,3.46,Clay Loam,cabbage
25.2,74.8,137.6,6.84,32.46,47.22,69.63,2.4,Clay Loam,soybean
29.9,76.9,106.5,7.07,27.44,39.27,62.53,2.47,Loamy Soil,mungbean
27.3,66.6,109.9,6.22,20.32,58.55,71.14,1.53,Sandy Loam,peanut
32.4,74.1,178.3,6.33,32.41,54.55,63.73,1.75,Clay Loam,soybean
25.5,67.7,76.9,6.25,83.98,79.73,114.38,3.28,Sandy Loam,shallots
26.9,70.5,171.2,6.57,133.28,95.85,126.96,2.65,Silty Loam,chilli
31.1,71.8,66.5,6.08,25.0,69.79,75.14,2.09,Loamy Soil,peanut
30.9,73.9,122.9,6.35,33.7,49.28,58.3,2.0,Loamy Soil,mungbean
30.0,73.7,107.7,7.16,33.01,49.15,64.91,2.17,Loamy Soil,mungbean
23.8,85.9,165.8,6.07,147.74,81.91,166.98,3.81,Loamy Soil,cabbage
22.3,82.5,251.1,6.92,88.89,53.14,84.48,2.82,Loamy Soil,chives
29.3,73.7,190.6,5.83,131.13,92.31,134.89,2.86,Sandy Loam,chilli
26.4,72.1,192.7,6.7,135.37,111.1,148.16,2.68,Sandy Loam,chilli
24.9,78.6,242.2,6.89,86.81,58.39,84.62,2.65,Loamy Soil,chives
28.7,66.0,71.2,5.95,27.37,57.05,76.35,1.28,Sandy Loam,peanut
31.8,72.7,51.3,6.24,21.98,63.78,86.06,1.66,Sandy Loam,peanut
29.0,79.3,192.2,6.67,32.76,44.29,68.78,2.75,Silty Loam,soybean
30.6,70.1,83.0,6.64,31.91,40.29,62.47,1.56,Sandy Loam,mungbean
29.0,74.0,122.2,6.89,23.74,36.45,65.96,2.09,Sandy Loam,mungbean
30.9,68.1,99.1,6.4,28.19,51.28,89.62,1.1,Sandy Loam,peanut
25.9,65.3,172.5,6.16,24.95,44.83,66.73,1.65,Clay Loam,soybean
28.4,78.4,142.6,7.06,31.59,32.29,65.48,1.63,Loamy Soil,mungbean
31.6,84.9,233.1,6.54,104.28,88.7,172.45,2.42,Silty Loam,chilli
27.3,68.1,131.5,6.46,24.28,51.02,60.17,1.65,Clay Loam,soybean
31.4,65.7,97.7,6.25,15.08,68.74,81.73,1.87,Sandy Loam,peanut
29.7,80.0,130.8,6.82,21.67,44.06,54.97,2.28,Sandy Loam,mungbean
23.4,84.6,154.3,6.42,122.01,95.9,188.11,2.81,Loamy Soil,cabbage
27.0,88.9,229.5,6.36,160.98,90.48,182.74,3.69,Clay Loam,cabbage
28.8,72.4,88.6,7.45,78.58,76.09,129.92,3.09,Loamy Soil,garlic
28.2,67.1,41.4,6.75,88.32,68.59,94.65,2.41,Loamy Soil,garlic
22.3,80.5,205.4,6.64,136.21,107.69,160.58,2.89,Silty Loam,cabbage
26.4,73.0,199.3,6.39,119.37,92.2,128.33,3.04,Silty Loam,chilli
25.6,65.7,75.8,6.73,104.23,63.52,120.63,2.28,Silty Loam,garlic
26.9,89.4,187.1,6.47,122.03,106.13,152.11,3.65,Clay Loam,cabbage
28.1,67.4,107.1,6.91,27.36,48.03,73.65,1.93,Clay Loam,soybean
25.6,65.2,37.6,6.48,84.52,67.04,115.08,3.32,Sandy Loam,shallots
26.0,71.1,60.2,7.12,74.78,77.38,127.81,2.45,Loamy Soil,garlic
28.1,82.9,193.1,5.67,111.3,80.7,122.63,3.19,Loamy Soil,chilli
29.1,68.1,43.2,6.57,91.02,67.92,139.48,3.58,Silty Loam,garlic
27.4,73.2,102.0,6.93,39.42,49.78,62.32,1.64,Silty Loam,soybean
26.8,75.0,229.9,6.41,122.29,92.64,161.61,2.24,Silty Loam,chilli
29.9,65.7,91.8,7.29,90.91,62.71,121.67,2.79,Loamy Soil,garlic
32.6,69.4,148.9,6.61,26.09,48.57,65.18,1.67,Loamy Soil,soybean
26.5,75.6,183.7,6.41,27.09,46.77,62.67,2.69,Loamy Soil,soybean
28.7,84.9,130.3,6.82,32.36,44.01,64.49,2.03,Sandy Loam,mungbean
28.5,71.7,99.2,6.29,23.71,52.72,70.06,1.27,Sandy Loam,peanut
29.9,74.7,110.3,6.21,27.97,68.14,87.92,1.09,Loamy Soil,peanut
24.0,75.4,198.2,6.09,131.37,109.72,185.12,2.92,Silty Loam,cabbage
29.2,74.4,109.5,6.55,87.25,56.89,111.85,2.84,Silty Loam,garlic
27.1,77.3,119.2,6.15,29.34,41.0,76.23,2.59,Silty Loam,soybean
27.0,65.9,97.4,7.2,95.4,60.26,138.07,2.8,Clay Loam,garlic
22.8,87.2,242.2,6.41,76.93,57.79,78.46,2.84,Loamy Soil,chives
27.0,65.4,183.0,6.33,36.55,54.21,74.08,2.19,Loamy Soil,soybean
26.6,66.2,72.2,6.52,96.56,86.21,124.38,2.16,Sandy Loam,shallots
27.9,67.8,66.3,6.73,88.64,78.17,105.61,2.4,Sandy Loam,shallots
30.4,65.7,62.8,6.14,23.37,59.1,79.47,1.31,Loamy Soil,peanut
27.4,86.0,227.4,6.02,73.42,47.22,75.08,2.84,Silty Loam,chives
31.2,81.1,108.5,5.91,144.84,104.51,125.94,3.15,Sandy Loam,chilli
26.4,70.9,103.1,6.95,27.91,30.88,60.44,2.5,Loamy Soil,mungbean
28.4,66.7,164.4,6.12,37.93,41.79,78.16,1.69,Clay Loam,soybean
28.5,68.5,40.3,7.11,71.85,71.02,116.4,2.39,Silty Loam,garlic
27.0,72.2,93.7,6.98,84.11,52.36,123.84,3.48,Silty Loam,garlic
30.5,71.1,114.0,6.7,33.36,43.87,64.91,2.02,Loamy Soil,mungbean
28.5,66.1,71.2,6.22,80.97,73.64,126.21,2.21,Silty Loam,shallots
24.5,75.8,162.4,6.55,152.97,118.95,162.15,3.84,Clay Loam,cabbage
25.5,79.9,126.1,6.61,22.19,51.05,60.78,1.93,Silty Loam,soybean
29.2,80.0,179.0,6.42,36.73,46.84,65.54,2.27,Clay Loam,soybean
25.1,65.1,53.0,6.68,83.34,69.6,135.06,2.01,Silty Loam,garlic
28.4,70.7,39.9,6.12,95.57,67.3,108.96,2.15,Silty Loam,shallots
29.4,81.7,153.1,6.89,83.68,55.77,91.56,2.79,Silty Loam,chives
22.0,89.0,181.2,6.35,171.76,86.81,176.17,2.55,Loamy Soil,cabbage
28.9,82.6,212.4,6.3,87.65,47.2,93.21,2.97,Silty Loam,chives
30.0,67.8,96.2,7.0,107.23,78.76,97.32,3.11,Loamy Soil,garlic
31.2,71.1,113.4,5.96,23.71,64.07,88.69,1.02,Sandy Loam,peanut
27.9,80.6,208.5,6.65,61.95,54.4,97.57,3.01,Silty Loam,chives
24.4,87.7,156.0,6.11,171.68,112.74,179.88,2.83,Loamy Soil,cabbage
24.9,73.7,73.4,6.28,97.38,87.36,112.48,3.13,Loamy Soil,shallots
28.4,74.6,84.9,7.46,77.72,52.67,98.99,2.4,Clay Loam,garlic
32.5,69.8,94.1,5.93,15.11,68.17,85.52,2.09,Loamy Soil,peanut
25.0,80.6,152.3,6.57,149.55,112.07,193.21,3.68,Loamy Soil,cabbage
30.1,71.1,37.0,6.61,113.18,89.14,127.15,3.2,Sandy Loam,shallots
30.6,70.8,34.6,6.02,80.29,73.07,114.08,3.37,Loamy Soil,shallots
22.9,78.4,215.7,6.57,89.32,47.58,90.08,3.23,Silty Loam,chives
25.6,63.2,55.7,6.43,116.6,75.07,131.01,2.17,Loamy Soil,shallots
33.1,72.6,100.8,6.06,25.44,55.6,75.55,1.64,Sandy Loam,peanut
25.4,72.8,126.0,5.88,122.25,85.33,177.97,1.85,Loamy Soil,chilli
29.4,71.5,225.8,6.3,100.89,113.88,159.01,3.09,Sandy Loam,chilli
24.5,79.3,223.9,6.55,123.42,119.17,196.02,2.61,Loamy Soil,cabbage
26.0,71.0,299.0,6.03,89.08,57.15,93.99,3.94,Loamy Soil,chives
28.8,70.6,195.8,6.38,26.82,44.66,67.87,2.04,Loamy Soil,soybean
27.5,71.8,53.4,6.42,119.57,66.01,113.4,2.43,Sandy Loam,shallots
26.0,72.5,146.3,6.29,38.41,45.71,64.13,1.78,Silty Loam,soybean
26.8,73.5,98.0,6.48,20.23,48.36,62.6,1.88,Loamy Soil,mungbean
26.8,74.5,97.0,6.63,100.54,83.82,118.67,2.93,Silty Loam,shallots
30.3,71.8,114.3,6.66,31.17,53.14,66.61,1.77,Clay Loam,soybean
29.6,73.1,74.3,6.19,29.68,50.61,78.44,1.15,Sandy Loam,peanut
27.8,81.0,180.1,5.57,133.73,87.61,131.54,1.82,Sandy Loam,chilli
25.5,86.1,170.8,6.08,132.38,109.34,150.86,2.79,Silty Loam,cabbage
27.5,83.2,92.7,6.52,25.89,47.88,57.93,1.63,Sandy Loam,mungbean
25.1,85.2,239.9,6.06,81.76,49.27,84.46,2.58,Loamy Soil,chives
27.0,74.8,71.5,6.15,102.98,85.42,148.43,2.61,Loamy Soil,shallots
29.9,71.1,52.1,6.38,80.19,80.06,133.59,3.13,Loamy Soil,shallots
32.0,77.6,201.9,6.59,122.34,90.84,167.51,2.52,Sandy Loam,chilli
26.6,76.8,123.8,6.95,31.69,37.96,50.71,1.84,Sandy Loam,mungbean
23.7,80.8,199.5,6.73,81.09,54.07,89.36,3.72,Loamy Soil,chives
23.5,76.4,208.9,6.07,159.22,83.4,193.55,2.6,Silty Loam,cabbage
28.7,77.5,220.2,6.06,144.12,99.01,136.38,2.2,Loamy Soil,chilli
27.4,82.9,185.4,6.43,146.88,104.81,120.57,2.77,Silty Loam,chilli
31.3,83.7,205.0,6.2,117.49,101.95,133.24,2.94,Silty Loam,chilli
28.2,74.8,138.8,6.06,129.94,109.92,158.6,2.41,Sandy Loam,chilli
27.3,70.7,227.4,6.93,61.71,56.42,84.71,3.68,Loamy Soil,chives
32.0,68.3,77.2,6.04,17.03,58.37,87.51,1.05,Sandy Loam,peanut
26.1,68.7,82.3,6.58,105.93,72.41,93.33,3.48,Silty Loam,garlic
32.4,65.7,79.6,6.0,15.52,69.86,70.89,1.11,Loamy Soil,peanut
29.2,66.8,68.8,7.08,86.68,70.21,111.23,2.68,Silty Loam,garlic
26.7,68.7,77.4,6.8,79.98,65.2,120.37,2.31,Silty Loam,garlic
25.0,84.4,246.3,6.6,165.71,106.66,187.65,2.66,Loamy Soil,cabbage
24.6,67.2,93.1,6.2,92.06,86.51,131.79,3.28,Loamy Soil,shallots
32.0,73.0,136.1,6.44,34.12,32.4,54.54,1.68,Loamy Soil,mungbean
31.0,68.1,110.6,6.47,23.84,67.98,81.19,1.18,Loamy Soil,peanut
27.8,79.5,294.4,6.92,70.54,54.22,93.04,3.92,Loamy Soil,chives
30.2,78.5,80.9,6.62,25.53,35.4,68.33,1.51,Loamy Soil,mungbean
26.0,66.2,102.1,6.56,34.94,52.15,66.03,1.61,Clay Loam,soybean
28.5,85.5,204.2,6.22,79.03,57.93,78.59,3.71,Silty Loam,chives
26.6,74.9,80.1,6.34,28.37,35.32,54.54,1.78,Loamy Soil,mungbean
26.7,72.7,92.5,6.99,89.68,58.36,94.02,3.48,Silty Loam,garlic
29.6,74.6,146.3,6.31,38.47,46.58,75.13,1.71,Clay Loam,soybean
31.1,70.9,194.3,5.97,141.24,102.23,155.68,2.86,Sandy Loam,chilli
25.9,60.3,52.3,6.62,104.39,64.57,100.75,2.85,Silty Loam,shallots
28.7,65.8,83.9,6.69,76.47,56.35,115.34,2.51,Loamy Soil,garlic
24.8,81.2,152.4,5.74,145.94,101.71,133.54,2.84,Silty Loam,chilli
23.7,67.2,72.8,6.87,87.09,76.0,92.13,2.65,Clay Loam,garlic
24.9,83.5,179.3,6.52,158.0,111.25,181.49,3.07,Loamy Soil,cabbage
29.4,77.2,231.4,6.43,73.33,43.07,75.49,3.1,Silty Loam,chives
25.4,87.7,165.4,6.21,158.04,89.65,182.74,2.82,Loamy Soil,cabbage
29.1,69.6,110.7,6.19,23.29,54.28,84.26,1.65,Sandy Loam,peanut
28.1,79.6,173.3,6.2,28.29,57.95,76.82,1.92,Loamy Soil,soybean
28.6,79.4,167.0,6.05,25.78,51.8,66.09,1.7,Loamy Soil,soybean
26.6,78.7,200.7,5.79,137.69,111.01,155.74,2.72,Loamy Soil,chilli
28.1,74.7,59.6,5.94,28.15,64.35,80.43,2.15,Sandy Loam,peanut
26.2,74.8,143.9,5.87,135.31,107.41,122.69,2.39,Loamy Soil,chilli
31.0,79.5,153.9,6.62,34.02,44.49,79.77,1.68,Loamy Soil,soybean
24.4,63.5,66.8,6.02,117.18,75.44,141.57,2.57,Loamy Soil,shallots
28.2,70.9,100.5,6.24,147.05,103.43,126.51,2.86,Silty Loam,chilli
28.6,76.7,118.7,6.55,24.29,32.05,62.18,2.13,Sandy Loam,mungbean
27.2,79.3,286.9,6.56,87.66,45.71,87.96,3.09,Silty Loam,chives
30.3,75.2,193.5,6.28,33.76,48.63,66.94,2.79,Loamy Soil,soybean
31.6,76.5,104.1,7.12,24.23,48.24,51.56,1.67,Loamy Soil,mungbean
27.9,76.2,107.4,6.51,25.76,43.79,66.5,2.08,Sandy Loam,mungbean
23.3,80.0,197.9,6.21,150.94,84.15,190.39,3.63,Clay Loam,cabbage
29.7,71.5,48.6,6.32,102.48,64.52,135.42,3.3,Loamy Soil,shallots
26.1,68.4,98.2,6.35,94.58,83.6,105.83,2.41,Sandy Loam,shallots
27.5,79.5,210.1,6.18,141.28,106.17,157.16,3.37,Silty Loam,cabbage
27.3,78.7,222.8,6.75,118.55,103.75,159.51,2.25,Loamy Soil,chilli
31.0,71.1,101.1,6.75,28.65,41.42,58.21,2.44,Sandy Loam,mungbean
31.7,78.6,198.6,6.96,30.95,51.7,79.09,2.38,Loamy Soil,soybean
27.3,70.1,213.1,5.69,134.46,92.37,161.93,2.63,Sandy Loam,chilli
25.3,60.2,56.2,6.48,118.54,61.55,104.49,2.11,Loamy Soil,shallots
27.5,64.4,73.0,6.14,115.73,77.42,109.44,2.99,Sandy Loam,shallots
27.0,71.9,54.0,7.21,78.15,53.66,132.13,2.36,Loamy Soil,garlic
26.0,83.8,157.2,6.75,135.83,85.11,177.23,3.35,Silty Loam,cabbage
28.3,74.3,88.5,7.17,109.47,53.08,134.64,3.78,Loamy Soil,garlic
28.0,78.7,143.2,6.29,26.38,39.71,60.59,2.01,Sandy Loam,mungbean
27.5,81.1,219.0,6.16,148.21,89.78,165.58,2.5,Loamy Soil,cabbage
30.5,69.3,59.6,6.23,24.22,60.21,75.49,1.98,Sandy Loam,peanut
27.4,73.0,114.7,6.12,20.18,55.61,78.92,1.21,Loamy Soil,peanut
29.8,64.4,45.4,6.22,118.77,82.89,102.22,2.04,Loamy Soil,shallots
26.2,74.8,168.6,6.95,60.77,44.93,71.45,2.89,Silty Loam,chives
29.4,68.7,84.9,6.28,108.1,69.03,104.29,2.18,Loamy Soil,shallots
30.8,74.8,137.2,6.38,35.07,40.41,76.81,2.34,Loamy Soil,soybean
25.5,87.0,209.6,6.43,148.87,110.28,165.16,3.4,Loamy Soil,cabbage
29.0,70.5,99.5,6.13,80.89,77.69,142.18,3.39,Silty Loam,shallots
25.6,81.8,124.4,6.26,138.63,89.52,161.15,2.13,Loamy Soil,chilli
28.5,73.4,169.0,6.1,129.83,85.13,136.92,2.25,Loamy Soil,chilli
24.2,70.5,79.9,6.18,94.62,69.09,117.14,2.9,Silty Loam,shallots
28.9,70.9,106.0,6.51,80.55,60.61,125.41,2.23,Silty Loam,garlic
28.9,83.4,228.8,6.04,65.78,44.58,91.93,3.81,Silty Loam,chives
27.2,70.3,112.4,7.19,22.77,45.86,51.76,1.66,Loamy Soil,mungbean
29.7,67.9,116.2,6.04,21.64,48.77,75.05,1.72,Silty Loam,soybean
25.8,78.5,206.0,6.46,157.03,81.56,196.23,3.06,Silty Loam,cabbage
32.0,69.8,148.6,6.56,28.42,57.62,69.78,1.54,Silty Loam,soybean
27.4,81.6,121.9,6.76,25.01,43.13,61.64,2.5,Loamy Soil,mungbean
24.1,71.4,38.8,6.01,99.17,85.73,124.48,2.32,Silty Loam,shallots
31.8,72.2,104.2,6.77,21.82,44.89,78.51,1.92,Loamy Soil,soybean
29.8,64.8,85.3,6.69,109.18,61.39,125.07,2.47,Sandy Loam,shallots
31.3,84.6,104.5,6.8,31.26,42.86,58.06,2.31,Sandy Loam,mungbean
26.5,73.8,74.5,7.49,101.21,55.0,102.64,2.99,Loamy Soil,garlic
26.4,73.5,139.9,6.63,115.58,104.54,145.31,3.09,Loamy Soil,chilli
25.1,81.1,249.2,6.29,74.34,48.06,84.87,3.4,Loamy Soil,chives
28.3,79.1,159.8,6.75,27.99,44.56,70.25,2.41,Silty Loam,soybean
31.7,71.7,103.7,6.54,37.21,50.71,66.4,1.7,Loamy Soil,soybean
22.5,88.5,187.7,6.05,163.28,105.11,193.5,3.05,Silty Loam,cabbage
30.1,84.3,144.2,6.66,33.44,39.89,59.1,1.68,Sandy Loam,mungbean
29.4,82.4,92.6,6.6,26.5,42.85,64.48,2.36,Sandy Loam,mungbean
22.3,85.1,172.0,6.59,133.11,103.29,170.43,3.61,Loamy Soil,cabbage
27.0,75.1,218.3,6.6,128.89,107.57,148.81,2.32,Loamy Soil,chilli
31.0,83.1,132.7,7.08,21.75,33.13,57.16,2.29,Loamy Soil,mungbean
31.6,73.9,51.8,5.9,25.07,55.15,77.01,1.84,Sandy Loam,peanut
31.6,74.1,55.4,6.02,15.13,50.64,71.49,1.03,Sandy Loam,peanut
22.0,71.9,260.6,6.58,88.16,44.81,97.7,3.15,Loamy Soil,chives
30.5,63.3,54.7,6.29,90.44,73.41,116.46,3.33,Sandy Loam,shallots
28.6,74.2,30.5,6.61,118.56,72.44,130.66,3.12,Sandy Loam,shallots
25.8,60.3,46.5,6.41,108.17,87.34,113.33,3.47,Sandy Loam,shallots
26.8,71.5,98.7,7.42,83.5,76.08,133.56,2.27,Loamy Soil,garlic
28.4,73.9,128.3,6.53,36.72,48.39,63.61,1.98,Clay Loam,soybean
31.6,74.9,106.6,6.08,27.02,66.34,87.58,1.52,Loamy Soil,peanut
30.3,68.2,76.6,6.18,84.42,85.5,144.71,3.3,Silty Loam,shallots
25.9,78.5,239.1,6.28,132.0,117.45,120.48,3.08,Silty Loam,chilli
33.4,65.6,84.6,6.14,23.15,60.54,81.62,1.59,Loamy Soil,peanut
29.5,74.6,137.5,6.75,23.49,41.39,68.33,1.51,Loamy Soil,mungbean
27.5,74.9,51.0,7.12,79.64,60.7,102.61,2.76,Loamy Soil,garlic
25.9,82.3,205.1,5.96,142.33,102.6,158.61,2.89,Loamy Soil,chilli
31.3,76.6,122.7,6.11,35.99,47.28,69.94,1.91,Silty Loam,soybean
26.7,81.6,221.1,6.47,169.02,103.71,187.12,2.54,Silty Loam,cabbage
25.7,79.2,205.4,6.13,89.33,48.24,70.35,3.38,Silty Loam,chives
28.8,68.8,90.5,7.28,108.37,60.72,129.62,3.41,Silty Loam,garlic
26.2,81.7,219.0,6.34,140.45,80.61,176.56,3.03,Silty Loam,chilli
24.5,77.4,221.5,6.71,143.78,113.75,140.04,2.2,Silty Loam,chilli
31.7,67.6,70.8,5.81,21.09,55.64,86.41,1.94,Loamy Soil,peanut
26.5,67.6,85.8,6.13,91.37,63.99,106.87,3.41,Sandy Loam,shallots
24.4,62.7,82.5,6.16,99.37,67.09,145.56,3.23,Loamy Soil,shallots
28.0,76.7,117.7,6.3,34.25,49.3,55.72,2.3,Sandy Loam,mungbean
24.5,74.6,78.4,6.61,102.25,76.66,95.76,3.05,Loamy Soil,garlic
28.8,71.2,141.4,6.21,27.03,34.9,58.05,1.6,Loamy Soil,mungbean
27.7,72.0,85.1,7.33,103.98,67.84,121.75,2.08,Clay Loam,garlic
23.0,89.3,246.1,6.57,128.66,106.51,159.01,2.93,Clay Loam,cabbage
30.9,68.3,70.8,6.29,21.72,54.78,82.25,1.99,Loamy Soil,peanut
26.9,80.8,141.0,5.66,118.77,89.08,162.65,2.53,Silty Loam,chilli
26.2,81.0,107.9,6.37,27.32,44.16,54.17,2.44,Sandy Loam,mungbean
28.6,73.1,124.4,6.46,21.66,48.12,73.07,2.13,Loamy Soil,soybean
22.3,81.9,187.7,6.19,151.51,113.2,159.06,3.73,Clay Loam,cabbage
28.3,70.1,125.7,7.03,32.73,36.31,67.34,2.17,Loamy Soil,mungbean
25.0,81.3,167.6,6.52,149.06,97.9,127.07,2.94,Loamy Soil,chilli
31.7,70.7,169.0,6.16,144.01,82.58,162.03,3.16,Silty Loam,chilli
30.0,75.4,203.5,6.81,85.62,53.45,95.9,2.69,Silty Loam,chives
28.9,68.1,51.5,7.26,88.81,69.51,131.48,2.08,Clay Loam,garlic
24.9,89.0,239.2,6.53,173.67,90.58,174.58,3.26,Silty Loam,cabbage
24.1,89.1,245.0,6.64,132.56,100.9,192.06,2.83,Silty Loam,cabbage
23.7,81.9,167.1,6.46,137.2,117.31,171.08,2.67,Loamy Soil,cabbage
25.2,66.7,67.6,6.08,91.17,83.57,101.53,2.03,Sandy Loam,shallots
26.2,85.9,173.1,6.35,155.89,86.79,173.46,3.87,Silty Loam,cabbage
26.1,81.7,100.5,6.25,25.49,33.23,57.09,2.48,Loamy Soil,mungbean
31.7,82.1,217.1,6.63,136.29,95.76,166.94,3.12,Sandy Loam,chilli
25.9,82.5,179.8,6.29,73.88,50.79,84.97,2.88,Loamy Soil,chives
27.2,70.4,199.7,5.87,123.19,94.69,120.3,2.25,Silty Loam,chilli
28.1,73.7,109.6,6.68,108.37,62.53,91.78,2.32,Clay Loam,garlic
26.7,88.0,270.5,6.36,83.7,47.22,87.03,2.51,Silty Loam,chives
25.4,83.4,264.2,6.58,66.94,44.59,94.65,3.12,Silty Loam,chives
24.6,81.0,154.4,6.55,138.47,110.34,146.19,2.24,Sandy Loam,chilli
30.6,71.4,163.4,6.76,32.6,43.21,73.69,1.58,Silty Loam,soybean
31.3,62.9,44.5,6.18,88.57,71.85,131.31,3.16,Silty Loam,shallots
27.4,81.2,241.0,6.53,141.49,97.63,174.14,2.54,Silty Loam,cabbage
26.7,65.2,39.7,6.17,91.55,82.39,121.41,3.3,Loamy Soil,shallots
33.9,69.1,81.9,6.29,21.67,57.06,81.66,2.19,Loamy Soil,peanut
30.4,77.8,164.5,6.54,34.57,47.19,76.57,2.38,Silty Loam,soybean
26.2,72.8,71.1,6.69,101.69,61.03,127.09,3.48,Sandy Loam,shallots
26.7,84.4,222.0,6.32,172.19,96.99,183.16,2.9,Clay Loam,cabbage
30.2,66.9,111.2,6.92,37.61,51.78,64.5,2.11,Clay Loam,soybean
29.2,65.9,107.6,6.53,95.43,62.77,96.52,2.32,Loamy Soil,garlic
25.2,65.9,159.0,6.59,22.28,53.1,74.88,1.6,Clay Loam,soybean
25.2,80.0,221.6,6.32,162.1,97.81,181.26,2.9,Silty Loam,cabbage
30.3,67.1,85.8,6.01,22.35,60.63,84.66,1.15,Sandy Loam,peanut
25.4,90.0,212.9,6.34,139.73,99.67,175.41,3.65,Silty Loam,cabbage
27.5,75.9,213.9,6.11,156.97,116.69,194.18,2.86,Silty Loam,cabbage
28.8,74.8,87.4,6.66,85.56,67.54,123.23,2.75,Silty Loam,garlic
30.2,63.4,63.3,6.05,91.88,67.11,104.11,2.08,Silty Loam,shallots
31.7,70.9,103.5,5.94,15.69,55.4,81.18,1.79,Sandy Loam,peanut
29.8,72.2,49.6,6.72,113.47,88.8,139.56,2.04,Sandy Loam,shallots
32.5,70.5,77.1,6.22,22.41,56.04,76.25,1.74,Loamy Soil,peanut
25.5,79.2,152.0,6.28,148.69,89.91,172.35,2.87,Silty Loam,cabbage
27.7,74.8,60.5,6.82,101.92,75.22,115.13,3.14,Loamy Soil,garlic
24.6,66.4,99.1,7.45,85.85,63.29,131.35,2.48,Silty Loam,garlic
27.2,62.4,64.6,6.17,103.28,61.41,135.77,2.2,Silty Loam,shallots
22.1,80.3,245.1,6.39,133.52,106.48,156.96,3.98,Loamy Soil,cabbage
27.6,74.1,103.0,6.06,23.54,48.86,78.49,2.06,Loamy Soil,soybean
24.3,62.4,47.0,6.25,107.34,73.77,125.85,3.19,Loamy Soil,shallots
31.9,79.5,90.7,6.96,20.1,32.64,64.07,2.48,Sandy Loam,mungbean
28.5,74.0,97.3,7.1,91.11,56.49,129.29,2.47,Silty Loam,garlic
31.2,75.8,115.1,5.94,118.09,97.54,158.15,2.06,Loamy Soil,chilli
29.2,81.0,204.4,6.04,129.18,88.38,154.05,2.14,Loamy Soil,chilli
27.9,89.7,228.9,6.61,80.51,44.26,70.69,3.16,Loamy Soil,chives
26.3,66.9,68.1,6.03,98.51,79.53,147.65,3.41,Sandy Loam,shallots
29.1,72.0,90.4,7.04,86.14,50.61,106.21,2.73,Silty Loam,garlic
26.7,78.9,141.4,6.45,24.93,43.0,64.06,2.37,Loamy Soil,soybean
27.1,65.3,118.7,6.02,16.11,53.27,78.26,1.02,Loamy Soil,peanut
25.7,68.2,73.7,6.54,91.74,69.07,103.27,3.0,Silty Loam,garlic
28.0,74.2,121.6,7.07,20.82,48.72,63.22,1.55,Sandy Loam,mungbean
27.1,67.9,97.2,6.08,105.86,72.09,109.82,2.66,Silty Loam,shallots
26.5,70.9,158.2,6.83,30.54,49.02,71.02,1.63,Silty Loam,soybean
33.7,65.3,93.0,6.38,27.34,66.92,72.86,1.53,Loamy Soil,peanut
27.2,80.1,238.3,6.23,145.24,106.07,185.31,3.34,Clay Loam,cabbage
24.4,82.2,156.9,6.26,161.35,114.58,150.03,3.09,Loamy Soil,cabbage
23.0,83.6,203.7,6.54,130.46,104.03,158.51,3.29,Silty Loam,cabbage
29.8,72.4,85.1,7.2,74.19,71.98,90.19,3.18,Loamy Soil,garlic
31.6,67.0,87.6,5.99,20.4,52.86,82.4,1.51,Sandy Loam,peanut
29.0,69.7,82.8,6.13,88.36,83.76,107.5,3.3,Loamy Soil,shallots
24.3,79.2,122.5,5.79,107.41,89.22,179.27,2.78,Sandy Loam,chilli
28.8,80.3,168.1,6.01,85.41,54.78,91.62,2.89,Loamy Soil,chives
30.0,63.5,75.3,6.16,99.12,61.03,135.42,2.08,Loamy Soil,shallots
25.0,76.1,133.9,6.67,139.18,96.08,132.48,2.16,Sandy Loam,chilli
22.6,73.2,246.3,6.47,67.53,42.84,76.01,3.66,Loamy Soil,chives
32.8,67.1,57.0,5.86,29.79,69.7,79.32,1.56,Loamy Soil,peanut
31.3,68.9,66.5,6.03,18.84,68.75,77.27,2.11,Loamy Soil,peanut
27.8,81.3,234.8,6.58,125.39,91.5,152.29,3.37,Silty Loam,cabbage
27.6,79.6,172.6,5.83,130.71,107.27,179.61,2.2,Silty Loam,chilli
30.6,82.7,98.6,6.88,23.24,47.21,58.89,2.44,Sandy Loam,mungbean
27.2,70.6,122.9,5.72,130.86,100.82,166.52,2.99,Silty Loam,chilli
26.1,65.7,46.0,6.51,97.48,88.86,141.91,2.21,Loamy Soil,shallots
28.9,69.8,90.7,6.92,105.85,75.59,95.04,3.37,Loamy Soil,garlic
25.1,72.5,67.6,6.97,70.62,72.72,93.9,2.8,Clay Loam,garlic
24.6,72.0,49.9,7.06,80.94,56.35,109.75,2.93,Loamy Soil,garlic
28.1,65.6,166.4,6.21,33.34,54.06,73.7,1.96,Loamy Soil,soybean
23.3,85.7,167.4,6.51,75.26,58.66,87.83,3.98,Silty Loam,chives
31.4,79.3,122.1,6.35,23.85,44.87,67.4,1.78,Sandy Loam,mungbean
29.3,83.2,283.8,6.17,89.4,58.6,72.38,3.39,Silty Loam,chives
33.5,72.5,92.7,6.28,15.13,51.82,76.54,1.07,Sandy Loam,peanut
32.2,70.2,71.8,6.44,22.35,56.36,74.38,1.35,Sandy Loam,peanut
24.3,86.4,150.4,6.04,135.14,89.51,167.26,3.04,Clay Loam,cabbage
23.0,85.7,179.9,6.13,81.27,45.62,75.94,3.08,Loamy Soil,chives
32.0,71.1,114.4,7.04,29.23,45.14,62.8,1.56,Loamy Soil,mungbean
25.6,73.8,125.1,5.6,145.85,107.08,176.19,1.93,Silty Loam,chilli
30.1,74.7,92.4,6.41,25.11,66.2,81.61,1.66,Loamy Soil,peanut
27.8,86.5,150.7,6.26,130.01,113.6,179.78,3.03,Clay Loam,cabbage
23.5,70.9,255.6,6.12,66.6,50.72,76.43,2.58,Silty Loam,chives
29.5,71.8,84.9,6.15,22.26,61.82,74.02,1.25,Sandy Loam,peanut
27.0,86.5,234.9,6.53,130.8,104.31,156.4,2.76,Loamy Soil,cabbage
27.9,76.9,172.5,6.75,149.71,111.63,198.15,3.39,Clay Loam,cabbage
24.3,80.0,213.8,6.42,100.25,111.0,123.57,2.84,Silty Loam,chilli
29.5,69.2,60.9,6.46,15.08,54.12,71.46,1.2,Loamy Soil,peanut
29.2,72.6,98.9,7.29,85.29,55.01,94.61,3.27,Clay Loam,garlic
31.2,72.6,59.2,6.55,87.42,63.9,116.74,2.1,Loamy Soil,shallots
24.6,80.0,219.6,6.35,153.55,87.91,180.72,2.97,Silty Loam,cabbage
24.5,69.2,40.9,6.9,91.2,77.12,127.48,3.45,Clay Loam,garlic
24.3,73.8,117.1,5.73,144.14,89.55,163.4,1.86,Loamy Soil,chilli
30.1,74.9,84.7,6.42,18.95,50.47,79.0,1.39,Loamy Soil,peanut
29.2,71.8,101.0,5.95,149.8,95.27,164.55,1.97,Silty Loam,chilli
32.0,71.0,85.7,6.17,108.6,63.07,106.07,2.93,Silty Loam,shallots
26.5,79.1,138.0,6.96,33.13,58.67,75.88,1.77,Loamy Soil,soybean
28.2,86.9,215.3,6.4,74.67,46.56,73.79,2.56,Silty Loam,chives
23.6,79.9,246.3,6.03,156.54,112.87,189.32,3.52,Silty Loam,cabbage
28.5,67.6,101.7,6.78,104.1,52.06,107.47,3.57,Loamy Soil,garlic
29.5,88.2,181.6,6.85,68.01,59.45,83.48,3.9,Silty Loam,chives
31.4,72.6,74.0,6.27,106.91,81.9,129.99,3.08,Loamy Soil,shallots
29.2,72.2,115.7,6.21,19.63,59.85,75.95,1.85,Sandy Loam,peanut
29.2,65.5,50.2,6.3,29.87,56.08,82.48,1.05,Sandy Loam,peanut
27.1,80.0,225.1,6.67,154.91,81.19,191.68,3.78,Loamy Soil,cabbage
23.2,85.8,206.4,6.07,77.93,47.57,98.85,2.77,Loamy Soil,chives
27.6,75.1,289.4,6.38,82.14,41.94,71.45,2.5,Silty Loam,chives
30.7,79.1,221.8,5.98,146.95,115.09,145.5,2.06,Silty Loam,chilli
28.6,83.3,111.1,6.65,118.17,85.9,121.17,2.76,Silty Loam,chilli
24.5,70.8,187.7,6.29,147.85,110.58,163.68,2.83,Silty Loam,chilli
25.1,77.6,140.2,6.18,110.31,95.11,139.83,1.97,Sandy Loam,chilli
23.9,65.0,47.9,6.77,83.26,58.62,107.63,2.06,Clay Loam,garlic
24.8,79.9,171.2,6.11,139.12,87.85,150.79,3.42,Clay Loam,cabbage
30.0,84.1,181.6,6.8,76.69,58.31,71.2,3.13,Loamy Soil,chives
25.1,72.6,49.4,6.46,119.39,67.17,134.36,2.57,Silty Loam,shallots
25.6,82.2,147.3,6.66,132.09,108.96,171.58,2.38,Silty Loam,chilli
30.7,68.8,54.7,6.12,29.28,66.58,81.2,1.5,Sandy Loam,peanut
26.9,79.8,127.1,6.48,30.74,49.03,60.45,2.21,Sandy Loam,mungbean
26.6,84.2,182.0,6.41,162.02,112.59,184.42,3.7,Loamy Soil,cabbage
30.2,71.1,117.2,6.32,18.96,55.39,88.33,1.92,Loamy Soil,peanut
25.1,89.2,271.9,6.18,77.22,56.69,79.81,3.85,Loamy Soil,chives
27.1,70.6,104.3,6.61,31.26,46.36,54.85,1.9,Loamy Soil,mungbean
27.3,72.2,111.3,7.08,28.68,35.38,61.82,1.82,Sandy Loam,mungbean
31.8,79.1,84.3,6.44,24.52,31.81,57.17,2.25,Loamy Soil,mungbean
25.3,72.5,43.9,6.56,115.18,78.63,116.35,2.95,Silty Loam,shallots
27.4,82.8,140.3,6.74,20.93,34.43,68.42,2.28,Loamy Soil,mungbean
33.4,66.6,54.6,5.83,25.22,56.98,72.99,1.13,Loamy Soil,peanut
31.5,68.9,100.2,6.07,24.81,66.94,87.22,1.58,Loamy Soil,peanut
30.2,71.4,145.1,6.56,23.67,39.91,58.99,2.31,Sandy Loam,mungbean
29.8,75.9,97.3,7.16,29.82,47.99,64.37,1.94,Loamy Soil,mungbean
30.0,81.4,109.8,6.76,144.37,111.66,126.68,2.74,Sandy Loam,chilli
26.0,75.9,182.9,6.03,130.91,88.42,191.58,3.53,Loamy Soil,cabbage
26.5,73.6,61.4,6.84,106.15,66.64,97.42,3.45,Clay Loam,garlic
28.3,84.3,163.0,6.06,131.78,81.31,176.55,2.42,Silty Loam,chilli
27.1,79.7,181.9,6.2,124.31,95.58,157.26,3.16,Loamy Soil,cabbage
25.3,72.6,172.7,6.41,144.71,106.23,144.92,2.65,Sandy Loam,chilli
23.3,65.7,43.4,7.43,109.41,53.68,90.37,2.82,Clay Loam,garlic
26.8,65.0,57.6,6.47,97.05,60.47,141.29,2.51,Silty Loam,shallots
26.0,70.6,41.4,7.46,83.14,71.72,119.32,3.1,Loamy Soil,garlic
26.4,71.6,78.0,6.32,91.9,77.19,113.51,3.3,Loamy Soil,shallots
29.9,71.7,42.0,6.18,87.89,75.47,129.03,2.98,Sandy Loam,shallots
28.7,75.8,214.5,6.09,101.29,92.12,132.55,2.05,Loamy Soil,chilli
29.0,60.5,35.7,6.73,85.04,73.23,134.39,2.44,Silty Loam,shallots
26.7,73.5,93.0,7.23,84.94,57.75,130.11,3.02,Loamy Soil,garlic
28.8,77.1,110.0,6.18,31.66,58.98,65.24,2.2,Clay Loam,soybean
28.0,76.6,225.0,6.32,146.91,91.95,184.91,2.61,Loamy Soil,cabbage
22.4,82.9,165.7,6.35,144.56,117.66,154.44,3.34,Silty Loam,cabbage
27.8,81.5,135.4,6.86,24.79,31.54,66.65,2.44,Sandy Loam,mungbean
29.9,70.4,66.1,7.07,104.29,65.48,108.42,2.98,Silty Loam,garlic
28.0,70.9,30.7,6.1,94.63,85.89,117.83,3.34,Silty Loam,shallots
28.2,65.2,193.3,6.06,23.25,49.35,65.14,2.61,Loamy Soil,soybean
25.8,76.4,180.1,6.65,117.2,115.48,162.92,1.91,Sandy Loam,chilli
24.7,87.5,211.5,6.44,141.03,98.12,154.48,3.04,Silty Loam,cabbage
24.0,72.4,43.7,7.45,71.22,60.06,104.81,2.29,Clay Loam,garlic
24.4,74.6,158.3,6.18,85.26,54.06,81.79,3.63,Silty Loam,chives
28.4,70.8,80.2,5.89,16.17,50.91,71.27,1.24,Loamy Soil,peanut
30.4,71.7,68.4,6.27,15.05,63.94,74.92,1.75,Loamy Soil,peanut
31.1,79.3,149.3,6.89,24.84,42.15,77.55,2.56,Silty Loam,soybean
24.9,82.3,129.7,5.72,119.65,106.55,141.65,1.98,Loamy Soil,chilli
22.1,89.3,293.7,6.76,86.4,41.66,76.09,3.07,Silty Loam,chives
25.4,73.1,45.1,7.16,107.34,59.15,92.36,3.13,Silty Loam,garlic
27.2,69.4,93.7,5.82,26.98,55.47,73.04,1.06,Loamy Soil,peanut
31.3,68.2,193.5,6.97,24.75,45.68,78.01,1.65,Silty Loam,soybean
30.4,73.3,108.9,6.46,29.59,38.2,57.07,2.07,Sandy Loam,mungbean
26.0,69.7,50.8,6.68,91.7,53.96,122.01,2.68,Clay Loam,garlic
30.7,72.4,101.8,6.09,27.87,62.37,79.83,2.17,Sandy Loam,peanut
29.6,78.5,144.5,6.61,21.21,41.18,75.53,2.1,Loamy Soil,soybean
26.1,82.4,248.3,6.67,123.65,93.71,191.44,3.35,Silty Loam,cabbage
28.4,77.0,170.9,6.21,122.25,83.98,167.05,2.12,Sandy Loam,chilli
22.8,76.6,185.6,6.86,66.38,48.15,76.19,3.54,Silty Loam,chives
29.4,80.3,109.1,6.27,34.41,36.69,67.44,1.83,Sandy Loam,mungbean
23.5,85.7,244.8,6.21,144.0,99.1,199.61,3.17,Loamy Soil,cabbage
27.5,69.0,111.7,6.71,30.54,47.16,79.78,2.02,Loamy Soil,soybean
25.8,78.3,180.9,6.49,87.03,48.83,92.36,3.3,Silty Loam,chives
28.8,73.9,116.7,6.44,39.87,45.28,74.01,1.6,Loamy Soil,soybean
32.7,68.6,95.7,6.34,15.27,60.42,88.82,1.66,Sandy Loam,peanut
26.1,62.3,84.9,6.54,87.87,78.96,149.34,2.64,Loamy Soil,shallots
25.1,81.0,198.6,6.04,137.63,81.54,178.32,1.87,Loamy Soil,chilli
25.2,71.7,188.7,6.57,141.76,111.56,131.7,3.13,Loamy Soil,chilli
22.7,87.1,187.5,6.27,127.8,112.18,152.4,3.87,Silty Loam,cabbage
33.1,69.4,118.2,6.21,15.01,61.02,87.15,1.83,Loamy Soil,peanut
29.4,80.1,115.3,6.52,29.23,34.15,53.62,2.21,Sandy Loam,mungbean
27.8,68.5,101.8,7.38,70.01,62.56,121.6,2.94,Clay Loam,garlic
24.6,68.2,53.3,7.06,101.26,63.51,118.35,3.01,Clay Loam,garlic
31.2,65.1,44.7,6.14,100.85,65.59,113.3,2.61,Loamy Soil,shallots
24.9,85.1,169.0,6.8,120.64,81.85,190.36,3.13,Clay Loam,cabbage
29.4,71.5,95.4,6.07,20.21,50.18,80.97,1.67,Sandy Loam,peanut
27.4,81.7,205.8,6.74,62.52,47.77,96.08,3.51,Silty Loam,chives
23.9,89.2,181.5,6.66,133.19,95.27,160.2,3.49,Loamy Soil,cabbage
28.9,69.5,191.5,6.89,26.53,50.25,61.43,2.78,Silty Loam,soybean
22.6,84.6,234.2,6.57,137.63,110.85,159.12,3.24,Loamy Soil,cabbage
29.8,70.3,55.8,6.68,89.13,77.56,110.06,3.37,Sandy Loam,shallots
28.7,72.8,68.6,6.07,116.2,66.89,135.6,2.5,Sandy Loam,shallots
25.7,66.4,131.9,6.92,35.7,57.53,77.04,2.03,Loamy Soil,soybean
29.6,69.4,69.2,7.15,109.05,50.93,91.52,2.59,Loamy Soil,garlic
30.5,72.8,71.6,6.34,25.37,54.88,77.78,1.52,Sandy Loam,peanut
26.4,88.9,192.9,6.22,175.36,118.19,194.84,3.92,Clay Loam,cabbage
28.5,77.3,159.0,6.73,31.15,57.66,63.84,2.52,Clay Loam,soybean
29.4,75.4,220.0,5.8,128.09,115.21,149.31,2.82,Loamy Soil,chilli
27.9,73.5,144.9,6.75,20.54,41.16,56.63,1.51,Sandy Loam,mungbean
32.9,69.7,83.7,6.44,20.04,67.77,84.17,2.0,Loamy Soil,peanut
25.7,78.0,183.7,6.93,37.27,49.07,79.97,1.82,Clay Loam,soybean
28.1,79.2,205.9,6.89,75.19,59.11,73.6,2.63,Loamy Soil,chives
29.9,71.9,184.6,6.46,69.61,42.75,90.33,3.73,Silty Loam,chives
25.3,78.7,184.6,6.69,33.07,43.81,65.67,1.57,Loamy Soil,soybean
29.3,82.3,201.7,6.37,100.68,109.14,145.11,2.02,Sandy Loam,chilli
26.4,75.8,114.0,5.72,143.32,119.29,126.67,2.81,Silty Loam,chilli
24.3,70.3,247.1,6.51,101.72,81.19,150.45,2.62,Loamy Soil,chilli
26.4,73.3,48.7,6.51,92.07,55.6,90.99,3.54,Clay Loam,garlic
29.7,61.1,87.4,6.44,101.35,79.8,116.29,2.42,Sandy Loam,shallots
29.6,72.4,90.6,6.4,17.4,54.31,82.79,2.01,Loamy Soil,peanut
27.7,87.0,187.3,6.99,80.48,45.64,80.71,3.86,Silty Loam,chives
25.4,79.3,138.3,6.46,26.71,43.27,70.71,2.27,Silty Loam,soybean
24.3,77.2,227.3,6.05,138.57,106.59,135.06,2.0,Sandy Loam,chilli
24.8,62.6,96.1,6.39,90.93,81.17,126.15,2.38,Silty Loam,shallots
24.6,74.8,190.6,6.76,103.99,113.47,160.89,2.26,Loamy Soil,chilli
24.0,75.2,246.0,6.1,124.64,96.44,171.0,3.24,Silty Loam,cabbage