temperature,humidity,rainfall,ph,nitrogen,phosphorous,potassium,carbon,soil,label
22.6,73.2,246.3,6.47,67.53,42.84,76.01,3.66,Loamy Soil,chives
31.3,67.3,107.8,6.38,23.9,63.31,88.87,1.62,Sandy Loam,peanut
29.57240298,93.61870344,27.56918621,6.559763394,54.24,93.8,48.35,1.14,Loamy Soil,muskmelon
16.18820417159989,90.72850696702723,108.5834369267046,7.755477838300744,56.81,59.7865,55.1455,1.21,Peaty Soil,orange
24.28888877,83.03687902,54.7657624,6.653867608,56.13,101.97,61.1,0.65,Neutral Soil,watermelon
27.72653142,92.00687531,20.75707821,6.350623739,52.97,72.51,44.15,0.78,Acidic Soil,muskmelon
25.67324193,51.29043632,194.9221468,6.877799264,64.36,143.7669,147.46828,2.03,Neutral Soil,coffee
33.99145079344629,71.87071459011982,116.15265685341595,6.337128539689051,18.35,64.3,73.83,1.47,Sandy Loam,peanut
25.56703012,76.10953962,102.7867717,5.590236025,61.09,46.388,49.72,2.08,Acidic Soil,banana
26.246725307210387,68.80641052099534,51.29786768610641,6.721550583762659,88.7,54.96,121.01,2.68,Clay Loam,garlic
26.8120885793363,86.09594381703747,179.50977496468548,6.350912704729479,133.51,105.83,191.53,3.37,Loamy Soil,cabbage
26.7,86.9,200.0,6.08,85.31,59.54,86.82,3.97,Loamy Soil,chives
20.53266263684546,90.38030838524749,117.69150683896962,7.026381080707462,60.87,143.015,139.584,1.67,Loamy Soil,orange
26.49031909441299,60.085972690834076,96.95562706746016,6.020827474794593,48.0,37.0,36.0,796.0,Sandy Soil,sweetpotato
26.712189840811373,90.5724141956728,57.83835045476265,6.811773280876694,59.65,147.76686,104.55,2.34,Loamy Soil,watermelon
25.846310387538004,65.13593273876971,178.45357900008713,4.877941552895756,63.760000000000005,37.73,48.82,1.97,Acidic Soil,tea
24.12401192354393,90.60577535595975,103.08857196148985,7.499089344511801,61.41,87.94,69.19,1.38,Loamy Soil,orange
24.98,59.43,84.77,6.26,38.0,27.0,59.0,712.0,Loamy Soil,sweetpotato
33.824581168332294,51.25229634463721,98.39260655378169,6.169563973923002,62.42,46.14,55.75,0.6,Acidic Soil,mango
24.959950361145257,79.122941065498,119.1998220714823,6.697499681866696,37.46,53.61,80.23,2.44,Silty Loam,soybean
25.627355,57.04151119,188.5506536,7.428523634,65.31,69.93,98.67,1.9,Loamy Soil,coffee
17.370496071622235,93.9730490680464,109.3682771167375,6.934387398122295,58.79,142.4994,145.242,2.42,Loamy Soil,orange
18.652211628676604,91.3520325065927,115.72068165984624,7.9064899942396165,58.07,61.93,56.78,0.89,Peaty Soil,orange
27.69537260447427,57.801403492907966,179.70691029104472,4.855059220614497,64.84,39.26,50.44,1.26,Acidic Soil,tea
25.69642083,64.39173836,247.2123321,4.804786385,71.6445,38.81,55.1,1.21,Acidic Soil,tea
25.629020691152895,82.79366013444317,209.72789028150325,5.499930601081157,76.96,47.1,57.1,1.21,Peaty Soil,rice
29.60718808,93.15642801,62.68710535,6.57398033,59.61,95.6,59.848,0.65,Loamy Soil,papaya
26.375788961574322,81.10133996677234,187.07760797024466,5.624243028526649,69.31,48.65,58.86,2.26,Peaty Soil,rice
24.626113455666516,83.72414284818018,289.31392457431923,6.535670548962866,84.536,90.31,136.65,1.19,Loamy Soil,rice
27.253699558518754,80.63396083233802,108.78577102162384,5.857121108522706,65.47999999999999,52.77,51.1,1.68,Acidic Soil,banana
27.32905734344264,71.83755760461389,93.26596659470619,7.00507704374226,82.11,52.36,123.84,3.48,Silty Loam,garlic
25.684834468849832,83.94507291393623,40.2239848893232,6.877381972329357,53.9395,144.53795,95.83,1.58,Neutral Soil,watermelon
22.08576562,83.47038318,231.7364957,6.372576327,73.73,69.91,89.25,0.93,Acidic Soil,rice
27.09930816533999,82.2422119755748,204.74285377055648,6.728055924177977,63.52,46.77,96.08,3.51,Silty Loam,chives
26.06312650491336,66.67972029478557,47.61476886418174,6.49060589497037,96.48,90.86,143.91,2.21,Loamy Soil,shallots
20.45057360378877,91.44626818712086,117.81470568214738,6.876906397992699,58.87,142.015,139.584,1.67,Loamy Soil,orange
24.165182237559424,92.47909143428848,109.80259067955032,6.482741560609019,65.85,89.22,72.95,0.91,Neutral Soil,orange
21.89753563703097,63.617637232155154,245.72990699043876,4.55236955558439,69.0,38.71,51.33,1.88,Acidic Soil,tea
26.69727299644957,95.10217423901955,25.11774868628509,6.3623305674855475,54.79,82.08,46.35,1.17,Acidic Soil,muskmelon
29.7,67.9,116.2,6.04,21.64,48.77,75.05,1.72,Silty Loam,soybean
14.05090252873125,91.54235969868402,106.99891862529377,7.546893131743737,60.36,72.78,63.26,1.62,Peaty Soil,orange
24.45132792,93.10527686,109.4711098,6.528354932,63.85,89.22,70.95,0.91,Neutral Soil,orange
31.99490489,50.84881347,97.38741498,5.279388967,58.8,38.87,47.55,1.83,Peaty Soil,mango
27.696979671486787,78.75600233971221,92.98778687561827,6.297796296335975,59.62,61.96,55.51,0.8,Acidic Soil,banana
25.63016354573156,82.82397093757598,119.58551707456533,5.8838243514562825,66.02,48.37,53.16,1.96,Peaty Soil,banana
35.14762568603806,45.76477020474806,99.143309182296,6.393560596862061,58.73,55.05,62.79,1.68,Acidic Soil,mango
25.7,79.2,205.4,6.13,89.33,48.24,70.35,3.38,Silty Loam,chives
35.53845018,52.94641947,91.54560427,4.934964765,59.57,37.69,45.91,2.05,Peaty Soil,mango
22.92,57.5,77.72,5.69,41.0,25.0,35.0,846.0,Sandy Soil,sweetpotato
22.31356940947137,91.68316938693285,119.64732513643813,7.602587965540528,61.47,76.07,67.54,2.08,Peaty Soil,orange
28.14393663471632,91.22332479915546,178.87345073418035,6.609744589950212,73.74,105.12,105.63,1.96,Loamy Soil,papaya
28.22176770699651,72.60103019989351,66.51569043383569,6.7981384842760795,77.82,77.28,94.15,3.62,Loamy Soil,garlic
27.96872279,92.17444796,28.94766949,6.040559392,54.15,58.8005,43.9,1.12,Acidic Soil,muskmelon
23.287700636394174,66.38020958604665,164.185250202412,6.73500368356228,67.0,126.75,143.09,1.7,Loamy Soil,coffee
26.4020227,84.41007614,111.0162259,5.720726906,63.75,49.79,51.57,1.92,Acidic Soil,banana
25.666175895450596,84.30454438117413,42.88211951629135,6.948325925332791,58.06,142.85,112.84,1.86,Neutral Soil,watermelon
23.55882094,71.59351368,66.71995467,6.657964753,56.25,92.79,66.01,2.21,Neutral Soil,maize
24.51588066,83.5352163,230.4462359,6.685346424,76.22,109.64,137.65,2.34,Loamy Soil,rice
23.213544919309946,91.43603460468542,160.1687984455339,6.642754841038888,68.89,111.28,100.75,0.73,Neutral Soil,papaya
31.057319864511516,50.486717789118345,91.57299077982101,6.876944613147385,55.73,107.91,101.32,0.94,Neutral Soil,mango
32.692990342541805,70.40607805947224,82.72256339253815,6.341126176074319,20.04,67.77,82.17,2.0,Loamy Soil,peanut
33.25160295687788,91.2746346452994,138.35792028809905,6.853957825400153,70.44,146.086,143.0889,0.94,Loamy Soil,papaya
25.844507887182015,85.25550043987182,171.44889548170366,6.418085405596335,154.89,85.79,174.46,3.87,Silty Loam,cabbage
25.34119774,84.47321314,91.06493353,6.435792374,60.8395,73.272,61.53,2.32,Acidic Soil,banana
28.455365228724773,80.33148503491351,165.17521869908424,6.072252906997217,25.78,53.8,66.09,1.7,Loamy Soil,soybean
30.55743803643695,74.24937372230586,124.98821308142631,6.425388416437242,30.77,46.44,53.67,1.78,Sandy Loam,mungbean
25.5674832,60.49244602,190.2257843,7.456646097,66.35,68.87,94.32,0.79,Loamy Soil,coffee
11.136779315737638,90.78613295349365,105.50246098610418,6.376180654936759,55.2595,82.24,68.55,2.32,Acidic Soil,orange
22.3,82.5,251.1,6.92,88.89,53.14,84.48,2.82,Loamy Soil,chives
28.21749197423025,62.193122006346414,192.08598112081708,6.75812183402772,32.0,23.0,47.0,655.0,Sandy Soil,cassava
29.404030313378556,71.43541103347157,217.59955788096602,6.2569507648797345,61.33,49.14,81.25,2.73,Silty Loam,chives
25.40933754133735,59.50683359288719,111.54845931114811,5.927191257265671,29.0,22.0,41.0,741.0,Loamy Soil,sweetpotato
26.62450339886102,77.4528901220805,91.62189775535569,6.3340654665323814,58.8395,60.67,57.88,2.02,Acidic Soil,banana
24.55497707268369,86.88928752777193,210.16145306810003,6.402868346575946,143.03,97.12,153.48,3.04,Silty Loam,cabbage
27.5529736,47.90859131,90.40332704,5.910634533,56.8575,43.19,51.06,0.98,Acidic Soil,mango
26.143844578492786,62.05553526998929,164.22355650170314,5.549133873617814,26.0,22.0,40.0,788.0,Loamy Soil,cassava
23.69287069,66.76090123,144.6576424,7.393825704,62.71,80.86,88.98,0.94,Loamy Soil,coffee
22.830233315691295,52.65001395065193,122.03158794898098,6.944748101898973,56.605,149.0820435,147.0874,0.82,Loamy Soil,coffee
27.52,64.13,109.95,7.34,31.0,23.0,22.0,781.0,Loamy Soil,cassava
28.3,79.1,159.8,6.75,27.99,44.56,70.25,2.41,Silty Loam,soybean
19.1648757742087,65.6408828127913,95.67993686520128,6.0544619532061725,58.54,49.52,53.78,1.53,Acidic Soil,maize
26.83054058,90.75379971,144.6656444,6.864143752,69.57,143.86921,144.82323,0.75,Loamy Soil,papaya
30.13868144140955,71.92017761062583,36.53473522190257,6.649882249351024,115.18,89.14,125.15,3.2,Sandy Loam,shallots
24.370351555810355,52.857500831821774,185.62138322275746,6.1783882514526,64.34,50.0205,66.0,0.53,Acidic Soil,coffee
18.87751445,65.76816093,94.76189431,6.082973754,56.54,51.52,53.78,1.53,Acidic Soil,maize
26.7320648,80.88684822,284.4364567,5.108681786,83.536,42.919,60.05,0.9,Acidic Soil,rice
29.47310812364998,59.987332202301644,34.87594125528646,6.654680869044926,84.04,74.23,133.39,2.44,Silty Loam,shallots
27.04069685915231,75.74477281627529,149.3778638963375,5.659062721118,108.33,96.87,152.19,2.99,Sandy Loam,chilli
33.93679864,52.72170281,97.4611918,6.460542749,59.69,59.32,64.09,1.43,Acidic Soil,mango
27.554133680868667,81.75739886129827,53.94481357514351,6.221369346585429,55.88,66.7525,49.42,2.36,Peaty Soil,mungbean
24.574743918271174,67.0754849441927,123.51901450318833,6.743931964964703,58.1,140.199,140.6,2.0,Loamy Soil,coffee
23.58957964461099,55.87798630783628,111.06192659600764,6.011158216546806,37.0,34.0,37.0,692.0,Loamy Soil,sweetpotato
24.86132302838104,59.35982537627523,73.67814653182351,5.837223397770906,53.08,47.71,50.9,0.87,Acidic Soil,maize
33.1056981,93.48447453,119.0417975,7.434118807,69.476,94.6,76.6,1.05,Neutral Soil,orange
30.766117243028297,84.61122020254507,98.9998094791356,6.438525870748025,34.74,45.61,53.82,1.65,Sandy Loam,mungbean
30.62535248929084,64.96606094753335,41.57269715614135,6.436204900803074,83.93,88.93,125.52,2.39,Sandy Loam,shallots
33.8,66.2,51.8,5.85,15.75,61.4,74.07,1.26,Sandy Loam,peanut
26.401381606544447,76.23039077457415,204.28931040589475,6.899585344599077,133.44,112.61,179.72,3.76,Clay Loam,cabbage
32.0,77.6,201.9,6.59,122.34,90.84,167.51,2.52,Sandy Loam,chilli
27.451826660635625,64.15458497102868,109.25788137430008,7.387856457956393,29.0,25.0,22.0,781.0,Loamy Soil,cassava
29.919170062545074,62.50392834749958,76.79845829000148,6.087824285606966,100.12,63.03,133.42,2.08,Loamy Soil,shallots
26.533384786879527,92.71475869043427,63.12558075987867,6.631728373653193,56.61,99.0,61.02,0.94,Neutral Soil,papaya
26.8,73.3,116.2,6.93,28.94,41.85,68.08,2.45,Loamy Soil,mungbean
26.844456091993663,86.19843478711242,36.45876749013149,6.744298933799845,56.88,121.45,55.36,1.79,Neutral Soil,mungbean
23.622264429135857,82.13870464176578,220.61683730006914,6.3860526446255195,75.7,66.53,85.44,2.37,Peaty Soil,rice
22.3,85.1,172.0,6.59,133.11,103.29,170.43,3.61,Loamy Soil,cabbage
18.87957654,92.04304496,114.6659511,7.813916603,61.07,63.93,58.78,0.89,Peaty Soil,orange
25.2,75.3,152.5,6.39,77.81,51.76,98.55,2.81,Loamy Soil,chives
24.286291303398166,84.15096949518039,289.6341973952546,6.208331630125812,80.52,65.93,94.64,1.64,Peaty Soil,rice
27.22502245247426,75.81247942764098,101.54527176897423,6.1187723164075605,63.05,51.83,56.14,1.47,Acidic Soil,banana
15.153143803545374,90.79070866848734,103.03770647097306,6.2123434639592405,60.5,60.04,53.15,2.21,Acidic Soil,orange
24.12779352407802,55.380926784069544,245.28178147036735,4.917586025959124,69.47,38.28,57.4215,0.88,Acidic Soil,tea
26.124716274569916,65.5595477878897,73.95526915274067,7.415876246555616,100.0,61.5,90.08,2.58,Clay Loam,garlic
23.42611644,64.10651528,122.6847408,6.779984384,60.24,117.41,114.35,1.61,Neutral Soil,coffee
29.69630329597492,91.66482182110227,23.00683122329489,6.337108650726693,51.44,77.45,46.08,1.3,Acidic Soil,muskmelon
35.55298736918324,48.275476493349075,98.66313043915333,6.2532720362660665,60.25,50.96,60.09,1.54,Acidic Soil,mango
25.48701857112083,74.02089849119407,109.0455834630543,6.519450301015445,61.1105,76.74,72.14,0.95,Loamy Soil,maize
23.5,85.7,244.8,6.21,144.0,99.1,199.61,3.17,Loamy Soil,cabbage
22.43163359,60.43807179,193.10972,4.588707438,64.54,37.52,50.68,0.94,Acidic Soil,tea
27.46583649,94.79016045,27.27899847,6.440584681,53.95,80.88,46.5,0.8,Acidic Soil,muskmelon
31.405861804465914,70.46140001021084,152.27366320700906,6.202959029286972,131.67,119.93,121.12,2.12,Silty Loam,chilli
25.312162423699263,61.598673145270205,107.72885041094769,5.249289168149208,34.0,14.0,42.0,683.0,Loamy Soil,cassava
26.68386496,92.9585411,62.50689682,6.583760499,58.61,97.0,60.02,0.94,Neutral Soil,papaya
24.5,76.2,247.6,6.85,88.61,49.45,92.84,3.76,Loamy Soil,chives
28.2,70.9,100.5,6.24,147.05,103.43,126.51,2.86,Silty Loam,chilli
22.8056033,56.50768935,101.5952794,5.791649933,57.27,44.03,51.21,0.88,Acidic Soil,maize
28.625208612649434,81.4077953706919,36.3386214179018,6.894229731850706,51.88,146.4896,69.21,1.91,Loamy Soil,mungbean
24.48620746,92.98254537,183.49095,6.761953186,73.21,147.18,142.78,1.79,Neutral Soil,papaya
28.6956201,82.54195839,116.1616839,6.225225239,64.9805,61.96,59.99,1.87,Peaty Soil,banana
28.1,74.7,59.6,5.94,28.15,64.35,80.43,2.15,Sandy Loam,peanut
23.93381021609281,74.62691146460688,159.9748164478718,6.235846329310112,84.26,56.06,81.79,3.63,Silty Loam,chives
32.12147459471513,78.58388963422226,198.56915907813405,6.922986060453867,30.95,53.7,80.09,2.38,Loamy Soil,soybean
33.371661548634485,93.49111048319199,198.89436871257794,7.016711186711939,85.8,145.77452,145.80693,0.63,Loamy Soil,papaya
24.9,78.6,242.2,6.89,86.81,58.39,84.62,2.65,Loamy Soil,chives
22.507027633573763,56.31746075849491,153.26740974921384,4.727092583882152,64.687,35.53,47.0795,1.87,Acidic Soil,tea
25.861976070957766,80.76456333242739,98.11639818671502,5.74327378304843,61.12,52.04,52.06,1.98,Acidic Soil,banana
25.44419397454412,64.88859124752057,245.34460288192284,4.791941382802452,68.6445,37.81,57.1,1.21,Acidic Soil,tea
24.814421480558288,80.72965302820847,218.90413534071246,6.440995429115832,154.55,86.91,182.72,2.97,Silty Loam,cabbage
25.103296320619265,72.21055527283225,172.95232223269184,6.486633620526067,144.71,106.23,144.92,2.65,Sandy Loam,chilli
29.20585340400229,83.45168595768757,236.74713626057078,6.822007824919609,88.55,54.82,77.22,3.66,Silty Loam,chives
26.50534021586369,67.6535862028462,49.45968901934866,6.151211263331726,87.29,87.13,131.38,2.82,Loamy Soil,shallots
25.519203520849874,78.77947585765514,203.66827996925326,6.229655462060525,89.33,47.24,71.35,3.38,Silty Loam,chives
30.49183837,90.4582865,113.3302105,7.781988584,67.37,64.7,59.32,0.62,Alkaline Soil,orange
29.483831406879965,91.22971961026475,233.2048304741733,6.801252751974048,84.21,136.57,139.134,1.25,Loamy Soil,papaya
22.142225742118658,88.36798225685,182.21600592033,6.395611860954692,173.76,87.81,178.17,2.55,Loamy Soil,cabbage
27.38538997,88.66663953,58.29933073,6.702772465,57.86,119.49,66.15,0.75,Neutral Soil,mungbean
31.18298415,90.21646909,54.01872359,6.734005648,58.44,131.75,67.08,1.45,Neutral Soil,papaya
26.00373964,62.1445102,153.477776,6.559817161,63.78,72.35,86.49,1.73,Loamy Soil,coffee
29.03157242,91.82172592,24.93861254,6.243673725,53.69,66.42,44.4,1.7,Acidic Soil,muskmelon
31.1,70.9,194.3,5.97,141.24,102.23,155.68,2.86,Sandy Loam,chilli
27.083978129109532,50.22089847399064,95.36132190646727,6.1321395300430614,55.0,45.6,55.16,1.97,Acidic Soil,mango
26.989588704256214,79.44505396364691,142.89651675736798,6.541702487907453,23.93,41.0,66.06,2.37,Loamy Soil,soybean
25.255787308033202,81.8318073206273,146.72728575985266,6.656373314387045,130.09,108.96,171.58,2.38,Silty Loam,chilli
24.28,55.33,124.93,6.01,36.0,25.0,31.0,837.0,Loamy Soil,sweetpotato
25.643473060523384,80.84546037755088,94.98855478104737,6.271361023778561,59.8395,64.24000000000001,56.36,1.12,Acidic Soil,banana
30.14801767633054,68.15191859921376,66.6566840194632,6.25509939394034,27.39,52.99,87.71,1.65,Loamy Soil,peanut
26.59939858010014,90.85547794628846,61.225522964398934,6.733276009484329,56.8895,107.16,63.76,2.04,Neutral Soil,papaya
23.69069038163738,80.09570120371495,245.27373433521322,5.9486759260320765,154.54,114.87,188.32,3.52,Silty Loam,cabbage
26.82060057,83.89241484,43.97193745,6.463271076,55.51,76.89,50.92,0.68,Acidic Soil,watermelon
31.34920143,91.48247612,109.1549823,7.181907673,67.39,142.5659,120.01,1.74,Neutral Soil,orange
26.94712644096566,51.432209731802615,127.17903981375339,6.764036440598974,59.82,79.18,95.54,1.05,Neutral Soil,coffee
29.383308754839437,76.47253665123357,89.01840415801897,5.706799421126441,64.39,48.95,51.35,0.67,Acidic Soil,banana
28.05380704,91.81758779,20.76582087,6.706053225,52.97,123.71,49.42,1.33,Loamy Soil,muskmelon
27.183182177964976,62.82597964195346,157.177747196405,5.0612172358252785,19.0,24.0,38.0,629.0,Sandy Soil,cassava
27.333127828524983,89.61059108081768,59.78266254411111,6.606013554610334,58.86,120.49,67.15,0.75,Neutral Soil,mungbean
30.15672250332084,51.000531551255705,94.41744854071281,5.672835028144883,60.03,42.35,48.68,2.01,Acidic Soil,mango
24.236445102451242,53.36427845476114,121.33891824879322,6.7358253677476005,62.605,92.27,95.75,0.98,Loamy Soil,coffee
29.0,70.5,99.5,6.13,80.89,77.69,142.18,3.39,Silty Loam,shallots
21.59915678785921,82.58806817771861,290.5063551410864,6.503190224387897,77.08,77.32,120.97,1.7,Loamy Soil,rice
27.19942117490148,78.16463317113596,109.02093861369406,5.974983008483052,66.03999999999999,53.39,57.48,0.51,Acidic Soil,banana
28.56047826200165,93.12577085757846,30.510941654826564,6.394312550841528,51.19,79.44,45.95,1.41,Acidic Soil,muskmelon
32.68637536768046,68.01056948715929,53.944668735988216,6.300861469936691,13.2,59.3,87.0,1.27,Sandy Loam,peanut
29.2,72.2,86.2,6.61,23.79,31.69,65.12,2.38,Sandy Loam,mungbean
28.012513031246158,70.20858387974741,100.2602892990959,6.268058954322731,146.05,105.43,125.51,2.86,Silty Loam,chilli
24.94835771629674,89.03665407515277,58.38981761962854,6.499606146118734,58.04,91.32,56.47,2.03,Neutral Soil,watermelon
21.94351398094728,81.13982210738178,198.75275626294106,6.118422058448849,68.78,56.29,65.59,1.28,Peaty Soil,rice
32.398286722587024,67.24951726689414,57.89665871080288,5.8900570076422785,31.79,67.7,80.32,1.56,Loamy Soil,peanut
30.543912265802827,50.2842212275674,88.39948064224906,6.759691444407001,58.73,110.91,105.32,0.94,Neutral Soil,mango
28.580485401292346,72.56270710908655,70.50945555672308,6.09638405455142,118.2,65.89,134.6,2.5,Sandy Loam,shallots
25.70012966867329,82.51960360998619,53.228970430357066,6.282529155497355,58.43,63.019999999999996,52.05,2.27,Acidic Soil,watermelon
29.742416602298132,64.83299860817765,44.97995281398304,6.214315464366493,116.77,83.89,104.22,2.04,Loamy Soil,shallots
28.641114957569542,67.27206767317307,83.53966115605871,7.184285399246357,70.54,52.17,107.95,3.8,Loamy Soil,garlic
26.865341474270558,76.57293155796177,98.7795790314906,6.139909521328652,64.63,58.03,56.58,1.95,Acidic Soil,banana
24.329968930703835,83.16047842230566,120.18450599557711,6.13327339293437,122.97,116.74,160.48,2.53,Silty Loam,chilli
24.123802299238534,82.24052184557519,226.20497300106567,6.371251779605881,73.33,69.04,89.11,0.63,Acidic Soil,rice
23.876711809755786,70.60043065208741,80.26190669311325,6.171952443708517,95.62,67.09,118.14,2.9,Silty Loam,shallots
24.787548421210587,57.11407111943962,103.34370329602221,6.556194032051057,37.0,30.0,46.0,818.0,Loamy Soil,sweetpotato
26.327479599193847,81.21281745301599,291.074734550255,7.055868940960358,82.536,139.6931,149.520955,2.15,Loamy Soil,rice
24.620804523930424,84.64736427036804,168.40572976235583,6.750169794007461,119.64,83.85,190.36,3.13,Clay Loam,cabbage
24.01497622,82.05687182,185.2773389,6.98435366,70.28,146.825,147.4889,2.31,Loamy Soil,rice
23.14155762467893,79.60026287848063,247.21074320470004,6.0942630859942035,158.54,110.87,191.32,3.52,Silty Loam,cabbage
26.65482100295365,88.29257887362785,47.876818323280006,6.381714393140354,55.01,69.72,49.95,1.66,Acidic Soil,watermelon
29.35907982290232,93.70329845970416,100.68382083250103,7.342284993607588,64.18,107.56,74.77,0.7,Neutral Soil,orange
26.4,73.3,48.7,6.51,92.07,55.6,90.99,3.54,Clay Loam,garlic
27.8,81.0,180.1,5.57,133.73,87.61,131.54,1.82,Sandy Loam,chilli
27.33184302445449,75.29709705750389,106.77504512087407,7.413761012730281,93.63,53.75,107.07,2.06,Silty Loam,garlic
27.735739360017803,87.01029719112766,44.68179322091633,7.10043830143056,56.82,146.79828,70.66,1.09,Loamy Soil,mungbean
28.367381085420043,77.46956338280415,171.56247451067344,6.731045095870445,146.71,111.63,197.15,3.39,Clay Loam,cabbage
27.7938225157936,64.57054054534458,217.12097214582968,4.677438660081125,68.2,40.16,54.43,1.98,Acidic Soil,tea
25.567234678289623,92.01701508632497,102.16149845938673,7.446444194967957,62.4,81.64,66.39,2.42,Peaty Soil,orange
27.26302419302136,88.98835663121757,52.222930723503154,7.02466009635951,53.87,147.3403,144.39,2.3,Neutral Soil,mungbean
28.6,67.3,99.6,6.83,73.3,76.02,130.59,2.25,Silty Loam,garlic
24.92994759,85.00802358,48.75859458,6.195142279,55.74,61.69,48.08,1.48,Acidic Soil,watermelon
24.806568151502724,77.60402246954368,221.04505145456028,6.6137970480075,144.78,114.75,140.04,2.2,Silty Loam,chilli
24.6,76.5,143.1,6.64,132.54,103.08,154.59,2.88,Silty Loam,chilli
28.33,63.13,111.45,5.47,38.0,25.0,32.0,746.0,Sandy Soil,cassava
41.83090712626216,90.30425893633976,198.04844572768974,6.5696785377554425,92.29,110.64,120.33,1.01,Loamy Soil,papaya
32.241180720303554,49.86402633839763,97.76987196098376,5.35218420493644,60.8,39.87,47.55,1.83,Peaty Soil,mango
29.2,78.0,184.1,6.35,82.55,49.18,95.07,3.04,Loamy Soil,chives
25.006481823998346,84.0286522355878,231.5643517210188,6.659624091482175,141.74,93.6,163.25,3.55,Clay Loam,cabbage
33.8,73.0,90.9,6.22,29.3,69.9,86.34,2.02,Loamy Soil,peanut
26.5,75.6,183.7,6.41,27.09,46.77,62.67,2.69,Loamy Soil,soybean
22.240359938833546,84.19004637741129,233.36607318778948,6.340201584645775,72.73,68.91,91.25,0.93,Acidic Soil,rice
27.593352897515857,92.45936668709649,25.90324522971633,6.670007363229788,50.75,133.56,50.986,1.04,Neutral Soil,muskmelon
23.937033158620515,70.90737749833946,38.859721700754825,6.030883984603302,101.17,86.73,123.48,2.32,Silty Loam,shallots
28.006090351280232,79.23534068269599,242.24789541641255,6.415555314284158,126.82,92.29,168.34,2.68,Loamy Soil,chilli
26.783194355005765,89.62440311685326,191.15710251988102,6.188765699244448,172.36,118.19,195.84,3.92,Clay Loam,cabbage
34.97325936030399,91.42282568222966,163.03721514603706,6.587656161615359,81.29,113.96,106.97,2.03,Loamy Soil,papaya
27.754780048406406,62.81266515509708,113.12209646613009,5.410082704630646,23.0,18.0,25.0,706.0,Loamy Soil,cassava
27.245024655021343,63.349255394738755,66.25779894631219,6.122090017852667,101.28,62.41,133.77,2.2,Silty Loam,shallots
30.015922639620054,93.97871526982628,75.70535657566985,6.589722288183393,58.95,99.08,65.32,0.54,Loamy Soil,papaya
26.128925726619734,79.79979191787962,241.52500996998347,6.985609627880555,79.65,149.45895,142.943,1.43,Loamy Soil,rice
27.31372793,85.44815232,53.15223123,6.568795404,56.89,89.45,56.44,1.73,Loamy Soil,mungbean
27.341754982919696,80.9272184126878,225.11385105565174,6.663933271404412,151.91,80.19,192.68,3.78,Loamy Soil,cabbage
26.08824434760746,62.65461844080566,109.40704232782771,6.629481903836556,60.83,76.95,73.26,1.61,Loamy Soil,maize
29.728853494497535,91.62092248870819,19.336118304209844,6.745971838536291,53.13,125.89,47.5,0.72,Neutral Soil,muskmelon
20.634699793033597,90.9906052097444,111.52361248370636,7.883146078669785,61.46,60.88,55.64,0.71,Alkaline Soil,orange
32.684736718190635,89.24304173150736,106.29892904145262,6.519243302625364,69.91,81.09,65.86,2.17,Acidic Soil,orange
22.37,55.36,81.16,6.23,43.0,36.0,39.0,783.0,Loamy Soil,sweetpotato
27.6179588230303,86.61473727348066,51.01989559313867,6.418642764098515,53.65,71.76,52.06,1.46,Acidic Soil,mungbean
28.1,82.9,193.1,5.67,111.3,80.7,122.63,3.19,Loamy Soil,chilli
25.387149350597486,84.0630192836793,89.1908552741123,6.185980959360506,59.8395,57.67,55.64,1.57,Acidic Soil,banana
32.1363469431145,70.57997812513196,147.39401685269218,6.6398416087915475,27.42,55.62,71.78,1.54,Silty Loam,soybean
25.61400114157043,62.93663889849192,138.4434262783739,5.917370768582458,32.0,22.0,50.0,752.0,Sandy Soil,cassava
29.113819635195487,66.42590352387003,137.5499317885672,6.648963184503921,26.99,45.17,73.55,2.22,Silty Loam,soybean
24.8972823,80.52586088,185.197438,6.13428721,70.46,57.91,68.29,1.55,Peaty Soil,rice
29.56795698564858,69.79960813547741,59.79212474937733,6.394112087034124,13.08,56.12,70.46,1.2,Loamy Soil,peanut
26.172166834518787,57.22329049362966,182.1462777835855,4.76360728910203,62.55,36.67,51.78,1.22,Peaty Soil,tea
23.23227223363938,90.71996387709595,160.1681050593803,6.6203145900946545,69.89,108.28,101.75,0.73,Neutral Soil,papaya
29.32425969267269,71.51579873993725,101.90359474454543,6.730538288966805,29.32,45.81,63.11,1.97,Sandy Loam,mungbean
29.34932140847491,93.12347073909889,25.160092595833365,6.378641461514537,50.65,77.16,45.58,1.84,Acidic Soil,muskmelon
28.003191487128127,91.58906968429672,24.511978849492078,6.525113740449133,50.32,92.7,45.85,0.57,Neutral Soil,muskmelon
28.016114236764146,89.18673653334899,229.28244755273874,6.68698974668339,85.05,49.52,79.19,3.57,Loamy Soil,chives
27.73933986914041,83.37998990353076,44.74025736705518,6.924865738941683,54.61,144.297,114.94,1.35,Neutral Soil,mungbean
18.239446794730455,71.38912438791259,69.4590811162749,5.796278775059013,52.19,46.78,46.29,2.23,Acidic Soil,maize
21.31615361,63.99928025,216.1093103,4.5280571,66.38,37.77,51.66,0.64,Acidic Soil,tea
27.207128100267777,85.73235476219378,38.54585677829058,6.798659187501176,53.88,120.45,57.36,1.79,Neutral Soil,mungbean
23.58,58.98,111.96,5.54,34.0,22.0,43.0,733.0,Loamy Soil,sweetpotato
23.686203416928258,82.56019685278305,219.87777208699788,6.363003072607521,76.7,68.53,82.44,2.37,Peaty Soil,rice
28.834517346114488,66.00142413415786,107.38755139956139,6.516279479733901,94.43,61.77,98.52,2.32,Loamy Soil,garlic
27.748516096139312,77.27674903653373,112.19245142909155,6.0374935129494025,66.03999999999999,53.39,56.48,0.51,Acidic Soil,banana
24.494700066445052,67.93293621032977,92.39598017058411,6.167151424801214,60.67,59.08,55.57,1.74,Acidic Soil,maize
26.041911880193155,81.69512651497212,99.57526850382554,6.25130860259183,28.49,35.23,55.09,2.48,Loamy Soil,mungbean
25.70913767153264,79.04086745698538,107.33990879083682,5.689167189036085,62.75,46.17,49.15,0.92,Acidic Soil,banana
28.546512411167463,73.52328876645439,96.04817033635838,7.0018808556147025,94.11,58.49,128.29,2.47,Silty Loam,garlic
26.301915032820794,81.54754488092729,113.31868230825407,6.30826915571452,65.44,66.97,63.76,1.95,Acidic Soil,banana
25.16296632,92.54736032,114.3117197,7.105904818,64.79,140.6889,145.1539,2.38,Loamy Soil,orange
23.60301571,60.39647474,140.9370415,6.779832611,61.16,112.3,125.35,2.4,Loamy Soil,coffee
29.362466866581773,90.55864389246419,25.71807854353415,5.973368634494376,55.8,61.03,42.71,0.93,Acidic Soil,muskmelon
31.415808803168893,53.06201511292372,97.71981387144461,5.830110326321462,57.16,45.5,52.15,1.94,Acidic Soil,mango
29.8,71.0,105.8,6.98,34.71,48.22,63.96,1.93,Loamy Soil,soybean
26.032708031222096,75.3099925743868,184.28265269761326,6.008754418169643,128.91,87.42,191.58,3.53,Loamy Soil,cabbage
27.6442983055388,76.59069974864546,101.97466501837808,5.975013407614965,64.35,49.71,52.47,2.37,Acidic Soil,banana
24.02762575542151,57.63432198651517,234.44448074186008,4.8905353634571,69.99,38.2,55.13,0.71,Acidic Soil,tea
29.61,64.73,197.87,6.82,23.0,17.0,39.0,760.0,Sandy Soil,cassava
31.91122507040746,66.10251417389908,99.399705040171,6.397106035795777,32.77,43.6,64.32,2.26,Silty Loam,soybean
30.856921638068386,93.37207894100904,55.708397195579636,6.895434116826284,55.84,145.61836,147.784,2.04,Neutral Soil,papaya
28.78971577357198,94.00090476663662,23.312817271488008,6.676891484080594,56.43,134.7555,53.02,1.17,Loamy Soil,muskmelon
27.961620635495553,65.63658806542392,84.12782058050563,6.764661596521233,82.92,56.91,112.21,3.58,Silty Loam,garlic
36.32268069,93.06134398,141.1736926,6.986413574,76.51,149.08977,143.2852,1.78,Loamy Soil,papaya
28.654868755016633,70.33625444804456,47.853873152851186,6.937799446431584,104.37,59.14,128.92000000000002,2.54,Silty Loam,garlic
30.387945825155445,89.96537466280486,111.88539262678299,7.7473415078939665,69.37,65.7,60.32,0.62,Alkaline Soil,orange
30.8,66.9,197.9,6.47,33.92,46.5,74.02,1.91,Loamy Soil,soybean
26.61075971853882,61.68621509775846,151.95799128502622,5.648616402349855,30.0,16.0,41.0,809.0,Sandy Soil,cassava
25.0,70.6,81.9,7.18,99.83,67.07,102.52,2.84,Silty Loam,garlic
24.292234172070966,55.89221636663472,122.39906967872604,6.8645621547553715,33.0,40.0,52.0,789.0,Loamy Soil,sweetpotato
27.051835947765074,87.83146335231936,188.35279358369152,6.291947942872133,76.19,48.95,76.93,3.69,Loamy Soil,chives
30.89255105140867,68.72336491538393,113.99226094451703,6.2563763601664615,25.16,62.14,79.92,1.41,Sandy Loam,peanut
21.749333606945193,62.47369764131002,64.0034888237397,6.090101400535703,56.96,55.05,52.69,1.57,Acidic Soil,maize
24.6,81.0,154.4,6.55,138.47,110.34,146.19,2.24,Sandy Loam,chilli
25.37548751,57.21025565,101.7004306,5.983952675,58.2,46.89,53.35,0.52,Acidic Soil,maize
28.096805903897963,84.12471962894246,37.95643573667558,6.615119364628536,56.91,101.41,54.18,1.72,Loamy Soil,mungbean
25.769321491679882,79.54735371576592,152.85906749431317,6.301809986450433,150.69,87.91,171.35,2.87,Silty Loam,cabbage
29.27273310777733,90.92679812414562,27.265707813115892,6.723793816520828,51.22,132.86,53.986,1.81,Loamy Soil,muskmelon
27.165918225120507,95.0582958066711,20.738700004772138,6.6580697179344055,53.05,119.6,50.91,2.13,Neutral Soil,muskmelon
26.27061608,83.09194521,46.76837499,6.259086583,55.67,63.64,48.42,1.89,Acidic Soil,watermelon
31.780162454347238,77.35709298022765,104.72559744038992,7.200739244418568,26.23,46.24,49.56,1.67,Loamy Soil,mungbean
27.940059407461817,74.53545551544676,109.07223343525389,6.738406297009859,108.37,61.53,91.78,2.32,Clay Loam,garlic
21.917243315783463,59.45458345806654,62.64397216928161,6.95240949605715,55.65,147.21743,140.688,1.36,Loamy Soil,maize
26.51682337,77.79913575,108.8547508,5.571082542,62.48,46.388,49.74,2.38,Acidic Soil,banana
26.401418193967363,89.33498757458075,44.197883804879204,6.411704494014774,59.01,68.72,46.95,1.66,Acidic Soil,watermelon
25.290961447785232,59.161475146461235,241.55316358407185,4.736567192694245,71.95,40.3,54.87,1.09,Acidic Soil,tea
25.1,72.6,49.4,6.46,119.39,67.17,134.36,2.57,Silty Loam,shallots
25.64240089923461,79.02269832600213,186.23414678660697,6.693780274776377,33.07,41.81,65.67,1.57,Loamy Soil,soybean
25.509737061992386,61.49639637309154,84.71572385913967,6.872346675832209,57.29,145.1194,141.66,2.46,Neutral Soil,maize
24.973668262217238,65.58210380767274,76.54692734281952,6.06103326215352,54.99,49.02,50.45,2.45,Acidic Soil,maize
30.211438990592416,72.66478756965792,70.28316375292964,6.34230442339032,28.37,52.88,77.78,1.52,Sandy Loam,peanut
24.05608013949518,92.48057206728589,183.26037118242243,6.816626797878263,70.21,148.18,142.78,1.79,Neutral Soil,papaya
26.072458212476313,82.99087233206596,114.06578889072622,6.286287358825789,65.49000000000001,64.08,60.17,0.61,Acidic Soil,banana
28.88237982811377,87.43579648708574,42.04280815136103,6.516907418751294,55.99,92.3,53.8,1.99,Neutral Soil,mungbean
24.96602845372532,83.13293318454595,56.52156936525488,6.1185485019820165,58.47,62.28,51.58,0.76,Acidic Soil,watermelon
23.17241347,57.27057336,191.6467782,4.966652074,64.13,38.45,52.57,0.67,Acidic Soil,tea
24.52121428542589,80.51691551519431,183.71342914390996,6.121468254844931,67.46,58.91,67.29,1.55,Peaty Soil,rice
28.756170046664913,65.14561095507732,231.2118386811117,5.665732625479255,27.0,29.0,28.0,760.0,Sandy Soil,cassava
23.94299185127291,79.49808278528558,261.4616061513784,5.122599013174149,77.74,42.919,58.65,2.38,Peaty Soil,rice
31.53356352,53.06009323,98.57025046,5.821106036,59.16,43.5,51.15,1.94,Acidic Soil,mango
25.121218509719203,91.02123294715922,219.16002527742015,6.6782011846659275,74.07,122.65,139.3,1.97,Neutral Soil,papaya
22.699225859191003,72.58266661220328,105.72967180750926,6.792211196336136,58.59,141.18,109.67,0.97,Neutral Soil,maize
27.53123246545877,79.0091782547647,98.56924694173487,5.996602832253942,61.88,53.79,52.26,0.86,Acidic Soil,banana
25.3537625709745,92.0846855498787,53.99647868306212,6.767471535362703,58.8895,149.099313,77.83,0.73,Neutral Soil,papaya
24.58711374,55.79821052,187.2205321,4.7956601,64.27,37.59,51.32,1.73,Peaty Soil,tea
24.890937483453936,58.05137881968998,157.04928649564758,6.685444726067856,59.66,78.99,100.94,2.42,Neutral Soil,coffee
34.01794379412599,66.99040507949205,51.09277093084695,5.83139523763277,14.75,60.4,72.07,1.26,Sandy Loam,peanut
32.0,71.1,114.4,7.04,29.23,45.14,62.8,1.56,Loamy Soil,mungbean
22.47949453960542,57.67680492537435,78.99782454592484,5.6771565430259985,43.0,25.0,36.0,846.0,Sandy Soil,sweetpotato
18.70749045234899,69.64587741305624,80.50699168085848,6.816821291391677,54.91,109.64,82.4,1.72,Neutral Soil,maize
30.545256523781333,69.68233003080348,61.270824283113065,6.149245418952146,24.22,58.21,76.49,1.98,Sandy Loam,peanut
30.517569816684855,67.04702906194973,52.27843621363875,5.959595535609972,21.4,48.48,72.29,1.8,Loamy Soil,peanut
33.51509378777783,73.1859521287162,90.58448353653647,6.160710671251951,28.3,68.9,86.34,2.02,Loamy Soil,peanut
26.38807394,63.31950813,228.1585451,4.579477415,71.18,37.85,52.57,0.98,Acidic Soil,tea
27.274914307916195,86.46271511393844,60.72636162260034,6.735408301634365,55.6525,125.95,69.24,1.21,Loamy Soil,watermelon
21.646508899861736,81.23073951383088,227.2775136485232,5.56928387207769,70.73,49.31,64.59,0.86,Acidic Soil,rice
13.20844373,94.02769434,106.2696156,6.354022554,57.33,73.67,61.93,1.37,Acidic Soil,orange
29.926689416914236,70.24118242902738,67.77998403512251,7.053212740566733,103.29,66.48,108.42,2.98,Silty Loam,garlic
25.517277304580386,60.62963400349056,193.3852313486888,5.5471211284157995,33.0,23.0,22.0,627.0,Sandy Soil,cassava
27.83445254088127,71.66381191742697,289.0469766643535,6.584989422392039,63.56,58.06,77.39,3.96,Loamy Soil,chives
33.21529274522229,91.00718183572108,114.42743693179986,7.837935236932061,70.46,63.09,59.7,0.9,Peaty Soil,orange
24.90480100502876,57.59327497820869,80.38449799587966,6.813210155915745,47.0,20.0,52.0,821.0,Sandy Soil,sweetpotato
27.853435663138647,61.68284729296631,186.69221510600133,4.5071454541151015,28.0,27.0,46.0,707.0,Sandy Soil,cassava
27.99611732,90.84660317,21.61893763,6.630301421,53.05,103.72,47.8,1.33,Loamy Soil,muskmelon
20.68567423499615,93.00961271989037,112.38698570721192,7.67026477766808,64.02000000000001,68.75,61.56,0.68,Alkaline Soil,orange
29.86895569,80.44625145,54.7960127,7.120032489,57.29,147.9918,100.87,1.07,Neutral Soil,mungbean
32.5112001871743,65.67532744606848,101.58892773252718,6.441371006957132,32.77,41.6,67.32,2.26,Silty Loam,soybean
25.645978048725667,59.449087668688044,53.157141331676755,6.698031927673625,106.39,65.57,102.75,2.85,Silty Loam,shallots
27.425540309116972,86.3937133904662,233.02610971752136,6.551883283056513,128.8,104.31,157.4,2.76,Loamy Soil,cabbage
24.437867542583156,90.40820228998714,101.54745456760469,7.370457679698267,60.34,105.12,78.48,2.15,Loamy Soil,orange
25.29,61.94,220.19,6.0,36.0,26.0,45.0,718.0,Sandy Soil,cassava
11.69894639,93.25638873,103.2005992,7.566165721,56.26,79.41,64.3,1.71,Peaty Soil,orange
24.6,74.8,190.6,6.76,103.99,113.47,160.89,2.26,Loamy Soil,chilli
26.691438550129696,80.11458083078726,106.28932990813908,6.29785911440976,64.59,60.17,57.15,0.53,Acidic Soil,banana
26.137069796992233,60.764780315371866,183.56300893340105,6.199169954898528,31.0,28.0,44.0,745.0,Sandy Soil,cassava
24.21707011384151,86.88347234901104,227.3672316904862,6.100690206298319,174.64,107.66,168.05,3.85,Silty Loam,cabbage
24.92093261,80.61750795,50.55710813,6.291540278,55.64,64.14,49.51,0.52,Acidic Soil,watermelon
29.93879663316349,92.10711764358041,23.721483925850315,6.220405156936413,51.35,62.34,45.5,1.38,Acidic Soil,muskmelon
25.205966441585613,51.04484612110571,195.41581888006465,7.3354300771380725,60.92,95.62,144.0486,0.83,Neutral Soil,coffee
23.7,81.9,167.1,6.46,137.2,117.31,171.08,2.67,Loamy Soil,cabbage
25.25046778337813,65.84857783816989,74.98198909690501,6.045603680362692,59.99,52.02,51.45,2.45,Acidic Soil,maize
18.48765810797976,65.91103998979422,92.85953271200462,6.182127593149561,56.54,53.52,52.78,1.53,Acidic Soil,maize
42.17390222246324,90.5045177053521,86.70307195451448,6.516001033917483,71.92,96.28,67.84,2.45,Neutral Soil,papaya
21.6978687070155,80.77017696973833,211.91044190724287,6.100594252173836,73.07,55.6,68.81,1.19,Peaty Soil,rice
32.81888067931964,91.1155679446353,78.6169842693964,6.908429396910828,65.99000000000001,145.501,145.061,1.19,Loamy Soil,papaya
39.30050027,94.16193416,120.9512466,6.574677594,74.87,96.42,77.92,1.04,Loamy Soil,papaya
30.4,71.6,91.1,6.2,28.45,34.82,57.28,1.52,Loamy Soil,mungbean
27.15998538,51.59100753,126.1752206,6.691541233,59.82,80.18,94.54,1.05,Neutral Soil,coffee
26.47330219,80.92254421,53.65742581,6.283818329,56.39,63.9,49.99,1.39,Acidic Soil,watermelon
26.192734495618954,80.6744140258104,108.42455317233214,6.025437222385872,60.75,56.2,54.72,1.57,Peaty Soil,banana
31.587323717167507,90.92982032653951,107.504811493535,7.216084550991151,66.39,141.5659,122.01,1.74,Neutral Soil,orange
28.13391789743229,91.28826375239296,28.68758188314896,5.975422618752818,52.15,56.8005,45.9,1.12,Acidic Soil,muskmelon
26.1454261,63.23452521,235.3354816,4.669570248,71.62,38.14,53.46,1.63,Acidic Soil,tea
29.5275305,94.57459443,21.13545688,6.700337732,53.28,124.68,49.4,1.28,Loamy Soil,muskmelon
27.044183676631764,57.45017570546281,167.54537481131868,6.47391243526999,66.26,65.45,83.29,1.78,Neutral Soil,coffee
20.2800712,82.89408619,241.9741949,5.718627178,72.6,49.41,65.18,2.32,Peaty Soil,rice
25.33,59.54,77.16,6.32,49.0,38.0,32.0,720.0,Loamy Soil,sweetpotato
25.83163424474833,84.94898435914193,42.54169484109469,6.802943740483877,54.28,141.9399,68.34,1.12,Loamy Soil,watermelon
29.81196601,90.36881284,22.68766503,6.123802502,53.4,60.94,43.45,1.7,Acidic Soil,muskmelon
23.29985273110915,65.60633940399417,184.4002985685486,6.458764604833372,67.92,63.33,79.88,0.53,Acidic Soil,coffee
28.07603294969816,64.55662137837754,173.9179719600896,5.023210434622104,26.0,23.0,41.0,833.0,Sandy Soil,cassava
27.6557178,61.42790049,228.3346634,4.762332881,71.6445,38.24,53.61,0.91,Acidic Soil,tea
29.2808618,81.8009244,44.47427436,6.890156495,55.92,145.36,93.99,0.79,Loamy Soil,mungbean
26.078013586080637,55.88013630587173,220.66264381335844,4.870180049866136,70.37,36.47,55.29,1.62,Peaty Soil,tea
28.6,73.0,68.4,6.73,80.82,75.28,92.15,3.62,Loamy Soil,garlic
29.54097171,92.91778307,21.9653077,6.163921248,53.35,63.34,43.5,1.38,Acidic Soil,muskmelon
27.4,68.1,85.7,6.14,83.11,69.68,115.88,2.47,Sandy Loam,shallots
25.32484760883412,79.6207184987378,153.6978981860616,6.192784649388722,149.69,90.91,172.35,2.87,Silty Loam,cabbage
29.53,60.1,192.38,7.39,22.0,23.0,28.0,784.0,Loamy Soil,cassava
27.2,89.3,193.1,6.58,154.94,112.2,172.07,3.1,Silty Loam,cabbage
26.314445901516034,68.2075159345809,97.082220625952,6.308604972374684,97.58,84.6,106.83,2.41,Sandy Loam,shallots
28.56212158,83.24855855,56.48265193,6.935804256,57.46,145.37079,141.38227,2.29,Loamy Soil,mungbean
23.85724032,82.22572988,195.0948311,7.382762603,71.26,94.45,107.96,1.21,Loamy Soil,rice
23.568021682271755,64.09141683832462,70.06141874505758,5.490197604355005,57.7,41.825,44.84,0.81,Acidic Soil,maize
27.71825586645336,70.11398943982626,226.46877709432385,6.890072035185281,59.71,54.42,84.71,3.68,Loamy Soil,chives
24.882281654687905,85.14504210243672,169.01039435622232,6.702314797679386,120.64,82.85,189.36,3.13,Clay Loam,cabbage
24.3,86.4,150.4,6.04,135.14,89.51,167.26,3.04,Clay Loam,cabbage
28.056481676160544,77.97152444212138,294.328134844794,6.683916746311771,85.27,52.14,92.24,2.84,Loamy Soil,chives
29.15,64.88,144.33,6.18,34.0,21.0,39.0,788.0,Sandy Soil,cassava
26.179079309902384,58.43596752115777,120.33303369045706,7.379794509740768,61.41,68.14,74.22,1.37,Loamy Soil,coffee
29.10968327,92.43510994,27.95602304,6.14410903,54.18,62.4,44.36,1.45,Acidic Soil,muskmelon
23.67575393,81.03569343,233.7034975,5.17782304,74.91,43.34,57.1,0.75,Acidic Soil,rice
29.34,60.18,227.17,5.19,30.0,17.0,47.0,683.0,Loamy Soil,cassava
27.55964862673308,85.03815680184702,36.85902903885831,6.545126506198534,51.88,85.4,49.86,1.57,Neutral Soil,mungbean
24.41592661,89.39655519,41.14698587,6.623167177,54.9395,101.17,54.27,2.19,Neutral Soil,watermelon
26.99567378032999,72.94953119645602,93.91479010807322,7.191297970540488,81.94,56.75,132.11,3.02,Loamy Soil,garlic
21.97467801,55.38065416,155.5288113,4.636239117,61.687,37.04,49.0795,2.32,Acidic Soil,tea
26.766274513804245,79.26218362033703,201.38522773875522,5.698199605674722,139.69,109.01,157.74,2.72,Loamy Soil,chilli
26.57469246813357,73.47986473830385,92.68670732873518,7.064049686305568,92.68,56.36,93.02,3.48,Silty Loam,garlic
12.394478265404663,91.43275867635367,101.74245882557899,7.2274747068375556,55.2595,123.04,88.39,1.07,Loamy Soil,orange
29.24598976,84.80084105,53.43228915,6.991242362,57.36,148.589,144.764698,0.61,Neutral Soil,mungbean
12.257147860294051,92.06796708607098,118.58614478242954,6.212221080963614,57.67,64.69,60.05,0.84,Acidic Soil,orange
30.17423845767358,66.50380324104188,66.01432776088011,6.300936532643824,25.39,54.99,88.71,1.65,Loamy Soil,peanut
24.71417533,56.73426469,88.45361858,6.648725327,56.89,78.45,73.57,2.12,Neutral Soil,maize
42.04233569350883,91.4363131775365,74.98795882414021,7.008683147160827,65.93,147.6044,139.0044,2.2,Loamy Soil,papaya
29.616054681794505,67.04649343780407,68.41504680002508,7.064078093862795,88.68,68.21,113.23,2.68,Silty Loam,garlic
29.474527982672363,89.5865983489133,22.14832240297611,6.588027039859816,56.15,90.85,44.23,1.59,Neutral Soil,muskmelon
24.31274458,53.57285558,184.4103931,6.089443603,63.34,48.0205,67.0,0.53,Acidic Soil,coffee
26.3,84.3,111.4,6.81,28.44,34.62,61.34,1.6,Loamy Soil,mungbean
28.44616092665533,88.21087265423904,41.162839542901054,6.474942418313438,53.97,81.48,52.19,1.27,Acidic Soil,mungbean
26.512937520522293,59.26808076785947,123.2778383142539,6.336998374690389,40.0,37.0,43.0,749.0,Loamy Soil,sweetpotato
27.1061488213716,69.75260536075852,227.7981620576868,6.981852171575106,61.71,58.42,86.71,3.68,Loamy Soil,chives
29.98,64.44,118.89,7.39,23.0,23.0,26.0,711.0,Loamy Soil,cassava
26.722674193754912,78.68135018356503,107.6150881443524,5.664156727070727,62.48,45.388,51.74,2.38,Acidic Soil,banana
28.480488655675924,80.8169269007872,43.036757851189535,6.791014751505237,57.7,118.95,61.52,1.88,Neutral Soil,mungbean
27.16597098,58.21527912,155.0653236,4.750591271,63.46,37.76,49.08,0.63,Acidic Soil,tea
42.42559088114516,91.73791860804593,195.92247504758018,6.738219534733896,95.38,143.44,150.115295,1.11,Neutral Soil,papaya
25.61736153586435,79.37098281747784,206.40677635003905,6.500948688130913,155.03,81.56,195.23,3.06,Silty Loam,cabbage
24.276749008948222,57.85762118432634,195.81807165206465,4.735942734615366,62.44,36.95,50.07,0.63,Acidic Soil,tea
26.46428311,83.85642678,248.2256491,7.549873681,80.6,75.75,100.19,1.12,Peaty Soil,rice
30.935848832881558,48.84773687173965,92.09757904014897,6.794497696813217,54.99,114.824,109.787,1.46,Neutral Soil,mango
26.9,80.8,141.0,5.66,118.77,89.08,162.65,2.53,Silty Loam,chilli
25.4438391,87.9392312,57.51549686,6.472756256,57.15,80.04,54.54,1.26,Peaty Soil,watermelon
29.77814235207337,67.78641341138503,84.17094696733773,6.347138032517944,110.1,71.03,104.29,2.18,Loamy Soil,shallots
19.05236633593884,91.30388650567605,115.78876889276121,6.423310768466509,61.51,73.23,63.31999999999999,2.28,Peaty Soil,orange
43.311776868483705,90.73070332986057,239.25307724033854,6.537770471545795,94.627,84.9855,103.9,1.62,Neutral Soil,papaya
26.05433004,79.39654531,113.2297373,5.571082542,63.01,46.388,50.19,0.51,Acidic Soil,banana
27.510172408404554,61.43575131896467,202.63375193722607,5.608398751928859,36.0,19.0,44.0,683.0,Sandy Soil,cassava
25.3,73.7,64.1,6.84,82.35,55.33,109.58,2.68,Loamy Soil,garlic
27.670666595682903,92.5737862076777,22.84501354776617,6.493278081834127,55.32,91.7,48.85,0.57,Neutral Soil,muskmelon
25.43385755017109,83.34682651594252,48.49574812210494,6.864802981874828,56.47,149.812772,74.39,1.26,Neutral Soil,watermelon
22.1,82.9,266.5,6.9,88.9,53.39,92.51,3.98,Loamy Soil,chives
25.62755877975662,82.75214696492246,216.92298784233915,7.09804388304586,74.86,145.45895,142.523,1.74,Loamy Soil,rice
26.45288458,55.32222678,144.6861336,7.235070264,61.76,100.6,122.07,0.99,Neutral Soil,coffee
17.22034507,94.55455292,108.0054343,6.912033409,59.79,143.4994,143.242,2.42,Loamy Soil,orange
26.637872276632926,81.33099912601902,55.875892718748034,6.325694529517326,58.45,63.89,50.76,2.02,Peaty Soil,watermelon
29.7,61.1,87.4,6.44,101.35,79.8,116.29,2.42,Sandy Loam,shallots
24.31373821839991,65.93441963287924,182.30613296990109,7.2947935553867955,65.28,114.68,146.77,1.47,Loamy Soil,coffee
29.22942514410295,92.34833332769915,22.740133601302723,6.476491332863241,56.41,78.79,46.5,2.07,Acidic Soil,muskmelon
24.647790420893,68.29678465970802,52.53123840363032,6.75565018647787,103.09,59.99,118.88,3.31,Loamy Soil,garlic
27.13140403,52.89368299,192.4280381,6.081172981,65.34,48.0205,67.92,0.55,Acidic Soil,coffee
23.39511777057096,79.37237896100969,175.86902068664807,6.050310608003535,153.2,117.66,165.32,3.97,Silty Loam,cabbage
25.96835919026066,80.82408555399033,135.24777087023983,7.117087989227739,28.68,41.19,58.2,2.34,Sandy Loam,mungbean
26.25999687944289,84.29673033704812,197.13312403817704,6.483877564911641,69.43,42.39,84.8,3.59,Silty Loam,chives
25.86,63.81,130.41,6.86,22.0,26.0,41.0,845.0,Sandy Soil,cassava
24.958913009307164,60.62414955189666,70.42068780939704,5.9066022481669975,55.08,46.71,49.9,0.87,Acidic Soil,maize
27.8,89.5,167.1,6.15,61.07,48.06,94.47,3.41,Loamy Soil,chives
22.06,56.74,108.64,6.23,43.0,21.0,39.0,711.0,Sandy Soil,sweetpotato
26.82208567830088,76.34661771477393,113.87701874339753,5.732242784028818,145.32,118.29,128.67000000000002,2.81,Silty Loam,chilli
23.745864632674625,62.61959781292877,106.7978332766223,6.370714606261119,58.91,62.89,62.61,1.18,Acidic Soil,maize
30.843666561148467,82.23827301648589,98.4576886400714,6.944030454302581,25.24,48.21,59.89,2.44,Sandy Loam,mungbean
30.33723921,48.88704844,94.42850522,5.755049971,57.78,41.78,50.11,0.52,Acidic Soil,mango
21.33786179740518,56.58446761556229,104.96231135335233,6.000368035139473,37.0,19.0,35.0,704.0,Sandy Soil,sweetpotato
28.116413894717155,93.29768489639086,24.539605469055097,6.606880056043518,52.79,87.18,48.44,2.18,Neutral Soil,muskmelon
27.02142477490427,64.5173399467219,181.50018465194137,6.391202797218548,39.55,55.21,76.08,2.19,Loamy Soil,soybean
25.6899133432595,72.79832196312559,108.07718376153342,6.597635311999229,63.1105,87.36,77.61,1.18,Neutral Soil,maize
33.60210442306836,45.71240872572581,92.52387004812839,4.614455251089517,54.87,38.324,47.3595,1.86,Acidic Soil,mango
26.3,85.7,187.6,6.74,81.87,43.25,86.04,3.54,Loamy Soil,chives
30.242350140519182,53.308220985949184,92.6267426795516,6.5567099891185485,55.33,72.61,73.1,1.63,Neutral Soil,mango
25.477540708556457,79.52445407881247,109.04486860051212,6.018856226555819,64.75,53.2,56.72,1.57,Peaty Soil,banana
27.898337015081204,61.68477408737798,156.95195863795757,5.833696491735804,35.0,28.0,22.0,668.0,Sandy Soil,cassava
26.6,74.9,95.5,7.06,105.5,53.27,97.92,3.29,Silty Loam,garlic
18.83344471,58.75082029,79.7532896,5.716222912,54.9,43.825,48.28,0.95,Acidic Soil,maize
23.548199266180333,90.90063416063775,206.95845433090201,6.519981159169166,76.31,84.9855,97.29,0.67,Neutral Soil,papaya
23.162554453777638,56.58077299917402,208.829684550937,4.90469841335466,65.99,38.77,54.81,1.58,Acidic Soil,tea
25.868111811738636,65.95198822483246,107.07307158788429,6.112200990912606,59.98,49.96,56.77,1.88,Acidic Soil,maize
28.424796716286995,66.64936952935115,82.25599108979524,6.189204566323841,17.82,62.56,74.74,1.11,Sandy Loam,peanut
28.7,66.0,71.2,5.95,27.37,57.05,76.35,1.28,Sandy Loam,peanut
25.50405534,81.40297428,48.47833278,6.932547356,55.59,145.668,123.920105,1.12,Loamy Soil,watermelon
24.163707984073756,86.51834209909585,49.06236298089029,6.141521986000733,58.68,56.35,46.93,1.37,Acidic Soil,watermelon
24.51302424667515,59.08271545573925,109.13907500408591,7.006864775604059,35.0,36.0,34.0,845.0,Loamy Soil,sweetpotato
18.400561412465464,60.64081712522884,73.9526206082131,6.043175994363056,51.79,52.01,49.39,1.91,Acidic Soil,maize
24.5,74.6,78.4,6.61,102.25,76.66,95.76,3.05,Loamy Soil,garlic
26.8,78.4,147.2,6.89,29.84,48.45,58.5,1.68,Sandy Loam,mungbean
29.050779248086,63.549994859198755,167.97145738869773,6.104473838386307,37.0,27.0,49.0,633.0,Sandy Soil,cassava
24.830370358895138,81.92244649056245,56.95090460821545,6.1384209249901085,54.47,62.28,49.58,0.76,Acidic Soil,watermelon
28.9973145,83.78911515,58.5465992,6.821747052,58.08,145.542,84.76,1.97,Loamy Soil,mungbean
18.958891604739286,68.3890529836991,83.57314867683483,6.1638184670267755,53.15,57.27,54.91,2.03,Acidic Soil,maize
29.0,60.5,35.7,6.73,85.04,73.23,134.39,2.44,Silty Loam,shallots
31.50921752060338,51.55566761400392,99.45494092920445,4.998659619687419,56.1,36.09,45.78,2.18,Acidic Soil,mango
23.160677030327143,68.90823817053048,163.279634669691,6.764534076276937,67.14,97.75,111.75,1.32,Neutral Soil,coffee
26.886601584351972,84.48052632230214,180.05277738763283,6.263722040859439,130.51,102.83,192.53,3.37,Loamy Soil,cabbage
25.29,62.9,139.11,5.92,31.0,23.0,49.0,752.0,Sandy Soil,cassava
28.8,66.1,58.6,6.17,24.37,58.58,85.09,2.18,Sandy Loam,peanut
28.357776638136954,77.08138952926029,171.61855201978935,6.757141679498838,152.71,113.63,196.15,3.39,Clay Loam,cabbage
27.93349705463593,85.83679095639381,44.139275387033244,7.147362018308453,53.84,147.84961,73.65,0.94,Neutral Soil,mungbean
25.709683311084994,79.66391478155415,125.43182242656161,6.671018460273728,19.19,53.05,62.78,1.93,Silty Loam,soybean
31.16911360192523,71.61064033869602,58.53263002013423,5.950876522153029,30.11,52.98,85.43,1.84,Sandy Loam,peanut
23.5,70.9,255.6,6.12,66.6,50.72,76.43,2.58,Silty Loam,chives
23.295323665122964,62.28606030674365,62.95143383468875,5.636128627887791,56.19,45.825,45.84,1.37,Acidic Soil,maize
31.48447785134246,92.2114065374979,78.45564828764142,6.442406661489814,65.82,85.61,64.22999999999999,1.28,Loamy Soil,papaya
33.46873719,92.12746225,136.8277041,6.834808348,73.44,147.086,143.0889,0.94,Loamy Soil,papaya
21.787279835791743,92.49906411734052,100.54122736770665,6.400831180028698,59.32,79.8,63.07,2.3,Acidic Soil,orange
31.001337724279246,71.15097592463073,247.08898991010895,6.302419915061445,139.26,113.27,127.39,2.95,Sandy Loam,chilli
27.4,86.0,227.4,6.02,73.42,47.22,75.08,2.84,Silty Loam,chives
26.23,61.41,114.71,5.18,34.0,25.0,35.0,689.0,Sandy Soil,cassava
25.062748810566116,56.168435596818895,124.74613770757742,7.209226937276422,59.75,111.07,117.99,0.62,Loamy Soil,coffee
34.13072188,51.25786185,96.38808001,5.101206389,59.37,38.1,46.77,0.5,Acidic Soil,mango
21.908861474973158,79.86711465486157,276.81087189547384,6.450375568035799,78.92,78.31,116.38,0.99,Loamy Soil,rice
27.282237746597552,85.52976445014085,52.948232259508494,6.616746675194257,56.89,88.45,57.44,1.73,Loamy Soil,mungbean
24.88240715679068,72.56592153021893,48.092822305845786,6.409323896711025,116.39,69.17,136.36,2.57,Silty Loam,shallots
20.201190879349095,82.16930513742267,262.1040876433716,7.57954908431985,74.98,69.95,94.74,1.75,Peaty Soil,rice
29.107261278749334,91.84046359708762,29.10899153085643,6.161096508136363,54.18,62.4,42.36,1.45,Acidic Soil,muskmelon
27.658660925329716,73.79533292530166,102.93532459393997,6.854735170257737,36.42,51.78,60.32,1.64,Silty Loam,soybean
26.982003094507704,50.647781215694245,127.29812383676966,7.123980760219979,62.605,145.27,147.0319245,2.4,Loamy Soil,coffee
29.126490511505935,76.4767052135894,101.14915855000517,6.397073865963669,63.38,66.82,61.43,1.79,Acidic Soil,banana
27.89979727789836,64.32447206305129,72.093883872649,6.127962784918752,118.73,75.42,108.44,2.99,Sandy Loam,shallots
25.965760116462604,54.78408748570202,132.84214135042197,6.822865784520775,60.54,140.56,147.0319245,2.22,Loamy Soil,coffee
29.40587327300176,78.12796910446266,112.88717942295912,6.323436740201349,20.09,38.49,59.88,1.63,Sandy Loam,mungbean
26.9,89.4,187.1,6.47,122.03,106.13,152.11,3.65,Clay Loam,cabbage
24.754147234344398,81.74280886738858,117.31505121128006,6.763714077570807,114.25,112.31,148.45,1.93,Silty Loam,chilli
27.591053262183987,74.06447803516899,103.95666681118858,6.151031821744239,21.54,49.86,76.49,2.06,Loamy Soil,soybean
27.188189163103267,85.53144908146538,51.64729609808084,7.14130913163731,55.59,143.08594,96.51,0.81,Neutral Soil,mungbean
24.63544858,80.41363018,253.7202781,7.633567638,77.92,63.03,86.32,1.22,Peaty Soil,rice
28.654859560536522,88.35899783373443,49.832247243726805,7.06853961184349,53.75,142.546,87.71,1.23,Neutral Soil,mungbean
22.433007504040162,89.95359104972137,118.28553255320355,6.4970534713295525,65.37,78.9,67.8,1.81,Acidic Soil,orange
27.446928217762064,73.36979475356995,146.22023533709347,6.691136116351671,20.54,41.16,55.63,1.51,Sandy Loam,mungbean
28.6362812,84.61431076,48.48319335,6.790736339,56.53,144.097,70.89,1.13,Loamy Soil,mungbean
28.4,70.8,80.2,5.89,16.17,50.91,71.27,1.24,Loamy Soil,peanut
27.002537089496574,71.20208353830564,170.4247985116106,6.604301541785041,135.28,94.85,125.96,2.65,Silty Loam,chilli
25.354465054824715,60.80467305170457,153.35428151842655,5.1214220393302226,29.0,20.0,30.0,742.0,Sandy Soil,cassava
22.614640289985942,59.485977417334546,242.25422803467052,4.606364028514707,70.31,39.63,53.05,2.36,Peaty Soil,tea
27.88889202380017,50.78974458777874,98.80047893347178,5.44521597995879,59.97,38.66,48.42,1.07,Peaty Soil,mango
26.578219615620142,59.976814143153526,96.05439409089779,5.819663604926102,33.0,34.0,35.0,715.0,Sandy Soil,sweetpotato
26.2,81.7,219.0,6.34,140.45,80.61,176.56,3.03,Silty Loam,chilli
28.82629037,94.26765349,26.23838511,6.201797639,53.96,65.43,44.38,2.48,Acidic Soil,muskmelon
24.403980223302785,90.5776626002701,111.24067807634142,7.672634725233442,66.89,73.55,65.68,1.34,Peaty Soil,orange
27.447574175906958,63.94037700428876,72.13588199900678,6.23114733728568,118.73,76.42,109.44,2.99,Sandy Loam,shallots
26.4,73.0,199.3,6.39,119.37,92.2,128.33,3.04,Silty Loam,chilli
25.29,59.94,84.44,6.77,34.0,27.0,47.0,788.0,Loamy Soil,sweetpotato
32.33940111256631,90.21518619958047,111.6919858640747,6.32374850758596,66.53,76.65,62.75,1.26,Acidic Soil,orange
25.799823962594047,86.57830374520657,172.3324680403785,6.394377880149583,152.89,88.79,171.46,3.87,Silty Loam,cabbage
21.11830850262126,85.54833959590171,272.1181810552477,5.808326495944555,79.55,49.68,71.88,2.1,Peaty Soil,rice
27.024148543595476,95.21682544216065,21.400886178569365,6.7500508338701355,55.05,120.6,47.91,2.13,Neutral Soil,muskmelon
31.3,76.3,162.9,6.36,20.77,58.62,70.53,2.68,Silty Loam,soybean
28.62911222,89.1148059,50.49913241,6.272343025,57.16,64.7525,49.36,1.72,Peaty Soil,mungbean
35.37967106148332,53.236241238217005,92.35276396782723,5.075274245420798,58.42,40.12,46.27,1.61,Acidic Soil,mango
24.661917895033916,64.23328548730862,121.74611917738653,7.180293553597105,62.49,113.89,106.09,2.49,Neutral Soil,coffee
28.388091593180253,75.48812635458728,85.95814110712163,6.621945459762188,32.39,30.26,71.86,2.07,Loamy Soil,mungbean
27.773281570555618,76.50729385792214,215.75366327250322,6.103415080071238,156.97,116.69,193.18,2.86,Silty Loam,cabbage
25.709290547300107,73.53595301654703,202.17641433664429,6.100764961896926,72.38,47.23,84.55,3.65,Silty Loam,chives
31.7018373,91.66232213,50.95886237,6.953439161,57.8895,143.9,146.95676,1.0,Neutral Soil,papaya
33.45063366524478,65.48697481868676,118.38755796951874,6.053743085993841,15.18,54.13,76.82,1.49,Loamy Soil,peanut
28.65456263,79.28693687,102.4633775,5.695267822,62.93,48.23,50.47,1.17,Acidic Soil,banana
27.1,70.6,104.3,6.61,31.26,46.36,54.85,1.9,Loamy Soil,mungbean
26.394262539640675,81.13320265121536,55.040155066088985,6.383643035136782,54.39,65.9,49.99,1.39,Acidic Soil,watermelon
28.38676328579742,82.9534041371207,89.88431414143182,6.263951425248796,64.67,69.84,57.69,2.41,Acidic Soil,banana
28.3,78.3,162.3,6.5,30.37,40.17,64.47,2.24,Loamy Soil,soybean
24.587364122809177,68.90682502415936,64.92020254089144,7.311282739327751,104.07,60.34,135.06,3.43,Clay Loam,garlic
25.64,61.42,109.11,5.22,35.0,16.0,40.0,683.0,Loamy Soil,cassava
30.928649834162176,67.615977030937,110.01957794561766,6.530402208653398,20.84,66.98,79.19,1.18,Loamy Soil,peanut
26.379988396464622,87.33764445876707,46.89430057602461,6.527220308842462,56.03,89.78,51.7,2.41,Loamy Soil,watermelon
26.51279780650969,80.30679591885841,142.30532443613217,5.706686206689076,120.77,90.08,164.65,2.53,Silty Loam,chilli
21.384695772335892,82.10753127943421,291.2417427755153,6.553515190270362,81.08,78.32,117.97,1.7,Loamy Soil,rice
29.3,65.6,116.0,5.81,23.03,55.0,75.29,1.4,Sandy Loam,peanut
26.61421438711299,78.9396677410908,183.51699188499416,6.129244940386628,123.31,96.58,158.26,3.16,Loamy Soil,cabbage
26.900329523236948,62.32714325674463,183.94177081257914,4.58321481217183,69.22,36.57,50.19,2.48,Acidic Soil,tea
26.73072391,81.78596776,280.4044392,7.633567638,83.536,58.25,83.05,1.32,Peaty Soil,rice
29.024670186881306,91.45468834875739,20.10517048536574,6.250872727782494,54.18,70.16,46.02,2.37,Acidic Soil,muskmelon
13.8377282,91.74780462,107.9873218,6.116508709,57.62,58.8,55.1455,1.89,Acidic Soil,orange
24.670931550248696,73.34278623208448,79.5974404775304,6.528128045029986,58.15,78.26,61.66,1.08,Neutral Soil,maize
32.06097197,51.08494181,96.59816497,6.336234624,58.79,53.09,59.4,0.77,Acidic Soil,mango
26.47522633,78.51833782,113.1161095,5.677719902,63.06,47.81,51.41,2.23,Acidic Soil,banana
30.309194675967227,62.50591813689955,140.5907454222485,5.180864754372467,38.0,20.0,29.0,818.0,Sandy Soil,cassava
32.50944996055772,49.74614557584455,95.77155049946067,5.407557868235178,56.64,36.95,45.6,0.56,Acidic Soil,mango
32.50037548,93.47888842,71.73759526,6.893509446,62.11,144.3566,129.82,1.57,Loamy Soil,papaya
25.64276530061533,63.318701277698715,146.12800965935236,6.809848843469391,62.6,98.52,111.06,1.73,Neutral Soil,coffee
29.1400919,80.1190228,90.80524328,6.28236237,61.73,63.49,56.81,1.07,Acidic Soil,banana
26.79,59.98,95.53,6.09,49.0,36.0,36.0,796.0,Sandy Soil,sweetpotato
22.479841067522877,93.89802786648107,111.03009659451911,7.422391877270038,62.98,88.6,70.78,1.0,Neutral Soil,orange
29.670832915494895,90.41117432990353,22.479686390214336,6.127857240368586,53.51,59.23,43.42,1.74,Acidic Soil,muskmelon
25.410671453059326,58.092685523758846,193.87617154494333,7.153865068728517,68.07,145.0820435,144.0037,1.58,Neutral Soil,coffee
29.297071473739315,62.084058172945234,166.4183856918957,6.094987859484987,40.0,29.0,49.0,633.0,Sandy Soil,cassava
25.188332180127343,61.9945360263322,144.07888433402132,6.493762502161771,38.0,31.0,32.0,770.0,Loamy Soil,cassava
29.47866892778571,60.120811854016424,207.186714261923,5.273160410919316,41.0,28.0,48.0,798.0,Loamy Soil,cassava
26.73130424219684,84.1188070358957,56.693830130167704,6.548550988711655,60.0,97.51,58.25,1.28,Neutral Soil,mungbean
26.340911939613296,64.98267446353688,44.33075971900695,6.562934814116516,94.48,88.86,139.91,2.21,Loamy Soil,shallots
25.387408242623902,72.17665077254422,52.51409006997833,7.088779159240384,78.44,58.98,116.64,2.18,Silty Loam,garlic
30.253844399600364,79.84334039978854,220.21310039024772,6.075681612864288,143.95,113.09,146.5,2.06,Silty Loam,chilli
23.555719801719167,55.97517723310707,191.31920209173848,6.055175185502272,66.87,49.0205,64.68,1.03,Acidic Soil,coffee
33.5,72.7,115.6,6.29,20.35,66.3,71.83,1.47,Sandy Loam,peanut
31.2,81.1,108.5,5.91,144.84,104.51,125.94,3.15,Sandy Loam,chilli
26.05426610515107,74.18188763261885,142.05533342712536,5.939452800635713,133.31,105.41,122.69,2.39,Loamy Soil,chilli
29.19378695,91.46241065,26.48240255,6.660954816,53.93,110.93,50.41,1.32,Loamy Soil,muskmelon
24.796731620996546,67.30189391613406,59.02504142066232,7.014279021099313,86.62,53.69,123.91,2.13,Silty Loam,garlic
21.99,58.82,109.1,5.54,34.0,38.0,36.0,781.0,Loamy Soil,sweetpotato
28.20619412,92.86798698,28.78654515,6.447662945,54.19,80.44,46.95,1.41,Acidic Soil,muskmelon
28.913203864907494,91.07468303246618,26.48784075337766,6.337363220644909,51.69,65.42,45.4,1.7,Acidic Soil,muskmelon
35.3915464,52.48823147,91.22881052,5.061081874,59.42,38.12,46.27,1.61,Acidic Soil,mango
30.17294105,51.0845903,95.23444287,6.814630246,58.16,112.67,108.5,0.57,Neutral Soil,mango
22.853662364629905,56.377979075358716,228.96213779566864,4.625701015114345,69.93,36.17,51.87,1.58,Acidic Soil,tea
23.29869403480964,85.77097518544015,204.61586022216488,6.294239327821076,154.43,118.52,163.69,2.64,Clay Loam,cabbage
28.9,68.1,51.5,7.26,88.81,69.51,131.48,2.08,Clay Loam,garlic
33.862186605391734,53.848195876406926,100.10524364288845,4.901228199385827,60.709,35.94,44.41,1.57,Peaty Soil,mango
26.264999884038968,75.6810017042948,178.66231392072194,6.6140347155389465,115.2,117.48,163.92,1.91,Sandy Loam,chilli
24.732621248512338,75.17060456537467,58.044189442506195,6.529521795621649,72.19,59.92,134.81,2.24,Silty Loam,garlic
27.151640907426245,57.52723824789399,156.0417674161975,6.167794178446871,61.05,52.21,66.23,1.0,Acidic Soil,coffee
20.150185615868327,82.86005095616056,261.7163877227822,5.744804190693434,74.5,51.82,66.88,1.79,Peaty Soil,rice
29.07265321,91.91533173,28.83568362,6.341400922,54.28,71.87,45.84,2.08,Acidic Soil,muskmelon
25.765433623204185,88.09675500538913,237.35735508556454,6.20655714457641,121.19,106.99,189.9,3.69,Loamy Soil,cabbage
25.530734236907403,84.51997580950672,116.51824580008483,5.98370258702009,62.9,59.5,56.58,0.92,Acidic Soil,banana
26.540921755304375,61.835773599208224,114.2335669434845,5.1729775525321715,35.0,27.0,36.0,689.0,Sandy Soil,cassava
32.2,70.2,71.8,6.44,22.35,56.36,74.38,1.35,Sandy Loam,peanut
27.0,68.0,88.8,6.52,72.15,62.29,130.13,2.8,Clay Loam,garlic
39.10152062980074,93.89731213599545,219.42154551019004,6.510285961087912,91.47,99.58,111.16,1.88,Loamy Soil,papaya
24.31334971,87.47409052,48.11248366,6.074209622,55.68,58.35,46.93,1.37,Acidic Soil,watermelon
24.378725215019234,69.32004441903094,162.38748437108924,7.002117075615857,62.34,140.474,142.81398,0.68,Loamy Soil,coffee
26.7247235124412,73.2000960129963,94.25971424370034,6.95252918441075,91.68,57.36,95.02,3.48,Silty Loam,garlic
29.70232093976525,72.4698463579447,48.471563432608896,6.748520302328564,110.47,88.8,141.56,2.04,Sandy Loam,shallots
25.269566039189016,77.98029782645013,138.65154206315083,6.123140803646508,110.31,96.11,140.83,1.97,Sandy Loam,chilli
29.84070774,93.76312893,23.28207838,6.126019932,53.62,62.18,43.55,2.35,Acidic Soil,muskmelon
28.8,71.0,172.8,6.74,101.45,93.28,129.1,2.48,Silty Loam,chilli
25.2,70.1,158.7,6.08,22.24,50.96,72.57,1.75,Loamy Soil,soybean
33.1,65.3,62.4,6.01,29.02,56.5,86.41,1.13,Loamy Soil,peanut
27.67256197,45.56457891,92.84991507,4.947683034,56.8575,36.64,46.03,2.05,Acidic Soil,mango
24.28888877,84.84494575,51.19470197,6.649086972,55.82,102.54,59.45,1.2,Loamy Soil,watermelon
28.5474135,88.9570454,49.4897245,6.27258822,56.98,66.69,49.36,2.01,Acidic Soil,mungbean
28.406978473339198,76.46308803428343,117.00938853490436,6.502499926372025,25.29,30.049999999999997,64.18,2.13,Sandy Loam,mungbean
32.24448721281562,44.68344528957895,95.4982601765254,5.709387266851412,56.47,40.17,49.38,2.41,Acidic Soil,mango
25.902598237992503,52.777375500154236,189.41981438643916,6.996488558075076,62.459999999999994,142.2915,149.0319245,2.31,Neutral Soil,coffee
25.155191835568946,83.9231191827843,42.58099294887422,6.890331817231447,56.28,140.9399,66.34,1.12,Loamy Soil,watermelon
27.634452609483866,75.59903782520975,107.61202455947317,6.227081264943095,64.7,58.99,59.5,2.08,Acidic Soil,banana
28.382049170111358,93.07573684406444,29.816645589038345,6.033886611604666,55.15,60.8005,45.9,1.12,Acidic Soil,muskmelon
23.26237612,72.33125523,67.10225139,5.798423908,56.27,48.06,47.45,1.82,Acidic Soil,maize
29.68951524832788,71.24218951396787,48.33242797853518,6.2592180436667455,100.48,66.52,135.42,3.3,Loamy Soil,shallots
17.518135092185787,93.54510430425181,108.04524936640917,6.708795327355376,57.02,123.1,85.9,1.93,Loamy Soil,orange
20.419448214732466,64.4153435652762,76.51866099383682,6.766388651501094,55.85,87.6,73.76,1.37,Loamy Soil,maize
26.715140363241108,83.29207739645598,96.54164851831052,5.837770668954263,58.69,53.15,53.7,1.11,Acidic Soil,banana
23.243777068187782,58.018877000785466,123.13525741931004,6.841463370477411,38.0,21.0,48.0,812.0,Loamy Soil,sweetpotato
26.34154377827697,73.48683969156703,42.87040135682232,6.594999570317813,95.88,60.92,145.47,3.27,Loamy Soil,shallots
29.326456404233536,81.28872857277231,58.128195137514574,6.4450608121713,60.51,77.17,53.82,1.08,Acidic Soil,mungbean
33.80398664,46.12866113,90.82549241,4.66817978,57.87,36.324,45.3595,1.86,Acidic Soil,mango
24.867316391226776,74.00200801406268,78.11562046926613,6.538105867447862,104.25,77.66,93.76,3.05,Loamy Soil,garlic
27.69819273,51.41593238,100.2181868,5.403908328,57.97,39.66,48.42,1.07,Peaty Soil,mango
26.759565664240498,87.99840296210586,168.7000301428283,5.926938155109141,76.19,59.95,99.32,2.65,Silty Loam,chives
29.390663386850175,91.44331130122478,202.49264768088668,6.707544777516243,81.91,132.46,142.29,1.95,Loamy Soil,papaya
27.10701231723369,82.70509905657772,107.22423932617276,6.64793583937908,139.06,97.61,153.71,2.18,Sandy Loam,chilli
29.15,64.12,190.75,4.71,21.0,23.0,22.0,668.0,Loamy Soil,cassava
22.30318989,92.15987039,117.3688104,6.438668989,63.4,79.25,67.88,2.25,Peaty Soil,orange
29.4,80.1,115.3,6.52,29.23,34.15,53.62,2.21,Sandy Loam,mungbean
27.64878901211679,54.07528540022806,96.47678023502145,6.37405281271668,58.96,58.23,60.98,1.12,Acidic Soil,mango
33.1,69.4,118.2,6.21,15.01,61.02,87.15,1.83,Loamy Soil,peanut
24.37190239,81.2514818,44.20899581,6.12532356,54.9395,58.0505,46.74,1.77,Peaty Soil,watermelon
25.494474244975105,78.80325172902644,204.0068625913343,6.148777658740094,86.33,50.24,68.35,3.38,Silty Loam,chives
30.5,84.0,128.8,5.75,134.92,115.83,177.24,2.11,Silty Loam,chilli
28.296834790240865,94.06006786766221,29.50072492341412,6.444221722409543,54.34,75.83,45.4,1.96,Peaty Soil,muskmelon
42.92325255,90.20227736,196.2408242,6.938313356,92.15,141.051,147.2061,0.79,Loamy Soil,papaya
23.980708188690286,71.88029972043692,255.10981064509787,6.14966469085284,64.6,49.72,78.43,2.58,Silty Loam,chives
27.53911354,77.25629897,110.3262123,6.049801781,63.04,54.39,55.48,0.51,Acidic Soil,banana
23.833345046628903,64.57684981617754,205.50794922548116,4.586701339112862,70.59,36.97,51.36,2.31,Acidic Soil,tea
35.72086001950717,91.55440168407503,235.39673779990872,6.582779191105416,94.6,94.91,112.52,1.85,Neutral Soil,papaya
28.4,78.4,142.6,7.06,31.59,32.29,65.48,1.63,Loamy Soil,mungbean
24.956458527252558,63.445165688461515,138.05352385412718,6.014805706853169,33.0,23.0,50.0,752.0,Sandy Soil,cassava
20.87947369,90.93756231,102.4550786,6.251586885,60.81,66.45,58.25,1.97,Peaty Soil,orange
25.461734877535232,54.37882041231943,80.11414762036154,5.748007994538469,31.0,32.0,44.0,767.0,Loamy Soil,sweetpotato
29.21046529567116,95.01605099068541,21.171059083984275,6.35166112212395,56.51,70.86,45.3,1.96,Acidic Soil,muskmelon
31.7,82.1,217.1,6.63,136.29,95.76,166.94,3.12,Sandy Loam,chilli
20.68185224,90.91510525,109.7513927,7.829507245,61.46,62.88,57.64,0.71,Alkaline Soil,orange
28.9,69.5,191.5,6.89,26.53,50.25,61.43,2.78,Silty Loam,soybean
22.961485041688526,57.72821288477886,123.60642459352026,6.794541789528954,38.0,19.0,50.0,812.0,Loamy Soil,sweetpotato
25.077145498036398,71.06347993776637,209.1327533671842,6.460358491563391,79.08,60.98,81.96,2.62,Loamy Soil,chives
25.340976966258904,86.38603979738322,45.54507341721652,6.756026182840163,53.62,131.58,66.36,1.95,Loamy Soil,watermelon
24.49671672146493,82.64267480244409,223.69822896517442,6.330214319264528,74.33,67.04,86.11,0.63,Acidic Soil,rice
25.553415419881098,55.428312145944844,79.49031645253073,5.805443194650116,28.0,31.0,41.0,767.0,Loamy Soil,sweetpotato
29.632129076649402,83.79350799352628,116.11243677383224,6.159820537939383,61.980500000000006,59.62,58.14,2.14,Acidic Soil,banana
25.70196694,61.33450447,83.20711308,6.865447377,57.29,145.1194,141.66,2.46,Neutral Soil,maize
26.17668721,86.7295205,53.33484977,6.121168559,56.73,59.61,48.09,1.61,Acidic Soil,watermelon
23.0,89.3,246.1,6.57,128.66,106.51,159.01,2.93,Clay Loam,cabbage
28.661694699588182,93.36073941622536,26.49540330333843,6.181073142280337,57.07,65.38,42.67,1.16,Peaty Soil,muskmelon
24.93447318803514,74.87499949490697,190.99943390497808,6.819336986543545,105.99,113.47,158.89,2.26,Loamy Soil,chilli
25.73044432,70.74739256,98.73771338,6.865447377,59.99,145.21743,141.688,0.7,Loamy Soil,maize
29.507256224480983,64.88888610347213,46.935750547102856,6.238669773870878,117.77,80.89,101.22,2.04,Loamy Soil,shallots
29.952760334340578,76.65784259277595,194.88226003906516,6.502970281576515,40.74,50.53,68.77,2.59,Clay Loam,soybean
29.224975892947977,60.68930174381041,226.6450079966143,5.156988663555603,31.0,17.0,45.0,683.0,Loamy Soil,cassava
29.209674326987454,66.57537534289379,58.766631206525545,6.25182544368318,25.37,58.58,87.09,2.18,Sandy Loam,peanut
27.674801573355627,83.57157381668726,83.01202705765161,6.687326336785332,34.05,46.32,71.12,2.0,Sandy Loam,mungbean
25.221843809260914,68.10565156110809,75.45201883711343,6.553159658971799,58.99,67.88,58.72,0.93,Acidic Soil,maize
25.422070086881757,58.66749003471079,111.75550660364756,6.043373609099828,33.0,20.0,41.0,741.0,Loamy Soil,sweetpotato
31.945846154590956,70.15945804541609,247.99742739656187,6.467088431168141,127.41,100.28,138.7,1.9,Loamy Soil,chilli
24.79905000764134,77.18111777424288,215.23426758581186,6.267620933420126,137.76,84.58,156.21,3.73,Clay Loam,cabbage
16.129232085816536,93.21967148238025,117.24554806127456,6.447120059638245,58.65,72.96,65.57,1.89,Peaty Soil,orange
27.8,81.3,234.8,6.58,125.39,91.5,152.29,3.37,Silty Loam,cabbage
19.39851734,62.35750641,63.03219202,5.696205468,54.4895,44.35,46.84,0.98,Acidic Soil,maize
25.5,67.7,76.9,6.25,83.98,79.73,114.38,3.28,Sandy Loam,shallots
22.183622814250935,59.386921199521595,61.97653429648429,6.842372803581936,54.65,145.21743,141.688,1.36,Loamy Soil,maize
23.59302313,55.27564977,191.3980675,6.080823839,63.87,48.0205,66.68,1.03,Acidic Soil,coffee
31.186079542442535,71.92518043592088,100.28077534419765,6.653385025721831,29.65,43.42,60.21,2.44,Sandy Loam,mungbean
18.21986880933926,62.04751897536804,92.63398230407458,6.598665813617862,57.96,85.64,78.36,1.83,Neutral Soil,maize
26.9,70.5,171.2,6.57,133.28,95.85,126.96,2.65,Silty Loam,chilli
26.7679713002462,68.24007250349628,76.21459091844724,6.800280399023125,76.98,63.2,119.37,2.31,Silty Loam,garlic
42.39413392,90.79028064,88.46607497,6.576261427,68.92,94.28,67.84,2.45,Neutral Soil,papaya
28.53,60.16,233.19,6.72,31.0,22.0,28.0,819.0,Sandy Soil,cassava
24.35907191376832,57.0341566852551,101.59275076489392,5.9596576739463325,60.85,46.58,53.39,2.09,Acidic Soil,maize
27.266241137292106,71.01360444335371,211.79418057484665,5.632069197723221,134.46,94.37,163.93,2.63,Sandy Loam,chilli
24.85532833150354,57.051675629478275,85.46338450875402,6.3354861532196365,47.0,40.0,54.0,878.0,Loamy Soil,sweetpotato
28.154554090879397,74.4248456987118,68.73905830106938,6.604260751084976,106.36,67.44,97.74,2.64,Loamy Soil,garlic
27.1,74.1,105.1,6.66,21.34,47.48,61.59,1.66,Loamy Soil,mungbean
30.1,70.6,99.3,7.0,20.97,38.65,55.97,2.36,Loamy Soil,mungbean
37.4620912,90.44967809,172.3458448,6.933809743,82.44,146.475,145.387,0.69,Loamy Soil,papaya
26.878666834941818,77.23066912089011,120.61155558410456,6.155251942840949,28.34,41.0,74.23,2.59,Silty Loam,soybean
28.075728394193124,89.93116806981627,227.39419111815226,6.641888523812624,78.51,44.26,72.69,3.16,Loamy Soil,chives
25.71174455883775,83.22346106307654,54.46028816199038,6.815853217459858,53.6,148.95205,83.93,0.84,Loamy Soil,watermelon
28.61475136,94.22253035,28.98574189,6.39637861,54.34,76.83,46.4,1.96,Peaty Soil,muskmelon
29.07311132,76.50045221,100.1692639,6.376756633,62.38,66.82,61.43,1.79,Acidic Soil,banana
27.898843683081413,92.33292576655597,179.76002573830706,6.633292613836013,77.74,105.12,104.63,1.96,Loamy Soil,papaya
23.52648086,68.44030686,171.8839938,6.743417121,65.38,110.02,129.32,0.81,Loamy Soil,coffee
19.896750880541774,61.60310643517289,100.32694483198502,5.635088060591102,59.81,44.47,50.58,0.52,Acidic Soil,maize
25.40240881252705,82.13977147616833,123.76144793941896,6.2577143755922,140.63,89.52,162.15,2.13,Loamy Soil,chilli
25.93437179312667,62.432974139420125,229.5278820780425,4.881480436317358,69.54,36.9,53.56,1.67,Acidic Soil,tea
33.3180764020827,76.43051748659036,102.65930847300648,6.2528447220087795,19.56,44.75,76.31,2.22,Loamy Soil,soybean
30.325953252344505,71.69823219361253,113.63384926322813,6.757466250942056,30.17,55.14,65.61,1.77,Clay Loam,soybean
31.846490233638693,70.60615222771058,103.42621293013976,5.967032985355078,18.689999999999998,55.4,79.18,1.79,Sandy Loam,peanut
28.3,77.2,152.2,6.83,65.47,51.55,96.15,3.87,Silty Loam,chives
28.0764455,76.10953962,118.9923573,5.905494703,64.12,50.85,54.5,2.28,Acidic Soil,banana
29.08832171207614,87.69040819244798,35.74155268382723,7.011254012546012,56.22,145.6449,97.52,2.3,Loamy Soil,mungbean
29.861510838184067,67.94217679260554,95.32665975097458,7.0374186710412205,107.23,77.76,98.32,3.11,Loamy Soil,garlic
19.884473762024083,56.76772512582317,62.65765946242519,6.644333603388811,53.4895,73.84,60.02,2.14,Neutral Soil,maize
28.2,64.3,33.8,6.23,91.67,88.65,140.48,3.24,Loamy Soil,shallots
28.25738912639581,75.76962875474975,117.55104952696726,6.371581791265795,35.25,51.3,57.72,2.3,Sandy Loam,mungbean
21.869274,61.91044947,107.2681929,5.850439831,58.07,46.16,52.44,1.73,Acidic Soil,maize
27.0,62.1,54.8,6.23,102.34,85.04,120.67,3.35,Loamy Soil,shallots
24.184750275517793,54.53311329016311,126.46871937574547,6.074016058209874,35.0,25.0,30.0,837.0,Loamy Soil,sweetpotato
28.34062358960986,52.55929513997248,100.78068620859418,5.640195112056839,59.26,40.02,48.15,1.73,Acidic Soil,mango
29.80518484625234,95.4399963462039,27.729788229073435,6.417516443592734,52.3405,71.24,43.53,0.95,Acidic Soil,muskmelon
23.269887061387575,51.886129961619766,183.9201529402122,6.155445443174139,63.88,50.0205,62.989999999999995,1.31,Acidic Soil,coffee
25.614977470431825,81.34147005518193,56.46832276623195,6.410776868952806,57.56,67.33,52.19,0.87,Acidic Soil,watermelon
24.7,71.3,167.0,6.02,142.0,96.27,161.23,2.01,Silty Loam,chilli
30.025862978623746,87.81682509513743,45.66677868282774,6.830798039980212,58.49,145.9646,93.63,0.79,Loamy Soil,mungbean
26.378750052800285,59.29500070287497,93.94028895143697,6.1598093202047695,50.0,37.0,36.0,796.0,Sandy Soil,sweetpotato
27.64138637396668,72.2685548007454,83.29835548693927,6.513329256607204,98.69,79.17,124.05,2.91,Sandy Loam,shallots
29.06502074851822,89.48619707443278,57.82094187480739,6.99808516940887,57.241,146.766,145.76034,1.37,Loamy Soil,mungbean
28.319100705769845,82.85237718943615,48.69392608921441,6.532210725197579,59.42,78.7,52.69,2.3,Acidic Soil,mungbean
26.401246382324562,77.99277792500791,110.78427843268824,5.6089875068404975,64.47999999999999,47.388,47.74,2.38,Acidic Soil,banana
28.4,77.0,170.9,6.21,122.25,83.98,167.05,2.12,Sandy Loam,chilli
27.979078238565236,81.08712968933995,38.09408494684996,7.044590369785853,57.93,146.0588,143.764698,0.97,Neutral Soil,mungbean
30.0,63.5,75.3,6.16,99.12,61.03,135.42,2.08,Loamy Soil,shallots
26.73690828,87.82430156,47.46447019,6.747537642,56.19,134.36,65.07,1.34,Loamy Soil,watermelon
27.6,74.1,103.0,6.06,23.54,48.86,78.49,2.06,Loamy Soil,soybean
24.70528368,90.20227736,108.4103158,6.676407337,63.41,113.57,84.67,1.81,Neutral Soil,papaya
25.726425155595297,77.18282915895051,202.6706177700527,6.8370690186358445,134.44,111.61,182.72,3.76,Clay Loam,cabbage
26.05522878529355,93.7638317490949,238.6191633509114,6.9704303585104395,85.41,141.29798,143.6946,0.69,Loamy Soil,papaya
31.5,68.9,100.2,6.07,24.81,66.94,87.22,1.58,Loamy Soil,peanut
27.935796796611204,92.46161687616254,28.408425636816883,6.249581989795276,51.84,62.95,42.25,1.0,Acidic Soil,muskmelon
31.316056039274628,79.51352722358433,83.08040082361694,6.480534895335262,27.52,29.81,59.17,2.25,Loamy Soil,mungbean
26.59530587761699,84.63306058786004,54.667895427668334,6.534629229376309,59.79,81.49,55.92,2.19,Loamy Soil,watermelon
22.905528210394497,89.12023262554771,247.51244576763713,6.572608614800449,127.66,104.51,157.01,2.93,Clay Loam,cabbage
32.14715165620045,73.42756203687787,107.3150726606687,5.965840333178491,17.73,55.31,75.68,1.93,Loamy Soil,peanut
25.44926208,79.49221962,100.6619171,6.201911642,61.31,59.88,56.82,1.46,Acidic Soil,banana
28.37299047854088,88.31151612382507,49.22991749028595,6.36422239447519,59.16,66.7525,51.36,1.72,Peaty Soil,mungbean
34.07603266,92.87820148,102.1906333,7.418761774,68.41,96.54,72.54,0.74,Loamy Soil,orange
26.3985515,81.36028902,98.16752001,5.571401169,61.71,47.09,49.341,1.96,Peaty Soil,banana
26.43745539884702,62.57794154552029,200.8685322950532,4.506141738849202,66.11,35.6,51.81,0.85,Acidic Soil,tea
25.880946236532075,85.48016497465474,188.63658096485463,6.714284869064325,84.87,43.25,85.04,3.54,Loamy Soil,chives
25.520602331121076,59.115758559157605,76.26964190971604,6.3727145192484205,50.0,39.0,32.0,720.0,Loamy Soil,sweetpotato
33.1,72.6,100.8,6.06,25.44,55.6,75.55,1.64,Sandy Loam,peanut
27.58103975,54.36976075,139.8619431,7.205078785,61.72,109.53,130.93,1.23,Neutral Soil,coffee
31.56213762,93.0484859,63.62250788,6.519371846,60.38,86.9855,59.848,2.31,Neutral Soil,papaya
30.845362351111778,71.28428368341754,32.951987424999366,6.0493399807450166,82.29,73.07,113.08,3.37,Loamy Soil,shallots
28.8,72.4,88.6,7.45,78.58,76.09,129.92,3.09,Loamy Soil,garlic
28.558519241323282,93.83111972246307,26.701975093605594,6.115723874943361,53.07,63.379999999999995,45.67,1.16,Peaty Soil,muskmelon
20.91480930802861,81.04988605121046,198.78701465201073,5.585611167495428,70.2805,45.15,57.85,1.94,Peaty Soil,rice
28.68563529396393,47.78056666293863,99.05488886167936,4.849446342479036,58.58,37.38,47.92,1.34,Acidic Soil,mango
27.8,83.8,82.7,6.64,34.05,45.32,69.12,2.0,Sandy Loam,mungbean
32.86316618,91.4618874,50.95886237,6.850663232,57.89,144.631,82.21,1.04,Neutral Soil,papaya
24.91461008,53.74144743,166.2549307,6.334610249,62.37,54.23,73.31,0.83,Acidic Soil,coffee
29.598491161889804,90.97824868723379,203.76214230783066,6.747785613863376,82.91,134.46,145.29,1.95,Loamy Soil,papaya
30.10823038152769,79.62027137768166,57.081937406095655,6.586166919586894,59.51,75.17,53.82,1.08,Acidic Soil,mungbean
28.837178823993696,93.85927672509354,62.42477016211012,6.757963582395833,57.68,120.36,64.43,0.83,Neutral Soil,papaya
31.969142345506558,89.51351774057781,113.92486281385757,6.329156765847174,70.93,73.9,65.94,2.49,Acidic Soil,orange
27.002206023163076,46.847282034231156,96.11820106542297,5.678873174374212,59.86,39.0,51.83,1.95,Acidic Soil,mango
27.4,81.2,241.0,6.53,141.49,97.63,174.14,2.54,Silty Loam,cabbage
22.634293579138387,62.07612418770772,61.33482518703247,5.604567442574191,54.99,42.07,46.84,1.74,Acidic Soil,maize
33.3,68.7,95.5,6.39,21.19,54.72,84.86,1.2,Sandy Loam,peanut
29.723614881642558,46.3833146463497,89.43557716391567,5.061197130932655,55.06,36.95,45.04,1.58,Acidic Soil,mango
27.635566066325914,79.63269454352593,174.48486243566182,5.838033986027831,131.71,106.27,181.61,2.2,Silty Loam,chilli
29.8,80.5,203.8,6.2,89.51,51.23,91.41,2.97,Silty Loam,chives
29.1331437687404,84.09209841215774,107.9755077228224,5.772735051673536,61.89,49.29,52.8,1.22,Peaty Soil,banana
22.450016821822107,91.62172430184985,115.50888834037684,6.461849897493843,63.4,79.25,68.88,2.25,Peaty Soil,orange
21.994159770151633,55.315454233490314,82.21112646300627,6.18056161006813,44.0,36.0,38.0,783.0,Loamy Soil,sweetpotato
23.6817898,91.07355541,208.3357976,6.598860305,74.26,98.11,109.25,1.31,Neutral Soil,papaya
17.66545409,91.69865887,110.6857506,6.583411671,59.96,96.04,75.43,0.84,Neutral Soil,orange
24.618811603456518,66.49810308483636,109.77330510824588,5.755026930769345,62.1,46.03,53.65,1.34,Acidic Soil,maize
27.5,74.2,158.3,6.94,62.75,56.82,83.19,3.05,Silty Loam,chives
27.445763528181878,87.15131327168274,58.69448279174172,6.417061892384965,57.87,72.86,53.76,1.55,Acidic Soil,mungbean
24.447079706803457,74.2912446586731,203.2371445599908,6.475870176810744,73.48,53.05,74.98,3.86,Loamy Soil,chives
25.76,64.48,220.12,6.04,22.0,17.0,49.0,796.0,Sandy Soil,cassava
32.31944397,93.67804556,117.6236473,6.196907944,69.476,64.99,59.53,2.36,Acidic Soil,orange
31.273523232645047,69.61098233801715,101.55927071402886,6.151553106562103,25.81,68.94,89.22,1.58,Loamy Soil,peanut
25.80318615981979,78.980050505263,156.05045245367597,6.174855430613541,134.08,82.08,152.67,2.68,Silty Loam,cabbage
25.33436966755851,82.19995076752052,185.1583837127906,5.020087067026809,71.08,40.919,58.0975,1.29,Peaty Soil,rice
12.339128832765933,94.12241443609065,108.04841360586622,7.069424126969785,55.55,140.0629,141.413,1.0,Loamy Soil,orange
28.727443940440516,68.14965692398785,100.26065840488066,6.84107318609379,90.14,66.11,89.97,2.75,Clay Loam,garlic
23.728748789928773,58.85180873730705,119.40452205705454,6.545716327287614,38.0,34.0,49.0,805.0,Sandy Soil,sweetpotato
28.02223841134025,82.8779104313484,180.8407670773739,6.279700376087005,170.21,100.24,173.97,3.11,Loamy Soil,cabbage
29.48882958,91.07574233,26.01909355,6.365956658,53.88,73.09,45.47,0.63,Acidic Soil,muskmelon
28.899123697354913,68.25096893774476,100.12457952260463,6.852897200510396,76.3,78.02,129.59,2.25,Silty Loam,garlic
29.578321675192427,65.5025902772201,84.84706440885654,6.626316176409082,106.18,59.39,123.07,2.47,Sandy Loam,shallots
28.458573142437825,75.53977711941187,160.45261412572083,6.7023919979108,32.78,54.41,64.86,2.21,Clay Loam,soybean
27.56874694155401,84.95958169584726,53.474876655388776,6.627249116083059,58.89,87.45,55.44,1.73,Loamy Soil,mungbean
23.3,58.12,122.95,6.77,37.0,21.0,50.0,812.0,Loamy Soil,sweetpotato
26.844098958176126,88.06420714413073,54.029843117027646,7.051754449739594,56.25,147.297,142.764698,1.77,Loamy Soil,mungbean
29.813667071411285,92.01221136304758,113.27986927065031,7.184383775047623,68.41,147.232233,115.35,0.93,Loamy Soil,orange
32.89450104954752,79.98887596157209,107.6561373953661,6.855327321667491,31.83,57.04,61.7,1.76,Clay Loam,soybean
24.810616241412692,77.77291567359502,166.17706785758512,5.890800345639965,99.44,102.09,151.23,2.56,Loamy Soil,chilli
30.817679474609207,71.39602645610051,67.67259289314728,6.248160705278803,14.05,63.94,75.92,1.75,Loamy Soil,peanut
24.5,75.2,245.6,6.61,150.23,119.43,168.72,3.46,Clay Loam,cabbage
28.938166881872874,75.99387380245844,213.3660848412114,6.054270297457162,103.29,94.12,130.55,2.05,Loamy Soil,chilli
27.8,81.5,135.4,6.86,24.79,31.54,66.65,2.44,Sandy Loam,mungbean
27.1,79.7,181.9,6.2,124.31,95.58,157.26,3.16,Loamy Soil,cabbage
27.242619501105334,64.98293279243413,191.12003740296288,6.880501782986137,67.611,145.55164,148.114,2.25,Neutral Soil,coffee
29.992801477477858,53.89247160037617,98.06889517805857,5.143172828103448,56.67,37.29,46.77,0.84,Acidic Soil,mango
24.10430934306492,83.69975570021467,256.2236191015988,5.677719304936148,76.9,49.73,62.19,1.41,Peaty Soil,rice
28.98,61.0,173.1,5.19,37.0,17.0,21.0,809.0,Sandy Soil,cassava
26.20829447368332,83.99680256466849,44.50241425186028,6.305896961918784,57.33,64.87,47.1,2.16,Acidic Soil,watermelon
24.382394153613223,74.86929291749011,244.6878696094895,6.628644382407477,152.23,118.43,170.72,3.46,Clay Loam,cabbage
32.75977829048792,90.42263531138039,111.72938721507722,7.7156207899491065,67.65,69.35,65.0,1.26,Peaty Soil,orange
27.2,88.7,264.0,6.12,61.04,49.16,87.83,3.82,Silty Loam,chives
31.781014130750574,54.05820386980968,99.37291790992533,5.753011082463728,58.16,44.5,49.15,1.94,Acidic Soil,mango
11.50322938,94.55455292,115.5683776,6.946354724,57.01,143.749,145.625241,2.46,Neutral Soil,orange
18.947202156666748,61.366651638147836,62.14899436815632,5.698521008615461,52.4895,42.35,47.84,0.98,Acidic Soil,maize
21.84,55.48,93.68,5.88,31.0,30.0,41.0,833.0,Loamy Soil,sweetpotato
25.08481552,64.29997775,173.9597671,4.710750607,65.59,38.43,50.13,0.62,Acidic Soil,tea
38.2016825,93.97379963,218.0908814,6.751298936,93.5,143.36,148.115295,1.85,Loamy Soil,papaya
27.93454353616498,81.77111473533293,179.88716802303335,5.502056737173811,134.73,85.61,130.54,1.82,Sandy Loam,chilli
28.291823065070886,71.92947456385643,69.74191980468667,5.986687909444714,117.2,66.89,133.6,2.5,Sandy Loam,shallots
17.662134360772285,93.54652145242177,112.82951734926313,7.118818925259401,58.1,140.446,118.39,1.91,Neutral Soil,orange
26.53259325,82.39053979,54.30660782,6.835268184,56.6,146.61992,83.96,0.63,Loamy Soil,watermelon
22.42,58.92,103.57,6.48,34.0,31.0,48.0,818.0,Loamy Soil,sweetpotato
29.41813820896106,60.88077025551957,177.6995046494237,7.321530821092454,35.0,29.0,51.0,842.0,Sandy Soil,cassava
13.001011131941844,91.90146456589144,110.26597161625823,7.3046152346339595,54.54,113.77,86.25,0.73,Loamy Soil,orange
31.88547409370074,73.83208385520213,56.21074348812334,5.955838939172939,15.13,52.64,69.49,1.03,Sandy Loam,peanut
23.51,55.19,109.64,5.92,38.0,35.0,39.0,692.0,Loamy Soil,sweetpotato
29.6,78.1,147.4,6.37,136.72,86.12,145.57,2.34,Loamy Soil,chilli
29.42156793,78.34971537,96.45042585,5.571082542,62.36,46.388,49.341,2.07,Acidic Soil,banana
23.890082668411335,54.013726171070495,183.0513612214521,6.102474313229061,66.34,47.0205,68.0,0.53,Acidic Soil,coffee
27.654068911916475,69.77208882239546,99.75773594254319,5.8617606641790925,22.91,62.54,79.7,1.91,Sandy Loam,peanut
28.9,82.6,212.4,6.3,87.65,47.2,93.21,2.97,Silty Loam,chives
34.58029731657168,50.988479694446255,96.54032972374003,5.12708378227205,57.65,40.39,48.06,1.62,Acidic Soil,mango
31.32995611,50.22287593,89.97405421,5.421265283,57.85,39.54,47.58,0.99,Acidic Soil,mango
29.5,74.5,71.2,6.3,27.07,55.99,79.83,1.67,Sandy Loam,peanut
25.72754690919781,85.80927586936568,50.163473370411126,6.17927730022757,55.22,66.05,48.9,2.29,Peaty Soil,watermelon
32.65275305608151,92.29041283005802,241.62800548100606,6.7121791648425555,94.85,142.614,147.23838,1.08,Neutral Soil,papaya
28.6899851,87.50436797,44.56598352,6.769415888,56.22,143.85,65.77,1.22,Neutral Soil,mungbean
23.48607172409303,79.31311617500803,173.94157330420106,6.91923497611757,85.74,49.19,96.86,2.88,Loamy Soil,chives
24.5,78.1,213.4,6.25,134.76,86.58,158.21,3.73,Clay Loam,cabbage
28.428195220656217,61.49261612316902,245.30756617305212,6.421091184785999,28.0,18.0,37.0,623.0,Loamy Soil,cassava
26.995615491711824,81.1608471158939,265.3010030780827,6.401273304445596,68.31,42.29,76.79,3.06,Loamy Soil,chives
23.9,89.2,181.5,6.66,133.19,95.27,160.2,3.49,Loamy Soil,cabbage
26.03247833675645,84.03864706836117,43.849477913936205,6.242846623816141,57.33,64.87,49.1,2.16,Acidic Soil,watermelon
27.4013359844343,70.45834612820802,200.56207516875992,5.928887884814554,126.19,92.69,122.3,2.25,Silty Loam,chilli
28.084184016945972,49.300895429124935,89.65540665052674,6.464728845392387,54.8575,56.07,58.79,1.17,Acidic Soil,mango
28.685866501919982,46.472940436783205,95.95228428613684,5.272982923072826,55.09,40.15,49.65,1.27,Acidic Soil,mango
26.20234499,80.45467276,56.47941847,6.87606733,56.61,140.38512,100.76,1.6,Neutral Soil,watermelon
25.893421978363286,74.64740501982521,95.95579506675269,6.447991228902821,26.5,38.82,62.5,1.8,Loamy Soil,mungbean
24.224864426723087,55.163756305455564,123.33270473841057,6.939006130779103,35.0,41.0,53.0,789.0,Loamy Soil,sweetpotato
24.7564093277195,74.79393876618562,118.29283909910109,5.756115282142074,147.14,87.55,165.4,1.86,Loamy Soil,chilli
29.29491310571072,74.34505566271287,192.0834866040267,5.832347481652751,131.13,92.31,135.89,2.86,Sandy Loam,chilli
26.2148837,87.6883982,58.99310824,6.419052193,57.62,75.28,53.69,1.83,Peaty Soil,watermelon
28.07802689,54.39642503,97.45373619,6.128167757,58.36,48.91,54.9,0.6,Acidic Soil,mango
23.49912846072951,68.14486276925668,96.52223746363234,7.103278300166782,104.8,67.3,116.14,3.65,Clay Loam,garlic
24.208181309906543,71.6680367671535,49.37333802503738,7.125174963325412,82.94,54.35,107.75,2.93,Loamy Soil,garlic
28.22211851837595,89.27237650621834,117.28586496698317,6.539972994970114,64.43,91.11,72.77,1.04,Neutral Soil,orange
32.2,66.6,100.1,6.44,35.77,42.6,66.32,2.26,Silty Loam,soybean
22.536020711783028,83.2196592132787,232.17050490750236,6.432643921690661,71.73,71.91,88.25,0.93,Acidic Soil,rice
25.33,59.54,77.16,6.32,49.0,38.0,32.0,720.0,Loamy Soil,sweetpotato
22.98078406,61.52453952,155.1002465,4.849309052,62.18,38.58,49.62,1.54,Peaty Soil,tea
24.603247148427478,68.87200430506964,42.12877778000075,6.914935689118574,89.2,78.12,129.48000000000002,3.45,Clay Loam,garlic
34.30868625454175,90.43040511916163,120.01126470116027,7.84557604394229,72.476,63.53,61.05,2.01,Peaty Soil,orange
29.21780035,87.93724219,43.1386631,6.54450214,56.16,87.92,52.63,2.37,Neutral Soil,mungbean
24.3,80.0,213.8,6.42,100.25,111.0,123.57,2.84,Silty Loam,chilli
25.559700673200048,61.24105717531862,190.4298020790214,4.907621216448411,68.62,38.96,52.26,0.72,Acidic Soil,tea
25.672857415441232,93.8084198692936,119.39320134319719,7.359185928553813,63.75,137.4,100.4,1.74,Neutral Soil,orange
27.64157143275729,83.01553981026079,178.05310072949888,6.014279185981619,122.33,83.34,181.94,2.66,Silty Loam,cabbage
24.40764441388326,55.15351314520522,123.42763416880342,6.830005389921356,35.0,37.0,51.0,789.0,Loamy Soil,sweetpotato
27.906255406015465,81.41453564239892,134.8321077996315,6.853769429916407,23.79,33.54,66.65,2.44,Sandy Loam,mungbean
31.2,65.1,44.7,6.14,100.85,65.59,113.3,2.61,Loamy Soil,shallots
28.833583575764344,65.37135920984609,85.74567874558124,6.60446042174538,78.47,56.35,117.34,2.51,Loamy Soil,garlic
24.285948194185217,56.12061086467341,201.5948267867497,4.9322611089474195,62.269999999999996,39.2,52.2,1.83,Acidic Soil,tea
29.381877581113535,62.1073656588791,126.8530082091891,6.586144754813649,36.0,26.0,33.0,691.0,Sandy Soil,cassava
32.220755261277176,51.69339030125543,97.21562719405445,6.413726399728806,59.79,51.09,61.4,0.77,Acidic Soil,mango
23.024022391890327,74.66248372715798,276.9626132383031,6.815646373457135,82.63,57.35,93.13,3.88,Loamy Soil,chives
28.905608126416734,62.70042632011528,111.18460966923172,5.878701953232365,29.0,19.0,44.0,716.0,Sandy Soil,cassava
24.4,67.8,63.6,6.93,109.52,53.56,133.31,2.2,Loamy Soil,garlic
24.28209415,80.30025587,231.0863347,7.042299069,75.03,147.45895,143.8767,1.26,Loamy Soil,rice
27.060712541740628,82.93359502248501,191.4025039111971,5.998548003577534,72.64,53.49,65.57,1.66,Peaty Soil,rice
33.73076198301177,65.82015858220022,53.55390884424682,5.770607259964705,28.22,54.98,71.99,1.13,Loamy Soil,peanut
29.4,82.4,92.6,6.6,26.5,42.85,64.48,2.36,Sandy Loam,mungbean
25.32854282466814,73.80735163830812,180.28721114537007,6.361624852461003,138.7,118.94,124.16,3.01,Loamy Soil,chilli
18.34609679480262,62.13745391969631,84.07298172078164,6.277539874921431,53.31,55.53,55.79,1.16,Acidic Soil,maize
24.01198188278166,79.77745253163037,231.1167378323304,7.103202543711533,75.03,145.45895,144.8767,1.26,Loamy Soil,rice
21.06892359734475,58.84953718599959,107.77838737724231,6.827828315266823,57.83,122.25,114.63,2.17,Neutral Soil,maize
30.010903682928394,67.07180874755059,123.70818772507963,6.058445660622939,37.21,41.34,63.41,2.07,Loamy Soil,soybean
25.941282112015205,60.03607624464514,84.6431398143697,6.294998091102052,60.38,54.4,55.38,1.07,Acidic Soil,maize
30.25578031,92.03272799,116.7173125,6.116508709,68.06,59.13,56.42,1.45,Acidic Soil,orange
28.1,65.6,166.4,6.21,33.34,54.06,73.7,1.96,Loamy Soil,soybean
22.52894326962394,82.07590064042917,249.16061061499857,6.975046861834356,86.89,53.14,83.48,2.82,Loamy Soil,chives
26.82625188428117,84.94827809065768,180.19576430192666,6.415497849470201,165.02,112.59,186.42,3.7,Loamy Soil,cabbage
42.769197720475994,93.51121602682413,210.7543312971166,6.551524981427651,96.627,91.61,102.78,2.0,Neutral Soil,papaya
25.37381313164014,88.56485057132276,52.24644169131006,6.1660227887425565,59.86,60.04,49.16,1.17,Acidic Soil,watermelon
33.588375022882296,92.95539548325553,115.82885313066014,6.763120016508908,70.476,132.65,94.76,1.25,Loamy Soil,orange
30.13549417842943,91.15710162891777,19.65121079118047,6.295608943040646,53.08,73.51,44.16,1.47,Peaty Soil,muskmelon
30.3,67.1,85.8,6.01,22.35,60.63,84.66,1.15,Sandy Loam,peanut
26.82650717808072,81.68171445349033,193.3931323298095,6.219128858732664,71.67,60.29,72.03,2.03,Peaty Soil,rice
27.03856760500542,88.03835308319628,227.50371656023125,6.424805319508994,159.98,91.48,181.74,3.69,Clay Loam,cabbage
28.262277401782924,63.89366523224959,182.5998758705683,4.637075680409737,35.0,22.0,29.0,617.0,Sandy Soil,cassava
25.51238263602084,60.935800650367405,172.88357750944854,5.107259290799026,36.0,23.0,21.0,607.0,Sandy Soil,cassava
29.859322467442183,63.26259380675145,77.10290657242622,6.143542562812061,98.12,60.03,136.42,2.08,Loamy Soil,shallots
27.476834108214348,52.12219266459787,92.19524369551613,4.721424801548941,55.6,37.05,43.63,1.17,Acidic Soil,mango
29.19977250767382,82.50794696707051,56.39871306541905,6.569931907242777,60.42,80.09,57.4,1.47,Neutral Soil,mungbean
25.27688713768096,54.71979373712449,83.71309668525616,6.761719014117033,34.0,33.0,46.0,756.0,Sandy Soil,sweetpotato
23.237020324168526,59.25981003916678,154.88845052517388,4.88613543015042,64.81,39.22,49.6,1.85,Acidic Soil,tea
25.66016258987122,84.94026095450783,58.18766397861785,6.742205513293555,57.82,136.43,70.69,0.63,Neutral Soil,watermelon
22.343808940388612,59.23788472750677,117.87318338247901,6.821845988539983,34.0,37.0,46.0,794.0,Loamy Soil,sweetpotato
26.66413203,61.00949554,195.2644515,4.524595296,67.65,37.39,50.52,1.44,Acidic Soil,tea
25.17,63.15,225.53,5.16,30.0,25.0,32.0,711.0,Sandy Soil,cassava
26.0,77.0,203.5,6.8,131.44,110.61,181.72,3.76,Clay Loam,cabbage
27.855712118669217,81.14809792396372,96.92509375453454,5.713284573404315,62.39,49.48,51.52,1.48,Acidic Soil,banana
24.34724421452308,59.54428984653417,109.72117200756593,7.030954467214582,38.0,36.0,33.0,845.0,Loamy Soil,sweetpotato
25.958698101764845,77.74792162027629,152.6890487091439,6.691217233494378,157.6,96.12,169.29,3.3,Clay Loam,cabbage
39.73149053,91.12220596,122.7628653,6.919342407,74.69,142.7055,148.115295,1.77,Loamy Soil,papaya
31.68330005326628,81.3933667325352,216.27046995622274,6.667970730189048,138.29,97.76,164.94,3.12,Sandy Loam,chilli
24.60852767696501,88.21715238651431,46.523923828623104,5.998894930063474,53.68,58.35,47.93,1.37,Acidic Soil,watermelon
27.451245491558726,79.64059869126196,42.93969007248385,6.775909353138459,52.33,138.41925,78.82,1.92,Neutral Soil,mungbean
25.001725305571142,79.60219005183392,254.6284796672613,7.724568962759023,77.92,61.03,85.32,1.22,Peaty Soil,rice
26.43404651524255,78.44336805560586,96.74802085824292,5.915928385417277,59.17,53.83,50.08,2.39,Acidic Soil,banana
27.57847581,58.52534263,156.6810374,6.172090205,64.05,51.21,65.23,1.0,Acidic Soil,coffee
25.14748006,83.34688193,98.66679427,5.571082542,61.49,47.42,49.341,1.56,Peaty Soil,banana
27.204573362290176,83.34991800912076,99.37331994289896,5.93877971244183,64.84,51.81,50.71,0.76,Acidic Soil,banana
19.805666513927928,63.05539420283025,63.94440408734681,6.4532674810514115,52.5,63.18000000000001,52.86,1.27,Acidic Soil,maize
32.253105984531985,79.54265368668446,125.07447764374254,6.8213595127426,26.57,57.97,72.2,1.6,Clay Loam,soybean
29.627416489944636,71.02383764994477,97.47216207008694,6.961805064865054,18.97,39.65,56.97,2.36,Loamy Soil,mungbean
31.91418929620325,48.242803934298564,90.11912930719845,6.477214268743132,56.72,51.8,61.99,1.79,Acidic Soil,mango
23.71224195079812,51.49654901874396,138.7747715559321,6.797617738694561,62.605,146.45645,142.74486,1.69,Loamy Soil,coffee
28.680685480567483,87.51214378607152,56.31475687203483,6.885418606573619,60.78,148.423,146.2236,0.85,Loamy Soil,mungbean
26.922345768056363,62.56831936691793,137.22892473232156,5.958602918612677,23.0,18.0,30.0,670.0,Sandy Soil,cassava
23.34518123,55.7987668,207.0690528,4.84523927,64.99,37.77,52.81,1.58,Acidic Soil,tea
31.2,73.5,123.3,6.39,20.91,54.96,72.97,2.19,Silty Loam,soybean
31.0,74.6,124.0,6.42,29.77,46.44,54.67,1.78,Sandy Loam,mungbean
23.593591606911016,67.94477645113317,56.98938789055682,6.604277317183166,69.13,68.39,109.05,3.59,Silty Loam,garlic
22.878972019452082,81.97857446962429,201.49732799051245,6.070161555145777,142.04,90.55,164.9,2.65,Silty Loam,cabbage
33.51879786340669,73.16437057777414,67.77071066600134,6.130867325826277,22.14,57.0,70.39,1.76,Loamy Soil,peanut
22.94857836423717,63.20358448123452,124.62301290869875,6.725534136147551,63.24,116.41,116.35,1.61,Neutral Soil,coffee
24.097974427775107,67.8347539834009,72.32052548197284,6.912938395231144,87.09,74.0,94.13,2.65,Clay Loam,garlic
24.334328976225514,54.86329744843491,244.10387676511237,5.061339482386963,70.47,40.28,55.4215,0.88,Acidic Soil,tea
32.986530858231326,71.5481222221072,89.79128527972493,5.764793518429739,27.55,57.51,79.0,1.42,Loamy Soil,peanut
27.20526952591092,93.58188828483516,28.322564635288916,6.074990221460846,52.9,62.34,45.89,1.71,Acidic Soil,muskmelon
28.661416007185437,64.08480981616705,113.35850942234684,5.420692809591625,41.0,25.0,32.0,746.0,Sandy Soil,cassava
22.19401284177248,64.15300432241905,156.40844082760708,4.575050873624995,59.36,36.07,51.0795,1.34,Peaty Soil,tea
23.96907137258741,56.58017524858079,63.66698770947134,6.839721396160846,57.82,147.21743,142.688,1.42,Neutral Soil,maize
28.427783038147496,70.42084829613188,165.45612740672541,6.156338192076737,34.0,48.33,76.62,1.78,Clay Loam,soybean
30.01592643,53.19212381,97.72843182,5.074272692,58.67,38.29,46.77,0.84,Acidic Soil,mango
31.63866094731969,72.9273834686479,122.87772402931023,6.487691317176431,18.91,54.96,70.97,2.19,Silty Loam,soybean
28.428261338651758,94.59650704997296,21.66028999976323,5.948222153108975,54.34,57.8005,44.316,1.08,Acidic Soil,muskmelon
24.992595572857347,80.56433143282337,219.65694813337848,6.332191745661568,152.55,87.91,182.72,2.97,Silty Loam,cabbage
23.598333891141877,87.25427700793523,233.3303162931919,6.38257260016962,64.03,44.18,80.51,3.36,Silty Loam,chives
28.0319310258577,52.99371031711619,93.65273216598325,4.739086199092894,57.6,35.05,47.63,1.17,Acidic Soil,mango
25.86632408,84.42379269,114.5357503,6.079178788,63.9,57.5,56.58,0.92,Acidic Soil,banana
23.8,83.5,151.3,6.68,143.43,97.15,186.76,2.86,Clay Loam,cabbage
29.3,71.6,106.5,6.72,75.61,56.98,109.56,2.26,Silty Loam,garlic
28.050229089216604,64.03213628017261,156.68369465428174,5.361932915751421,29.0,22.0,31.0,679.0,Sandy Soil,cassava
28.6,79.4,167.0,6.05,25.78,51.8,66.09,1.7,Loamy Soil,soybean
32.9,78.4,128.3,6.58,26.47,59.46,78.75,1.93,Clay Loam,soybean
29.7,71.7,73.1,6.43,27.37,59.37,76.01,1.51,Sandy Loam,peanut
24.923151646929295,88.48366210561338,49.69391651139642,6.030593902699998,52.92,61.51,46.15,2.45,Acidic Soil,watermelon
29.17,62.87,225.43,6.32,32.0,23.0,22.0,668.0,Loamy Soil,cassava
24.08478840031276,58.56747804054203,87.99338677570809,5.8024900900593535,54.05,45.83,48.34,0.59,Acidic Soil,maize
27.02372976503712,54.42392637403428,97.8881561682054,6.469390323773286,58.96,60.23,61.98,1.12,Acidic Soil,mango
29.0,73.9,99.7,6.66,32.86,34.5,65.46,1.87,Sandy Loam,mungbean
24.7,63.1,91.3,6.31,95.76,63.86,149.29,3.15,Loamy Soil,shallots
27.11011101809231,79.41812306979209,239.34874788541094,6.208544995754215,147.24,108.07,183.31,3.34,Clay Loam,cabbage
27.3,67.6,48.8,7.07,74.95,62.26,94.68,3.06,Silty Loam,garlic
11.616425458479707,94.55248735478816,116.11602187223814,6.909815034974373,59.01,142.749,146.625241,2.46,Neutral Soil,orange
30.55241836553697,80.0313213697195,130.96287490466165,6.648699157811953,41.77,57.99,76.78,2.07,Silty Loam,soybean
22.63639552,58.32292132,209.8447099,4.524333644,65.39,37.04,51.25,2.38,Acidic Soil,tea
29.9,70.4,66.1,7.07,104.29,65.48,108.42,2.98,Silty Loam,garlic
30.2,66.9,111.2,6.92,37.61,51.78,64.5,2.11,Clay Loam,soybean
28.97536828353513,88.98965983587533,52.875163367848174,7.0698349421332844,56.41,144.05234,133.95,2.29,Loamy Soil,mungbean
23.82853499369812,59.9356865183714,111.40452527031563,6.969078165200513,34.0,35.0,32.0,845.0,Loamy Soil,sweetpotato
24.5,75.0,204.9,6.51,76.48,52.05,72.98,3.86,Loamy Soil,chives
21.840553606504553,63.50710611762724,176.17298828311036,4.913996137167618,67.0,40.92,52.98,1.11,Acidic Soil,tea
27.11700382850087,58.43615118977935,144.41399416722692,6.380609713094383,63.37,54.62,68.82,1.85,Peaty Soil,coffee
27.911019440364974,74.70238740384846,84.44090934856558,7.556169450079059,75.72,52.67,98.99,2.4,Clay Loam,garlic
26.986170466095565,78.39828674323272,200.21723983782815,6.123486475845042,137.31,115.2,189.6,3.19,Clay Loam,cabbage
27.42043380812933,73.70840826974445,113.69341649773743,6.130172929269703,19.18,56.61,77.92,1.21,Loamy Soil,peanut
23.69212243,93.61055571,87.53393983,6.912299695,60.79,141.94374,143.5224,1.95,Neutral Soil,papaya
31.048942038053113,93.70103850901496,52.333193780240926,6.544390188816542,59.8895,106.1,59.848,1.02,Loamy Soil,papaya
30.855168629107713,72.19132587642969,83.46219397611532,6.2505665337995895,26.81,63.47,86.26,1.38,Loamy Soil,peanut
29.20300896,93.96834049,209.4083305,6.839443833,81.92,142.00519,147.184,2.1,Loamy Soil,papaya
29.20131528656358,70.4714444389958,110.61173297808263,5.781619787336847,16.75,65.08,90.89,2.18,Loamy Soil,peanut
23.1768489,52.97841162,153.1201644,6.766184468,60.44,97.97,127.32,1.8,Neutral Soil,coffee
25.0,76.1,133.9,6.67,139.18,96.08,132.48,2.16,Sandy Loam,chilli
28.11582510346308,80.08580362252793,36.900134867031475,6.662035684238562,54.88,128.73,59.25,1.39,Neutral Soil,mungbean
27.5,74.9,51.0,7.12,79.64,60.7,102.61,2.76,Loamy Soil,garlic
27.33897716,90.69759008,28.69113835,6.150090899,53.95,62.01,44.5,1.51,Peaty Soil,muskmelon
29.49829235190298,63.95409921027978,219.9292328065541,4.66487631328988,26.0,29.0,38.0,788.0,Sandy Soil,cassava
24.88910524,85.87059083,51.70699144,6.110142735,56.14,58.95,47.75,0.99,Acidic Soil,watermelon
35.315350761483415,53.04640870782244,95.4158823880876,6.03588627536755,57.709,43.34,51.45,2.42,Acidic Soil,mango
21.875842798247024,80.13632657949485,279.6022125798478,6.599475831668123,77.92,77.31,112.38,0.99,Loamy Soil,rice
24.69368934,85.56967628,48.99390828,6.353107393,55.75,69.68,50.1,1.96,Acidic Soil,watermelon
11.861197156081904,94.45268312873115,108.0943950140917,7.940648381005829,58.57,62.11,57.98,0.74,Alkaline Soil,orange
27.957699397,82.52875209246456,54.495226482332306,6.191003775148344,54.93,65.7525,51.57,1.56,Acidic Soil,mungbean
32.71748548,90.54608254,113.328978,7.656978112,68.65,71.35,63.0,1.26,Peaty Soil,orange
27.98780984,92.78226196,27.14509034,6.504906979,53.92,86.22,47.31,0.74,Loamy Soil,muskmelon
25.7,68.2,73.7,6.54,91.74,69.07,103.27,3.0,Silty Loam,garlic
34.37957969893504,51.85865316799241,97.294997378543,5.1917547693560255,60.37,36.1,48.77,0.5,Acidic Soil,mango
23.398971748863104,54.305159143719514,189.82484046837507,6.134511068645974,65.87,49.0205,67.68,1.03,Acidic Soil,coffee
27.39502113558303,91.12340780156286,25.710337084217375,6.332638828867192,53.5,75.89,44.52,2.05,Acidic Soil,muskmelon
29.705374931813186,93.9127758533936,19.26853520481806,6.1142927255832795,52.28,62.65,44.316,1.22,Acidic Soil,muskmelon
29.734504667708077,71.1247832130028,182.9851560410232,6.5283867541371485,69.61,43.75,89.33,3.73,Silty Loam,chives
21.211165898267463,57.51460874845025,83.0639790590151,6.875220691372051,35.0,33.0,45.0,756.0,Sandy Soil,sweetpotato
39.77414138651834,91.02989697995503,90.16708347790747,6.530941475492246,68.46,85.2,64.97,1.19,Loamy Soil,papaya
18.492779638290703,65.06249782945355,77.706123570679,6.411686128711862,57.02,66.67,61.39,2.26,Acidic Soil,maize
25.260769257698826,81.30459373030496,221.69958033461455,5.477971969897405,74.9,43.63,56.98,2.25,Peaty Soil,rice
22.56664172,93.37488907,109.8585753,7.598729065,62.86,76.79,64.46,1.09,Peaty Soil,orange
26.02241444,55.83288958,176.9020924,7.277422738,64.28,90.38,125.02,0.73,Loamy Soil,coffee
27.157177208633065,72.9836458144693,102.78253264368328,6.917715557247426,42.42,49.78,60.32,1.64,Silty Loam,soybean
30.1,71.1,37.0,6.61,113.18,89.14,127.15,3.2,Sandy Loam,shallots
27.98914277235222,89.80387915264612,56.62782032917817,6.500352432525185,56.8,81.82,55.94,0.71,Acidic Soil,mungbean
29.515445116824278,78.29900970883955,279.67459108480597,6.201233656587015,84.63,59.07,84.87,2.84,Silty Loam,chives
30.55623239997032,74.38100668713709,191.57822755020615,6.312831544328319,36.76,50.63,64.94,2.79,Loamy Soil,soybean
27.77090345238403,74.88799704214468,64.55935978285996,6.154924956966034,85.84,64.04,103.93,2.24,Silty Loam,shallots
29.37956276560394,83.59180295824555,56.613730906422774,6.334378639100572,60.79,69.62,51.02,2.22,Acidic Soil,mungbean
26.549428184299977,59.956925301521956,122.84466517935348,6.35722068222393,38.0,37.0,46.0,749.0,Loamy Soil,sweetpotato
29.094784330214505,81.8139121030278,203.01713912716008,6.3400456222744905,98.68,110.14,144.11,2.02,Sandy Loam,chilli
27.387229675527784,62.30657034347128,185.83695934151248,4.512001316496838,70.22,36.57,51.19,2.48,Acidic Soil,tea
31.992363256396185,69.52903998999997,153.57048858110304,6.150148196721607,127.66999999999999,115.93,124.12,2.12,Silty Loam,chilli
28.937949841060263,70.07347949473893,90.07441518136314,6.886531444056052,105.85,76.59,96.04,3.37,Loamy Soil,garlic
24.581484182260944,57.462594028087324,240.42925459871392,4.629377052092897,71.47,37.36,55.87,0.82,Acidic Soil,tea
24.742965552471084,84.35758542583316,196.82200536482893,5.133551030846474,75.07,43.13,59.0975,2.03,Peaty Soil,rice
27.53907547,53.63549533,99.35408185,6.797779227,58.15,109.57,105.51,2.03,Loamy Soil,mango
23.899059205790074,83.56172873330523,221.36510275959623,5.281371634089591,74.78,44.54,55.11,1.89,Peaty Soil,rice
26.84742895015457,75.05983418061732,96.76920621129855,7.051251483059621,106.5,52.27,96.92,3.29,Silty Loam,garlic
32.9,79.8,105.8,6.83,28.83,58.04,61.7,1.76,Clay Loam,soybean
31.550339287760867,68.39753567887165,78.77204373764393,5.971294465460425,20.03,58.37,89.51,1.05,Sandy Loam,peanut
30.990263303402585,60.99613442284489,78.98772858754192,6.496205008534014,96.59,91.63,133.76,3.2,Loamy Soil,shallots
27.51425739297584,84.67860903802121,149.45593054403585,6.732195127665527,145.96,108.66,150.3,2.81,Silty Loam,cabbage
42.30495821,90.51431779,74.876786,6.93172108,65.93,145.6044,141.0044,2.2,Loamy Soil,papaya
24.53460016,66.99765375,180.5059257,7.456646097,66.48,71.66,89.89,1.35,Loamy Soil,coffee
37.03551903,91.79430166,188.5181422,6.551892638,85.61,91.45,96.09,1.95,Neutral Soil,papaya
28.8,80.3,168.1,6.01,85.41,54.78,91.62,2.89,Loamy Soil,chives
29.31,64.97,119.5,4.8,24.0,20.0,44.0,834.0,Sandy Soil,cassava
22.449215021031172,57.25536961041583,78.59262621944298,5.607484915534609,44.0,25.0,36.0,846.0,Sandy Soil,sweetpotato
27.685540185187318,65.06701128856108,193.49177034967252,6.9838269888424875,70.611,144.55164,147.114,2.25,Neutral Soil,coffee
28.490751023532574,60.089243910560796,169.27505464668747,4.777359610779357,22.0,20.0,30.0,837.0,Sandy Soil,cassava
29.279352239197493,74.49624402124267,138.90234248925054,6.650701090906079,24.49,42.39,66.33,1.51,Loamy Soil,mungbean
25.430987195080725,64.07954626054041,190.48712699705098,4.679442854200455,65.32,39.2,51.97,2.28,Acidic Soil,tea
27.415311544580447,69.13144267399473,95.40433846652536,5.873426416320208,28.98,56.47,74.04,1.06,Loamy Soil,peanut
23.391620454469848,79.8942578930217,263.7248588158903,5.065691606828002,78.74,40.919,59.65,2.38,Peaty Soil,rice
24.055794010453152,85.15610066367285,50.76957577366326,6.736841631545525,55.82,102.54,59.45,1.2,Loamy Soil,watermelon
28.47910500957442,65.16769616667202,164.69973258200167,6.168349572979365,31.340000000000003,55.06,71.7,1.96,Loamy Soil,soybean
20.961380646322034,69.11700337681368,66.99148947723437,6.590727566114644,57.23,72.4,55.68,1.02,Acidic Soil,maize
28.9,69.8,90.7,6.92,105.85,75.59,95.04,3.37,Loamy Soil,garlic
28.17458662,83.69659318,37.2464655,6.770955317,54.88,139.62,61.68,2.35,Neutral Soil,mungbean
30.000628385065173,90.6762761668692,25.926633527223373,6.697130367898486,51.83,107.12,48.58,0.68,Neutral Soil,muskmelon
26.0,70.6,41.4,7.46,83.14,71.72,119.32,3.1,Loamy Soil,garlic
26.344065270660646,84.42481870136943,55.28081173543355,6.5637420473734105,59.03,88.55,57.08,1.85,Loamy Soil,watermelon
28.858238704338717,84.15599023349294,281.9966824098822,6.203944380683302,91.4,59.6,74.38,3.39,Silty Loam,chives
25.610984327140006,55.4522511063162,79.50021422845614,5.869063988226067,33.0,31.0,41.0,767.0,Loamy Soil,sweetpotato
21.942979632651404,60.64504672242546,164.44813933158275,4.920039604974262,61.18,37.53,49.22,2.0,Acidic Soil,tea
27.662575241117686,82.14729901612175,204.0275626157102,6.652554906605189,64.52000000000001,48.77,94.08,3.51,Silty Loam,chives
30.785507585927945,46.69263060380251,90.53302240257274,4.6041637728510265,60.4,38.324,43.3595,1.14,Acidic Soil,mango
28.1,79.6,173.3,6.2,28.29,57.95,76.82,1.92,Loamy Soil,soybean
29.270996989301498,79.49798743373006,90.38228127372301,6.184846207212662,60.73,62.49,54.81,1.07,Acidic Soil,banana
24.7,80.9,117.2,6.71,111.25,111.31,149.45,1.93,Silty Loam,chilli
25.10474753,87.5267616,58.99310824,6.587791262,57.23,93.7,59.17,0.97,Neutral Soil,watermelon
31.6,73.9,51.8,5.9,25.07,55.15,77.01,1.84,Sandy Loam,peanut
42.93605359,90.20227736,234.8466111,6.612429546,94.627,99.74,120.79,1.22,Neutral Soil,papaya
28.6,65.3,90.6,7.3,77.81,66.8,115.97,2.09,Clay Loam,garlic
26.895665936423075,87.40662941675554,40.979503626959755,6.821651560431674,58.58,142.3,65.92,0.97,Loamy Soil,watermelon
31.9,79.5,90.7,6.96,20.1,32.64,64.07,2.48,Sandy Loam,mungbean
23.45420227617271,55.19868888973568,110.78178306214882,5.926205547009794,38.0,34.0,37.0,692.0,Loamy Soil,sweetpotato
26.360518671535033,61.83794690567131,195.52048830249257,7.071816862987038,64.58,140.3331,145.92345,1.06,Neutral Soil,coffee
21.950595997897093,60.948845554401565,193.08557662535097,4.563456327254906,61.540000000000006,39.52,51.68,0.94,Acidic Soil,tea
25.164861331342983,84.78302230077124,49.36973645626935,6.387488553171111,56.75,68.68,50.1,1.96,Acidic Soil,watermelon
27.62692210755355,73.3149647288967,156.30712582617065,6.854479391914792,61.75,57.82,81.19,3.05,Silty Loam,chives
27.8,63.07,244.6,5.35,39.0,26.0,23.0,799.0,Loamy Soil,cassava
27.28888625935312,62.57165300240212,190.9623784763804,6.746157991376388,66.611,117.36,144.666,1.87,Neutral Soil,coffee
29.4,80.3,109.1,6.27,34.41,36.69,67.44,1.83,Sandy Loam,mungbean
32.19706600135413,71.01397773225102,84.85289639948907,6.476678177945531,23.84,61.43,86.94,1.9,Loamy Soil,peanut
22.759651849855267,83.67343750702048,250.76259528813753,7.030730525999619,77.81,141.93673,141.60768,0.86,Loamy Soil,rice
29.322801096272627,94.26844439100883,27.66509093693304,6.192831359419764,57.08,65.87,43.3,1.93,Peaty Soil,muskmelon
27.88996372581895,72.10789269593387,53.81022470838457,6.3333187795826245,116.57,65.01,115.4,2.43,Sandy Loam,shallots
40.455606141816745,93.91015559441962,148.37501356193354,6.931234059557643,83.35,144.365,146.70722,1.06,Loamy Soil,papaya
33.488232907536556,76.43470515470523,103.86547226899143,6.090940545092713,24.56,42.75,76.31,2.22,Loamy Soil,soybean
25.723743523447144,68.58644967439905,101.7003963952907,6.844939652400499,59.1105,145.21743,118.58,0.91,Loamy Soil,maize
25.71567491944802,81.6258095887681,248.6552476315617,6.6414109448442655,123.65,91.71,192.44,3.35,Silty Loam,cabbage
28.863570135667278,68.69892763038318,91.63874196522303,7.18185457549454,106.37,60.72,129.62,3.41,Silty Loam,garlic
25.04,61.85,145.42,6.52,38.0,29.0,31.0,770.0,Loamy Soil,cassava
27.282709755435654,62.820975973819564,216.42106668926039,4.690693859074975,68.2,38.16,50.43,1.98,Acidic Soil,tea
24.28,55.33,124.93,6.01,36.0,25.0,31.0,837.0,Loamy Soil,sweetpotato
21.7238313,80.28362927,277.9626192,6.501697816,76.92,78.31,114.38,0.99,Loamy Soil,rice
25.424244415867722,60.20890046622901,247.58825859329633,4.593619203623246,74.32,37.35,52.4,1.64,Acidic Soil,tea
17.85661561113004,91.10602141188961,112.6148750815684,6.957236828192539,57.09,144.52791,147.625241,1.55,Neutral Soil,orange
28.00316034,78.90085998,94.68180316,6.235461772,61.62,60.96,56.51,0.8,Acidic Soil,banana
24.92053971,57.57147398,246.7881984,4.935978207,69.67,38.37,55.4215,0.99,Acidic Soil,tea
38.90801126346598,91.93831235887998,64.21028877131424,6.665320586069509,61.36,122.47,70.06,2.28,Loamy Soil,papaya
19.33516809,91.97978938,116.450422,6.361671475,61.51,73.23,64.32,2.28,Peaty Soil,orange
24.40241781424657,88.26080387428166,154.43589869459387,6.1760192852958085,169.68,111.74,178.88,2.83,Loamy Soil,cabbage
30.404685795303944,74.42227299817918,164.46372804399434,6.0963816387617875,111.39,107.86,146.15,1.93,Sandy Loam,chilli
25.677962464858762,61.03856962786044,238.76393913302604,5.100437653607185,21.0,25.0,43.0,800.0,Sandy Soil,cassava
29.1386316652382,80.95418323437013,152.17177335414792,6.837017554452667,86.68,53.77,89.56,2.79,Silty Loam,chives
26.26559543,90.79668055,59.49373381,6.65149129,57.8895,108.16,62.76,2.04,Neutral Soil,papaya
22.8,84.8,205.1,6.38,155.43,118.52,163.69,2.64,Clay Loam,cabbage
25.31360810204501,57.85075119807199,190.16057556125202,7.329038369410967,65.31,70.93,99.67,1.9,Loamy Soil,coffee
26.65555857102376,82.57435317420065,114.33930657130362,5.8408199286732,60.87,50.57,52.7,2.48,Peaty Soil,banana
24.70298120610593,72.87712604522176,97.80384291887346,6.650555251465455,62.72,88.78,77.46,1.57,Neutral Soil,maize
24.863992642855585,56.29061811723809,82.89423570093106,6.9683005254779395,48.0,23.0,56.0,821.0,Sandy Soil,sweetpotato
23.98143338,61.10935084,161.5279095,6.971963169,63.15,140.80902,144.79,1.51,Neutral Soil,coffee
23.534808412979764,55.8076591140054,109.2025288814835,6.006421421596649,39.0,37.0,39.0,692.0,Loamy Soil,sweetpotato
29.129729316707294,64.73372034290225,197.82283819905692,6.746634954221928,22.0,16.0,37.0,760.0,Sandy Soil,cassava
26.3,74.6,95.5,6.37,27.5,36.82,60.5,1.8,Loamy Soil,mungbean
28.311256134112764,89.35601456240634,117.82542299358866,6.632248417872204,69.43,91.11,74.77,1.04,Neutral Soil,orange
23.48381344,81.33265073,224.0581164,7.375482851,73.78,94.98,119.56,1.87,Loamy Soil,rice
24.726437081063658,58.00191868128551,103.83352558988327,6.414637951964089,31.0,30.0,49.0,818.0,Loamy Soil,sweetpotato
18.28214391,60.61494304,104.2321615,5.588426629,56.33,43.825,49.35,1.67,Acidic Soil,maize
33.97011018439298,91.983422221556,202.00739543886993,7.024310590545121,83.5,147.66082,148.4531,0.72,Loamy Soil,papaya
31.689482317051553,75.53191654794986,201.45851120687257,5.421026139588204,127.31,117.63,160.36,1.91,Sandy Loam,chilli
27.308455954323712,80.47748978487,127.77791636427325,6.388681804829923,32.739999999999995,51.03,60.45,2.21,Sandy Loam,mungbean
28.382971594159862,76.64085930014724,212.5078102626291,6.016873647273669,100.29,90.12,133.55,2.05,Loamy Soil,chilli
22.176118874972854,82.51072964015148,265.30782630999977,6.976372760557669,86.9,54.39,90.51,3.98,Loamy Soil,chives
23.36293562450571,61.958887702296,156.82669751444308,4.9476866101899795,59.18,36.58,50.62,1.54,Peaty Soil,tea
25.509845596423013,59.086661603782524,94.13869093607721,5.443327751767373,46.0,25.0,46.0,849.0,Sandy Soil,sweetpotato
25.462838745777972,77.84604878442187,107.32200233226094,5.785638521626931,63.86,48.06,51.66,0.99,Acidic Soil,banana
26.035611370884354,62.29794444518135,112.10682273333211,4.7466344343539655,34.0,24.0,49.0,796.0,Sandy Soil,cassava
26.1,81.7,100.5,6.25,25.49,33.23,57.09,2.48,Loamy Soil,mungbean
23.076887320185698,80.421004343551,198.05734235964738,6.218085753797011,151.94,85.15,189.39,3.63,Clay Loam,cabbage
22.83118060850771,62.71626128581456,174.7948917221777,4.438439323796735,64.22,36.62,49.37,1.54,Peaty Soil,tea
22.9255642782656,62.573917075073936,188.84304545540843,4.718531126440901,65.43,38.93,49.78,1.32,Acidic Soil,tea
29.32387711575532,63.770857502019105,189.55830623015737,4.802787202635539,20.0,22.0,23.0,668.0,Loamy Soil,cassava
21.793197732377035,58.87230241416139,110.40411200480854,6.901733152582041,59.83,123.25,113.63,2.17,Neutral Soil,maize
26.3,74.2,36.9,6.34,95.98,78.28,109.4,2.9,Sandy Loam,shallots
27.96937758686761,66.23128648167894,109.53680607366996,6.281529324762821,17.92,56.2,71.67,2.13,Loamy Soil,peanut
24.59245684,56.46829641,137.7044047,7.288211994,60.62,88.78,103.71,0.6,Neutral Soil,coffee
24.6,67.2,93.1,6.2,92.06,86.51,131.79,3.28,Loamy Soil,shallots
25.76683087397597,59.844528336667,85.31651000325914,6.8609362179873,34.0,28.0,49.0,788.0,Loamy Soil,sweetpotato
28.1,79.2,205.9,6.89,75.19,59.11,73.6,2.63,Loamy Soil,chives
30.349763816633036,53.047771426111595,98.00307163340877,5.142459090084585,55.67,36.29,44.77,0.84,Acidic Soil,mango
24.29105004,88.04541346,51.26046418,6.49889585,56.09,82.71,53.64,2.43,Acidic Soil,watermelon
26.931677983310035,67.29722799285604,120.02759427951189,6.743746687935775,64.93,135.72,122.49,1.31,Loamy Soil,coffee
31.106969009348038,80.35980904044952,155.23937974209502,6.69371163747698,33.02,43.49,78.77,1.68,Loamy Soil,soybean
25.31960771170758,89.41327761876722,57.72413690167856,6.691651602652341,58.34,143.48,75.08,1.64,Neutral Soil,watermelon
27.1,82.8,107.2,6.65,141.06,96.61,154.71,2.18,Sandy Loam,chilli
13.759551887741837,91.83921439040186,107.00680071768528,6.109905257042981,54.62,56.8,54.1455,1.89,Acidic Soil,orange
22.17931888,80.33127223,200.0882787,6.357389366,69.81,67.5,81.52,0.71,Acidic Soil,rice
22.59783691635676,92.46047076065149,116.03419667962179,6.53674411006992,66.4,81.25,68.88,2.25,Peaty Soil,orange
22.97874764,58.6037806,244.4469947,4.769261359,68.29,37.88,54.61,0.62,Acidic Soil,tea
25.11078971317746,82.75666412489431,54.47804545459672,6.399253468212333,53.56,71.09,50.64,0.95,Acidic Soil,watermelon
24.45802087,82.74835604,185.197438,6.738652179,70.53,124.99,133.14,2.02,Loamy Soil,rice
17.8801187828045,67.49921203233971,80.28277850733588,6.847612401992023,55.48,146.21743,102.21,0.66,Loamy Soil,maize
24.4,63.5,66.8,6.02,117.18,75.44,141.57,2.57,Loamy Soil,shallots
34.30338624256317,50.070931651263635,90.33961688570066,5.815308425971877,59.59,41.86,52.56,0.92,Acidic Soil,mango
30.642295537242454,65.28113981461914,61.7913157734388,6.131022990246032,20.37,60.1,79.47,1.31,Loamy Soil,peanut
30.063044460185562,72.16284044088931,146.9787815205737,6.482225366075246,21.67,41.91,57.99,2.31,Sandy Loam,mungbean
28.00373493471107,47.93006234731213,96.81545249357065,6.691100336652152,59.13,81.05,87.65,1.33,Loamy Soil,mango
29.413510864898136,75.3934426147187,108.33166178642526,6.477177463771158,87.25,54.89,113.85,2.84,Silty Loam,garlic
24.917025105550383,61.01226262496959,199.1772312202725,4.520613990874595,66.37,38.77,50.2,0.87,Acidic Soil,tea
24.3,70.4,57.5,7.33,71.28,70.66,132.07,3.69,Loamy Soil,garlic
27.3,88.0,237.8,6.95,78.08,58.19,85.66,3.09,Loamy Soil,chives
28.5,68.5,40.3,7.11,71.85,71.02,116.4,2.39,Silty Loam,garlic
23.641781856108423,59.83477516233718,112.91845905602496,5.536944410894123,35.0,20.0,44.0,733.0,Loamy Soil,sweetpotato
23.124607718481034,84.58079188775405,153.01715130577801,6.499017614016162,121.01,94.9,186.11,2.81,Loamy Soil,cabbage
27.66752761,79.68542782,108.66464,6.435792374,63.31,73.272,61.791,1.42,Acidic Soil,banana
15.78144173,92.51077745,119.035002,6.354006744,59.65,72.96,64.57,1.89,Peaty Soil,orange
24.921475280681236,72.06534519118279,168.01733197861486,5.98549474280046,139.0,98.27,161.23,2.01,Silty Loam,chilli
38.054371562327226,90.30027990620805,119.34346337938494,6.731195938103207,73.2,138.01,102.98,0.72,Loamy Soil,papaya
25.8,76.4,180.1,6.65,117.2,115.48,162.92,1.91,Sandy Loam,chilli
24.63676897,90.61964344,218.2299187,6.712772333,77.07,124.65,141.3,1.97,Neutral Soil,papaya
32.025703793728496,68.82103709557866,78.5239901111841,5.980757833400993,16.03,57.37,88.51,1.05,Sandy Loam,peanut
28.139297103440807,48.9218598605262,89.24567377545573,6.4801099926077725,56.8575,55.07,58.79,1.17,Acidic Soil,mango
25.02018580652784,90.47373872873256,56.57583539083887,6.748108618238181,55.34,143.48,74.08,1.64,Neutral Soil,watermelon
27.378321558480692,61.77967996727242,155.69110134524627,5.82078908081243,32.0,29.0,25.0,668.0,Sandy Soil,cassava
25.262048406900693,67.27622347449903,78.60129190998491,5.944581270623352,55.29,46.42,48.58,0.53,Acidic Soil,maize
28.85994793337069,62.46040970607062,235.810553748599,6.176866107338226,36.0,25.0,41.0,643.0,Sandy Soil,cassava
23.35936586636254,66.36423552600434,146.17432893287253,7.43260441865178,65.71000000000001,80.86,86.98,0.94,Loamy Soil,coffee
26.5,73.6,61.4,6.84,106.15,66.64,97.42,3.45,Clay Loam,garlic
24.6417019057293,64.00730042211721,172.38413154627287,4.64477552709715,67.59,37.43,52.13,0.62,Acidic Soil,tea
27.762182006627693,74.3484166124724,137.44847261572636,5.984719824160494,128.94,111.92,159.6,2.41,Sandy Loam,chilli
22.310325356784194,61.770952315346975,106.0667729969971,5.824031029505084,61.07,45.16,52.44,1.73,Acidic Soil,maize
25.553225623908435,76.78867830549476,116.11339078923584,5.993203976339056,65.32,50.8,54.74,1.59,Acidic Soil,banana
21.459728735649822,56.67864904956589,85.86789263006882,6.864864953870487,36.0,34.0,46.0,756.0,Sandy Soil,sweetpotato
25.936066528886123,76.68736093584675,99.09840619157136,7.096338927020814,26.95,32.93,70.52,1.92,Sandy Loam,mungbean
27.74123529116125,79.21212958767613,172.77294440947202,5.910299984655375,130.71,106.27,179.61,2.2,Silty Loam,chilli
28.9,75.5,128.3,6.92,34.72,41.75,62.96,2.37,Loamy Soil,mungbean
33.7960155,93.00754254,182.026807,6.986413574,81.79,147.864,145.59,2.1,Loamy Soil,papaya
26.516017937088346,80.10197695010643,57.21876607107851,6.156216461353626,59.8,58.0505,48.17,1.96,Peaty Soil,watermelon
29.2,65.5,50.2,6.3,29.87,56.08,82.48,1.05,Sandy Loam,peanut
28.5,78.9,295.7,6.61,87.27,51.14,94.24,2.84,Loamy Soil,chives
27.78553894891654,51.84171061652417,122.34754143461613,6.440234227988739,62.64,51.66,67.27,1.23,Acidic Soil,coffee
26.058360292909985,57.916102554197174,189.740809128928,7.227467291339601,64.08,96.86,135.79,1.97,Neutral Soil,coffee
23.4123707,52.26994674,139.3670753,6.869720196,59.605,144.45645,144.74486,1.69,Loamy Soil,coffee
27.248865364601983,68.92550768210614,191.4891227430701,6.427199692035924,69.611,62.5,80.37,0.84,Acidic Soil,coffee
29.4,68.7,84.9,6.28,108.1,69.03,104.29,2.18,Loamy Soil,shallots
25.913486258340384,76.60361785623479,184.16827842346734,6.032301767387105,128.91,90.42,191.58,3.53,Loamy Soil,cabbage
30.02028217920477,86.31996159521063,57.34202529126568,7.107181453999605,57.241,146.15454,92.99,2.06,Loamy Soil,mungbean
27.78976030488009,81.52241085429131,236.44597357049736,6.642114491001351,128.39,90.5,150.29,3.37,Silty Loam,cabbage
26.450200023409717,80.70366492043063,120.03281175209636,5.925553912812859,65.05,53.55,53.02,1.69,Peaty Soil,banana
26.380033313698508,80.43331314751009,273.1624812467331,5.885058931372412,80.86,51.42,72.92,2.35,Peaty Soil,rice
25.548484470433156,64.29818878460037,38.01783550290539,6.424307002243274,87.52,65.04,114.08,3.32,Sandy Loam,shallots
29.279204887729136,60.84707471974368,227.89392017243702,5.189831790386113,29.0,15.0,48.0,683.0,Loamy Soil,cassava
35.47478322,47.97230503,97.79072474,6.279133738,59.25,49.96,58.09,1.54,Acidic Soil,mango
27.896089911794082,87.79720801063826,44.94579737042431,7.213355963865164,54.82,147.79828,72.66,1.09,Loamy Soil,mungbean
27.779612312439557,80.07429038459587,107.66646713687095,6.432985156036216,61.31,73.272,61.791,1.42,Acidic Soil,banana
29.3,77.6,190.6,6.21,126.78,86.57,131.03,1.88,Silty Loam,chilli
25.527252028555647,83.56634916356647,231.87168618493342,5.03368401859389,74.88,40.92,56.0975,2.41,Peaty Soil,rice
30.107114341166877,74.41304753707345,167.20409013057258,6.0463046573391335,109.39,108.86,148.15,1.93,Sandy Loam,chilli
25.713649771545114,80.85319623765176,49.44112755016424,6.911275998985752,54.41,146.812772,105.61,1.25,Loamy Soil,watermelon
28.09,61.01,232.06,5.39,36.0,21.0,23.0,618.0,Sandy Soil,cassava
26.55995722986396,58.767363629490376,71.38006274376673,6.817581649064722,51.0,33.0,45.0,792.0,Loamy Soil,sweetpotato
26.50676962357743,61.10333120056503,120.34383853913594,6.618994528474749,23.0,22.0,26.0,670.0,Loamy Soil,cassava
19.656753257927683,61.56690938293761,99.16095075829682,5.735659944853051,54.81,43.47,48.58,0.52,Acidic Soil,maize
27.71047963576638,61.59792129006893,191.03120090729314,6.600473133160371,20.0,21.0,24.0,733.0,Sandy Soil,cassava
32.66684629997718,65.8514491797606,79.84544807605695,6.081017912706505,16.52,67.86,70.89,1.11,Loamy Soil,peanut
31.55079981905657,67.97132448483458,192.35032579720456,6.9200213909266735,25.75,44.68,78.01,1.65,Silty Loam,soybean
27.66603954501814,69.17309584976283,101.33218581400168,7.345313605053623,67.01,64.56,119.6,2.94,Clay Loam,garlic
23.83067496,84.59609431,290.7103425,6.271478838,83.52,64.93,94.64,1.64,Peaty Soil,rice
24.142524323461448,71.31381838190312,189.49524544468665,6.265158622288049,147.85,112.58,165.68,2.83,Silty Loam,chilli
24.63301639,57.46002044,196.3929842,4.831051099,65.44,37.95,52.07,0.63,Acidic Soil,tea
31.323514039231142,90.1622101603508,109.08367187404048,7.072127201872194,66.07,144.3665,142.20717,1.05,Neutral Soil,orange
24.692440839680415,69.98645214611336,77.20329541816734,5.795792867872335,54.4,45.45,46.01,2.17,Acidic Soil,maize
24.048387901829717,74.87365884434705,59.8135325267821,6.563903770512816,74.19,58.92,134.81,2.24,Silty Loam,garlic
28.611820606335815,62.4944766600275,243.29929145173043,6.389454959624104,27.0,21.0,36.0,623.0,Loamy Soil,cassava
28.53,63.95,168.13,7.1,28.0,29.0,32.0,714.0,Sandy Soil,cassava
29.24908541,90.32731875,25.93496537,6.069171847,53.8,59.03,43.71,0.93,Acidic Soil,muskmelon
37.54881655327108,90.49137342779383,172.9354656216559,6.8903774611595745,85.44,144.475,143.387,0.69,Loamy Soil,papaya
22.9,78.4,215.7,6.57,89.32,47.58,90.08,3.23,Silty Loam,chives
21.244683515681547,56.612783182174184,107.01373629891363,6.089000982235314,37.0,22.0,33.0,704.0,Sandy Soil,sweetpotato
25.9,59.27,109.95,5.95,30.0,22.0,41.0,741.0,Loamy Soil,sweetpotato
17.289102186479713,92.1039773143095,111.22608330719761,6.529034599873176,58.83,87.85,72.84,1.68,Loamy Soil,orange
26.35666266047526,58.130215338538875,106.33366986605739,6.387147526170812,33.0,34.0,32.0,689.0,Sandy Soil,sweetpotato
24.6129118,70.4162444,104.1626147,6.600827017,60.03,82.92,74.79,2.03,Neutral Soil,maize
22.065228186497237,72.99537035293251,106.85260174813358,6.765188119414807,61.59,138.18,109.67,0.97,Neutral Soil,maize
27.968370468690058,63.48424728392853,184.60070333586035,4.448998904040781,27.0,26.0,46.0,707.0,Sandy Soil,cassava
25.34217103,63.31801994,74.52082026,6.330554389,56.64,58.37,54.84,1.15,Acidic Soil,maize
31.313219582173573,80.00481186160599,121.45688319298006,6.389179693502536,24.85,46.87,66.4,1.78,Sandy Loam,mungbean
18.41932981,64.23580251,76.41312437,6.474476516,55.02,66.67,59.39,2.26,Acidic Soil,maize
29.38911124872554,65.58036505749361,88.53719311283385,6.3918698638095615,29.87,56.71,84.84,1.87,Loamy Soil,peanut
28.510478886414386,88.22077223599227,44.60339507502184,6.748963170884284,54.22,145.85,66.77,1.22,Neutral Soil,mungbean
29.579759247366397,94.76253645090753,22.13227334039037,6.097484738864086,52.37,56.8005,43.316,0.53,Acidic Soil,muskmelon
26.65069302,57.56695719,145.105065,6.35118177,62.37,56.62,69.82,1.85,Peaty Soil,coffee
25.61751502841011,75.7107483479385,102.0126366478245,5.655350234356086,64.09,46.388,47.72,2.08,Acidic Soil,banana
20.7486356539126,83.54878812167564,263.33734577003423,5.663287725531175,71.5,49.82,68.88,1.79,Peaty Soil,rice
24.885086647224234,57.594938071064746,245.1817843843635,5.010912355026834,66.67,39.37,54.4215,0.99,Acidic Soil,tea
26.05375792,93.69111672,240.4899322,6.742490027,82.64,139.15,140.9094,0.71,Loamy Soil,papaya
28.3340432,80.77275974,38.7976407,7.034214276,54.93,146.0588,144.764698,0.97,Neutral Soil,mungbean
19.84939404,61.24500053,100.7689246,5.730617109,56.81,44.47,50.58,0.52,Acidic Soil,maize
23.685946913001505,75.00953761334974,196.4069292268725,6.180031251251262,130.37,109.72,187.12,2.92,Silty Loam,cabbage
26.511734107115135,85.50754657158578,183.55820693279009,7.07730789117846,74.93,145.45895,143.872,1.24,Loamy Soil,rice
33.081004749763885,69.88780278660445,165.0752151820519,6.118679509332191,35.08,57.26,64.72,2.17,Silty Loam,soybean
24.548657533682945,74.0648274655778,117.94232818359204,5.664729705773024,141.14,87.55,161.4,1.86,Loamy Soil,chilli
26.40916966482409,57.181537867824424,107.10218028452623,6.4053699535253585,29.0,36.0,30.0,689.0,Sandy Soil,sweetpotato
28.389014630148864,73.98519681167892,87.09746384532954,7.217646634841617,109.47,52.08,136.64,3.78,Loamy Soil,garlic
29.626577717622656,71.24096741435835,56.255278415398095,6.732366173513213,91.13,76.56,112.06,3.37,Sandy Loam,shallots
27.36196150976125,83.61046787841354,108.70765357813491,6.588064099329462,141.06,95.61,153.71,2.18,Sandy Loam,chilli
27.8640132,80.4513142,42.83053902,6.852884643,55.33,140.41925,78.82,1.92,Neutral Soil,mungbean
27.484454070330084,64.10653522645916,187.39445909290743,4.616880790188561,28.0,20.0,48.0,654.0,Sandy Soil,cassava
30.12188510656652,70.37948940507736,82.01698356463217,6.6333020351758565,34.91,38.29,61.47,1.56,Sandy Loam,mungbean
27.2135653096445,61.50338900074475,64.2208489907076,6.219679136100554,106.28,62.41,137.77,2.2,Silty Loam,shallots
27.32521049281422,90.53915303399852,237.71198897983808,6.545684822791394,86.16,95.64,116.69,1.2,Neutral Soil,papaya
28.84355743520306,61.824895497225725,173.5664040134608,5.24867985296706,39.0,18.0,22.0,809.0,Sandy Soil,cassava
30.55195355708055,61.11177978644858,79.71423274837639,6.477002592506419,92.59,88.63,135.76,3.2,Loamy Soil,shallots
28.28250762271039,91.36330354620473,20.494817825047942,6.260718007659902,50.07,65.97,41.71,2.26,Peaty Soil,muskmelon
24.7,87.5,211.5,6.44,141.03,98.12,154.48,3.04,Silty Loam,cabbage
26.20075207,64.39173836,188.0693552,4.619012059,67.79,38.19,50.53,0.72,Acidic Soil,tea
25.86824781,78.52399914,116.3019555,5.74055541,63.12,48.7,52.31,1.83,Acidic Soil,banana
22.992659362149304,51.87361193473047,182.43442363825156,6.103298842216212,58.88,47.0205,62.989999999999995,1.31,Acidic Soil,coffee
29.477111613747446,90.88284180485749,26.08342388335981,6.097815392628832,51.71,64.43,42.05,0.6,Acidic Soil,muskmelon
21.796421926281376,80.24006580121444,223.9799129471322,5.940399107021752,69.87,51.0,70.62,1.1,Peaty Soil,rice
32.73053443959301,71.65759808782232,88.40502575633394,5.765829081259609,31.55,61.51,80.0,1.42,Loamy Soil,peanut
22.3,78.8,169.0,6.47,82.96,58.83,70.65,3.24,Loamy Soil,chives
23.433122634362284,59.03543455305308,184.78628761632714,6.001696425319114,63.489999999999995,47.34,65.67,1.96,Acidic Soil,coffee
29.83040388,89.30428305,58.5465992,6.32400451,58.241,69.63,51.61,2.24,Acidic Soil,mungbean
25.977458549599124,53.00833138617301,138.658258746818,7.209451350828553,58.33,114.88,135.38,0.79,Neutral Soil,coffee
28.674861884596982,93.57399548784412,22.610894018389853,6.398103236885472,51.63,73.34,43.0,2.46,Acidic Soil,muskmelon
29.67966387449053,72.9282905593091,106.77990877713283,7.069348076067999,30.009999999999998,47.15,66.91,2.17,Loamy Soil,mungbean
24.401102068977888,68.65021228312926,34.31945372798909,6.565233995276996,87.52,87.42,150.25,3.1,Silty Loam,shallots
26.128844499694036,79.01292304530661,240.47231118070604,6.184352356688,135.0,119.45,118.48,3.08,Silty Loam,chilli
28.20480805,92.91440379,20.75707821,6.099662369,52.97,60.96,43.316,0.64,Acidic Soil,muskmelon
26.1,68.4,98.2,6.35,94.58,83.6,105.83,2.41,Sandy Loam,shallots
25.23330096,61.7974651,200.4758668,4.612578977,67.37,37.77,51.2,0.87,Acidic Soil,tea
24.52922681,80.54498576,260.2634026,7.070959995,78.57,146.9271,144.82815,1.07,Loamy Soil,rice
33.88004781,54.39416048,89.97405421,6.273953676,59.14,52.48,56.4,2.15,Acidic Soil,mango
24.3,70.3,247.1,6.51,101.72,81.19,150.45,2.62,Loamy Soil,chilli
27.21776526585356,92.49937735586535,22.850438431082964,6.230192600774548,55.16,64.59,43.65,1.65,Peaty Soil,muskmelon
29.33968288423329,91.62281671876516,27.655507671266623,6.57523708089513,52.3405,101.5,48.85,0.57,Loamy Soil,muskmelon
21.72328562,61.19266527,164.9584071,4.848392144,62.18,38.53,50.22,2.0,Acidic Soil,tea
24.1,67.8,35.5,6.57,84.52,87.42,149.25,3.1,Silty Loam,shallots
22.39821333847524,84.23445453708176,193.92794163273672,6.509959081700524,69.43,93.39,104.57,1.52,Loamy Soil,rice
25.430919564575472,70.13161516354305,157.94052676440785,5.997620521016444,23.24,48.96,70.57,1.75,Loamy Soil,soybean
25.2827223,80.54372813,220.1156708,5.453592032,74.9,45.63,58.98,2.25,Peaty Soil,rice
27.04228053304491,69.46463001983064,47.830894688404,6.87150773866352,103.77,63.75,123.51,2.73,Silty Loam,garlic
23.51,55.19,109.64,5.92,38.0,35.0,39.0,692.0,Loamy Soil,sweetpotato
28.96487394213345,71.83408208397988,102.978687890584,6.002230178075272,146.8,97.27,163.55,1.97,Silty Loam,chilli
26.59743595,79.35898915,107.3944717,6.21084479,62.59,60.17,58.15,0.53,Acidic Soil,banana
27.161315239633293,88.2097009143778,264.5591159587643,6.104786356184524,62.04,51.16,86.83,3.82,Silty Loam,chives
29.525067875102867,72.09629573064637,51.391657986324084,6.5096588365862695,87.02,70.11,120.87,3.15,Sandy Loam,shallots
27.60600599015133,51.847799057603964,99.09930759614677,6.55830704951061,61.05,58.61,67.48,1.78,Peaty Soil,mango
25.77,61.02,238.12,5.09,24.0,24.0,42.0,800.0,Sandy Soil,cassava
26.04575518989025,65.69356301787448,171.55706322505984,6.190467969199849,26.95,45.83,66.73,1.65,Clay Loam,soybean
23.89114571,57.48775781,102.8301942,5.893093135,57.85,45.58,52.39,2.09,Acidic Soil,maize
26.585100927090174,58.75196232254376,71.4159634055005,6.919444004014974,46.0,32.0,42.0,792.0,Loamy Soil,sweetpotato
29.69238699,92.58862544,28.99196777,6.606033244,54.3405,100.5,49.85,0.57,Loamy Soil,muskmelon
25.93730186,78.89864446,98.21747528,5.915568968,61.17,51.83,52.08,2.39,Acidic Soil,banana
27.359772999326644,55.79705274674551,131.05064676989485,6.3446279497323035,58.1,52.93,64.8635,0.64,Acidic Soil,coffee
24.040793291576012,57.00636039687951,103.82032294252309,5.63450520900831,48.0,33.0,37.0,700.0,Loamy Soil,sweetpotato
19.802451139948698,91.25925619479847,99.96106950036501,7.696137041132129,60.91,64.54,57.48,1.77,Peaty Soil,orange
31.967786246190215,90.28821369125134,106.76625310918344,6.358182245036763,69.01,81.78,66.57,0.68,Acidic Soil,orange
29.163508155659517,82.49439924571558,151.74153547584345,6.94440080214992,82.68,53.77,91.56,2.79,Silty Loam,chives
20.936000639313484,84.4646430069065,278.31315910248435,6.989488270596347,75.82,142.233,146.520955,0.96,Loamy Soil,rice
25.16886958985889,89.90723824416216,58.04266504724841,6.722885476821925,56.13,149.19,72.34,0.56,Neutral Soil,watermelon
38.94941225062239,90.7769429597681,63.32619297316996,6.618502619501876,61.36,122.47,69.06,2.28,Loamy Soil,papaya
28.40890598361575,70.80147631541733,32.68469606599489,6.00806522731694,97.63,84.89,116.83,3.34,Silty Loam,shallots
29.275721981438455,63.40541211719418,128.13050057652498,7.2915610142794955,26.0,20.0,45.0,690.0,Sandy Soil,cassava
25.88281946575285,59.75817087790742,95.80377974557207,5.909706974087085,34.0,37.0,36.0,715.0,Sandy Soil,sweetpotato
28.8,84.6,106.0,6.77,24.81,41.05,51.5,2.29,Sandy Loam,mungbean
22.283582955008715,81.18153876002258,259.2520237244068,7.25414641445188,78.07,111.06,147.43543,2.28,Loamy Soil,rice
26.042330644471374,83.10125677086303,265.25356430190203,7.127761801563327,79.97,142.17,144.84405,1.75,Loamy Soil,rice
23.58,58.98,111.96,5.54,34.0,22.0,43.0,733.0,Loamy Soil,sweetpotato
23.060703565151837,55.36850189615583,171.02388746925953,5.9940321386299384,62.3,48.0205,64.8635,2.11,Peaty Soil,coffee
24.980644815152573,71.85518266166595,50.21146058675707,7.014552364063193,81.94,56.35,109.75,2.93,Loamy Soil,garlic
29.767920034798546,46.73410526315819,97.31093296242537,4.622105107849555,54.54,38.324,44.53,1.57,Peaty Soil,mango
24.55007487923643,90.7381027738317,206.55582642494974,6.158468211344694,178.23,114.24,184.85,3.25,Silty Loam,cabbage
25.866874430356514,86.1342383516953,52.845416200704484,6.496670694765146,53.79,84.49,54.92,2.19,Loamy Soil,watermelon
29.080018428803022,82.88969050946568,212.07395099175653,6.215442510286567,90.65,45.2,93.21,2.97,Silty Loam,chives
26.322524489932647,84.06866601354697,271.75278619195905,6.216713471879205,84.4,66.34,90.71,1.21,Peaty Soil,rice
27.423536513184185,62.523236023516105,140.71448889635752,5.458554803607014,35.0,30.0,47.0,602.0,Loamy Soil,cassava
26.538587780698027,61.33218073591762,142.3858850431586,4.446632111311162,35.0,19.0,48.0,736.0,Loamy Soil,cassava
27.125070893293174,71.27605891053496,55.821161871587165,7.258999188195139,79.15,54.66,132.13,2.36,Loamy Soil,garlic
27.24003917501834,89.29495114826841,193.20433442238624,6.492521898046061,157.94,114.2,170.07,3.1,Silty Loam,cabbage
16.949834452048126,91.65477747186839,110.95523939501841,6.631439816389545,59.83,87.85,74.84,1.68,Loamy Soil,orange
23.533167444286125,89.92523606856214,100.94654617595424,7.276667806686393,59.34,103.12,75.48,2.15,Loamy Soil,orange
21.843032201487606,58.25169643260247,162.87987043438818,4.762044182905234,58.687,38.01,49.23,1.53,Acidic Soil,tea
26.589391252123054,59.05650901044312,71.77040106834932,6.805921445938777,47.0,36.0,43.0,792.0,Loamy Soil,sweetpotato
25.62833350512359,79.22285418990312,222.78409605769752,6.353748225267724,164.1,99.81,180.26,2.9,Silty Loam,cabbage
23.96147583,90.26408017,102.6958703,7.365338111,62.34,104.12,77.48,2.15,Loamy Soil,orange
26.731567587066408,90.59559733172313,59.54424645474912,6.514902501157376,60.6525,83.97,55.74,1.24,Loamy Soil,watermelon
26.150290823108936,81.33842201630142,41.15137898105762,6.959026713748897,53.03,142.8728,122.01,1.69,Neutral Soil,watermelon
29.8,64.8,85.3,6.69,109.18,61.39,125.07,2.47,Sandy Loam,shallots
32.9,70.9,88.0,5.84,29.55,59.51,78.0,1.42,Loamy Soil,peanut
26.514319555134623,72.00277237804924,61.57190965036964,6.816347305036474,75.98,71.69,111.34,3.64,Silty Loam,garlic
27.817633315992893,86.08983025401942,39.53922784749396,6.683673099460341,52.21,93.81,52.28,2.09,Neutral Soil,mungbean
26.131318080038188,71.94585533629193,298.18386080353986,6.041542217758453,86.08,57.15,94.99,3.94,Loamy Soil,chives
27.11030175,84.34262707,55.296354,6.635968698,57.0,99.51,60.25,1.28,Neutral Soil,mungbean
35.5209950943566,49.96281850912407,99.35021868089696,6.09138211025767,58.48,47.79,54.58,1.2,Acidic Soil,mango
36.03571760798198,92.7628585746949,139.59578638734695,7.063366646847522,77.51,148.08977,145.2852,1.78,Loamy Soil,papaya
25.980357671009187,79.5748499882675,163.01184442743715,6.606091228370677,145.44,117.03,138.8,2.46,Loamy Soil,chilli
28.8,73.9,116.7,6.44,39.87,45.28,74.01,1.6,Loamy Soil,soybean
24.3,79.2,122.5,5.79,107.41,89.22,179.27,2.78,Sandy Loam,chilli
28.452569856185256,78.98909479390515,144.48904004428417,6.36317160136613,27.38,41.71,62.59,2.01,Sandy Loam,mungbean
24.7,68.3,52.4,6.82,100.09,60.99,120.88,3.31,Loamy Soil,garlic
28.59332947579486,83.41251340308946,37.03913398544953,6.304583886600229,55.88,66.78,47.36,1.98,Acidic Soil,mungbean
24.9,73.7,73.4,6.28,97.38,87.36,112.48,3.13,Loamy Soil,shallots
27.58103975,61.26002598,194.9221468,6.777417989,67.611,112.57,149.0319245,1.44,Loamy Soil,coffee
28.46532316615439,90.79967114229537,22.881934925037317,6.434874860056177,54.42,79.44,43.45,1.12,Acidic Soil,muskmelon
25.2,60.91,189.93,5.61,31.0,22.0,49.0,697.0,clay,cassava
22.30157427,80.64416466,197.9791215,6.043304899,69.78,55.29,67.59,1.28,Peaty Soil,rice
27.9,71.0,225.4,6.0,60.54,42.04,94.17,2.72,Loamy Soil,chives
27.58103975,51.11044023,122.8392822,6.351823783,59.64,53.66,65.27,1.23,Acidic Soil,coffee
29.28499888575398,91.19253239563753,20.48201040893,6.450856911688151,52.15,87.85,47.23,1.59,Neutral Soil,muskmelon
32.66160599,90.78931681,78.85085502,6.927803911,62.99,146.501,146.061,1.19,Loamy Soil,papaya
33.0,66.9,178.3,6.71,33.39,58.05,71.04,2.71,Silty Loam,soybean
26.207734939461936,89.2121827553324,272.88522478958686,6.049782139631894,66.89,46.06,99.33,3.95,Silty Loam,chives
25.90113128,80.47152737,110.10323,6.002481605,62.75,54.2,54.72,1.57,Peaty Soil,banana
29.63822052850398,79.92441888411365,204.82770210102342,6.166453856355861,88.51,52.23,90.41,2.97,Silty Loam,chives
11.02134028,91.22320999,106.362551,6.465913274,56.2595,81.24,66.55,2.32,Acidic Soil,orange
27.817570065907137,86.63230840256614,45.76053148100745,6.4401206340561945,52.98,72.84,47.37,2.06,Acidic Soil,mungbean
29.538996192156276,47.77411345216067,98.433684307798,4.744190133787033,58.54,35.324,46.53,1.57,Peaty Soil,mango
25.52876602023184,85.49955064169002,169.4650830393262,6.029022389638074,135.38,108.34,151.86,2.79,Silty Loam,cabbage
28.011097123404877,90.10873262595787,26.98506172439438,6.748485390351186,54.51,134.65,54.98,0.56,Loamy Soil,muskmelon
29.219875622994028,68.37071787531266,69.6978475971386,7.144295105105688,90.04,69.16,92.68,2.85,Silty Loam,garlic
27.540092465091906,70.1234523145393,75.78635756401269,7.249748983936655,97.18,69.52,137.78,3.23,Clay Loam,garlic
27.612878256007672,74.7365870148772,287.7502653036458,6.32647785511331,85.14,41.94,69.45,2.5,Silty Loam,chives
25.07779101263989,56.58728099825213,78.24995672096864,5.888634080107863,55.1,43.89,46.62,1.63,Acidic Soil,maize
25.2,86.6,215.5,6.72,128.09,114.33,173.82,3.44,Loamy Soil,cabbage
24.5,79.3,223.9,6.55,123.42,119.17,196.02,2.61,Loamy Soil,cabbage
25.67494505432293,67.26284632115609,73.26151999063681,5.599813570660915,59.16,45.91,46.85,0.65,Acidic Soil,maize
24.140687310616276,57.86210809173056,204.07518365205618,4.498824155284015,64.14,37.25,50.29,2.48,Acidic Soil,tea
22.673297219402336,84.50469657426373,236.1565595682184,6.634214667686595,139.63,112.85,160.12,3.24,Loamy Soil,cabbage
31.20478173,54.39642503,94.62954663,6.804437106,58.94,113.6,104.52,2.02,Neutral Soil,mango
27.172277830671195,55.046947962324616,179.15365742838742,7.034829713569503,67.82,146.11743,148.5169,0.52,Neutral Soil,coffee
28.50775789255005,71.61660900212689,192.9157336234891,6.4455195269272085,90.86,44.56,93.24,3.15,Loamy Soil,chives
24.64576152421834,76.5883255095356,142.37711519836222,6.58249534984518,132.54,101.08,154.59,2.88,Silty Loam,chilli
26.36629861,52.25738495,177.3176161,7.456460375,63.57,64.35,91.79,1.44,Loamy Soil,coffee
24.67059278671982,79.6574608102764,49.028395752186434,6.355793997202275,52.64,65.14,48.51,0.52,Acidic Soil,watermelon
25.304792675991898,83.49630601697429,204.6120668861799,6.926430566110028,71.84,148.452,138.2401,1.76,Loamy Soil,rice
27.690150054682825,62.007422235828344,181.1569420230566,6.149007578843456,64.46,52.53,66.61,2.39,Acidic Soil,coffee
26.875495572478357,66.16153514687669,96.85457893993174,7.260430845305466,94.4,58.26,137.07,2.8,Clay Loam,garlic
30.491871911790938,76.13033504466328,130.26096127282156,6.55779586413061,21.26,46.66,66.72,1.8,Sandy Loam,mungbean
22.572801760045873,80.42806919072643,207.05886210360325,6.617285259144718,135.21,106.69,158.58,2.89,Silty Loam,cabbage
31.1,71.8,66.5,6.08,25.0,69.79,75.14,2.09,Loamy Soil,peanut
33.9,66.3,119.7,6.04,17.18,56.13,75.82,1.49,Loamy Soil,peanut
29.080863560983424,84.30066646559159,56.863697442166576,6.890047870921741,58.08,147.542,86.76,1.97,Loamy Soil,mungbean
28.520719802647452,71.97703597683947,89.21402054447262,6.990874788684768,23.53,35.85,53.14,2.47,Loamy Soil,mungbean
26.914560207108703,89.91783592969482,59.46678789693941,6.5649190362217995,59.6525,85.97,54.74,1.24,Loamy Soil,watermelon
29.225229332021858,78.26861291070455,185.14426194641604,6.4243272267549205,85.55,51.18,96.07,3.04,Loamy Soil,chives
21.36,58.83,101.49,6.72,36.0,36.0,49.0,868.0,Sandy Soil,sweetpotato
28.726716647625228,63.314287779239876,168.27055776350164,7.12982876053461,25.0,29.0,31.0,714.0,Sandy Soil,cassava
24.572243562371273,81.52461450165144,267.5599959996662,5.977760824872594,80.01,51.57,74.05,0.85,Acidic Soil,rice
18.75359851396211,74.4446292572344,95.33856462823132,6.009948732325703,55.41,53.64,51.85,1.51,Acidic Soil,maize
24.53442564,88.989272,49.11618732,6.140099215,55.96,61.05,47.62,2.07,Acidic Soil,watermelon
23.750031193688564,61.35153671883055,108.61286258621844,5.940420739065531,58.61,45.42,51.68,1.93,Acidic Soil,maize
28.52379742,92.09688432,28.99196777,6.041027474,54.3405,58.81,44.15,2.09,Peaty Soil,muskmelon
25.26052689,90.31153735,117.3695296,6.822282114,64.88,145.232233,128.06,1.52,Neutral Soil,orange
26.840392512433265,91.10381707594898,21.882162207566516,6.20911316330939,53.22,60.22,43.6,1.17,Peaty Soil,muskmelon
26.34433515900942,81.80916352313466,50.22273694356599,7.022100610909263,54.2,145.812772,122.920105,1.6,Neutral Soil,watermelon
31.226952660884425,93.05671081368568,61.94862948612295,6.479518989669341,61.38,85.9855,59.848,2.31,Neutral Soil,papaya
26.80750629,88.22874955,58.79889057,6.429788073,57.6525,76.42,53.75,0.66,Acidic Soil,watermelon
30.329189985919967,77.83577464341252,81.27533207816877,6.719831242609139,27.53,37.4,67.33,1.51,Loamy Soil,mungbean
14.34320488,94.35734702,110.2223123,7.855446235,58.29,58.7865,55.1455,1.11,Peaty Soil,orange
24.1,89.1,245.0,6.64,132.56,100.9,192.06,2.83,Silty Loam,cabbage
27.6557178,64.39173836,236.1903173,4.562971903,71.6445,37.95,52.92,1.15,Acidic Soil,tea
27.799310439181923,85.36271184565055,40.47555019062838,6.4648594265210395,53.26,77.17,48.36,1.58,Acidic Soil,mungbean
25.795446848948714,67.7146425958385,73.77105767624641,5.6319099767986,54.16,42.91,44.85,0.65,Acidic Soil,maize
29.352021574542572,65.84777531953894,36.45660985425505,6.322624776410579,89.15,78.56,142.82,2.62,Loamy Soil,shallots
26.0,69.7,50.8,6.68,91.7,53.96,122.01,2.68,Clay Loam,garlic
32.45465292,50.69693751,95.04871605,6.526654345,58.69,62.13,66.77,1.9,Neutral Soil,mango
24.171843612762288,82.62574237706521,167.93316308208173,6.441956179114544,137.2,119.31,169.08,2.67,Loamy Soil,cabbage
22.583460093789107,88.36670348633321,189.12615878754067,6.119238800897843,161.28,104.11,192.5,3.05,Silty Loam,cabbage
32.89317527681942,70.12782219079047,92.5778129095238,5.9523020859744555,15.11,70.17,86.52,2.09,Loamy Soil,peanut
28.30041493,86.20681554,50.47333854,6.86308576,56.84,148.807266,89.15,1.81,Neutral Soil,mungbean
28.79725553493593,75.64302662836806,85.16913472585641,6.501671880130628,29.39,28.26,68.86,2.07,Loamy Soil,mungbean
27.27707089243428,75.33153902567892,98.6386384955313,6.604019896110603,99.54,83.82,116.67,2.93,Silty Loam,shallots
23.0920660100351,57.31572960499511,78.68868262078816,5.694854813457309,40.0,26.0,35.0,846.0,Sandy Soil,sweetpotato
25.73593926614583,62.70707720518704,163.4076627458104,6.413058804797698,31.0,27.0,47.0,771.0,Sandy Soil,cassava
21.417092045368747,60.36185438165219,69.03795543075427,6.523615837143037,57.01,63.76,54.21,1.97,Acidic Soil,maize
22.8,76.6,185.6,6.86,66.38,48.15,76.19,3.54,Silty Loam,chives
29.21144871,84.51753456,108.5501443,6.158164422,64.92,60.18,57.19,2.2,Acidic Soil,banana
26.63838589,84.69546874,48.32428609,6.189213927,56.06,61.34,47.95,1.35,Peaty Soil,watermelon
30.204569131382794,81.48948929202929,108.8884669560107,6.716574744678617,144.37,113.66,125.68,2.74,Sandy Loam,chilli
24.942949826604988,80.39410643050287,150.7862331689907,6.640727015142858,149.55,114.07,195.21,3.68,Loamy Soil,cabbage
28.7,75.8,214.5,6.09,101.29,92.12,132.55,2.05,Loamy Soil,chilli
29.06631494,83.6869203,43.95183726,6.626629798,55.94,97.24,55.7,2.0,Neutral Soil,mungbean
28.59052369,91.33617236,28.99196777,6.094016338,54.27,60.24,44.33,0.93,Acidic Soil,muskmelon
29.22690969412301,68.63932434378489,42.916581860233876,6.5539296399800655,94.02,65.92,140.48,3.58,Silty Loam,garlic
28.842332253496902,86.23612701820123,50.56477045311007,6.42124553444082,57.29,74.96,52.82,0.54,Acidic Soil,mungbean
28.68275966,92.50969311,28.99196777,6.150686364,54.29,62.68,44.57,2.38,Peaty Soil,muskmelon
23.5,79.5,175.0,6.9,83.74,48.19,98.86,2.88,Loamy Soil,chives
29.197270453369384,69.97427798023045,110.62250938994833,6.212483498961532,25.29,52.28,83.26,1.65,Sandy Loam,peanut
24.94704288310205,71.84410492227316,209.80204980095684,6.440875159736184,76.08,61.98,81.96,2.62,Loamy Soil,chives
26.1387869,52.26311691,136.3027766,7.432322234,60.34,66.27,82.04,0.71,Neutral Soil,coffee
25.60291651784397,80.38700060116442,49.30088871658496,6.322774139409739,55.67,63.099999999999994,48.25,0.97,Acidic Soil,watermelon
28.71510199476313,93.95533383424453,23.905833567807317,6.834315544638976,50.43,132.7555,50.02,1.17,Loamy Soil,muskmelon
31.6,74.1,55.4,6.02,15.13,50.64,71.49,1.03,Sandy Loam,peanut
25.81561019,61.37751661,170.8665609,4.907115439,65.04,38.8,50.89,2.25,Acidic Soil,tea
29.178330360033787,74.15664530015094,123.35433871983432,6.987412303680184,25.74,35.45,66.96,2.09,Sandy Loam,mungbean
25.4,72.8,126.0,5.88,122.25,85.33,177.97,1.85,Loamy Soil,chilli
21.928570819843234,79.74304796463042,196.8940077248877,5.98246072168795,70.78,56.29,68.59,1.28,Peaty Soil,rice
34.99056682712454,48.94542060566937,97.28967207052618,6.304466206918637,56.25,51.96,60.09,1.54,Acidic Soil,mango
25.72482841038239,66.57283180539653,133.27312690705818,6.927932786480059,32.7,57.53,78.04,2.03,Loamy Soil,soybean
27.7058373,92.91185695,22.06207161,6.194090172,53.16,64.59,43.65,1.65,Peaty Soil,muskmelon
27.278104378129232,79.29306503552064,239.79017924334275,6.244169418560768,143.24,106.07,185.31,3.34,Clay Loam,cabbage
31.88685902741214,49.20741708482602,92.4841588707832,6.826084138757251,59.99,115.824,108.787,1.46,Neutral Soil,mango
29.69709551420292,85.02900968362228,39.69125182080943,6.6944300568315915,55.75,146.5971,65.38,1.55,Loamy Soil,mungbean
26.668181095651544,74.26223872471554,145.44093605420096,5.96635907542754,138.31,106.41,122.69,2.39,Loamy Soil,chilli
25.62837930402166,75.59744781536955,153.9175066565252,6.44088872019726,78.81,49.76,99.55,2.81,Loamy Soil,chives
27.39489579,83.31172003,92.78133617,5.719014989,61.76,49.51,49.66,1.65,Acidic Soil,banana
21.415893418094697,82.83710678595534,277.9209659792695,6.188751443127685,79.47,62.07,87.12,1.6,Peaty Soil,rice
23.649146533398532,93.24507899804644,88.93412436204146,6.92593346723881,59.79,141.94374,143.5224,1.95,Neutral Soil,papaya
24.030018503158317,88.94118554098986,244.65891611654834,6.638583023251735,129.56,101.9,193.06,2.83,Silty Loam,cabbage
24.974750319653072,52.10683458297867,194.7813089408055,7.295430365654361,60.92,96.62,143.0486,0.83,Neutral Soil,coffee
26.24,57.29,121.23,6.04,49.0,21.0,48.0,842.0,Sandy Soil,sweetpotato
21.811942752779753,85.34806160497662,271.35393218926765,5.787352416427368,75.55,50.68,72.88,2.1,Peaty Soil,rice
33.08706051,92.25197542,88.1300769,6.770384816,64.94,149.099313,91.18,1.07,Neutral Soil,papaya
26.096304522207713,87.18034993761972,58.739567375330175,6.479684207386907,54.62,77.28,53.69,1.83,Peaty Soil,watermelon
31.301188180709342,69.65133453163324,67.07198432841192,6.124920697753387,16.84,66.75,79.27,2.11,Loamy Soil,peanut
27.24055856434588,79.41198523911764,178.94572449991793,6.934331555624093,36.17,44.35,62.76,2.59,Clay Loam,soybean
26.2,85.9,173.1,6.35,155.89,86.79,173.46,3.87,Silty Loam,cabbage
28.575176728013364,82.925306719776,57.920329604784165,6.929768136692441,59.46,144.37079,140.38227,2.29,Loamy Soil,mungbean
29.686352793636875,77.99399756487024,100.91784171481127,5.765550243335403,60.73,48.66,50.12,2.01,Acidic Soil,banana
31.772793676291755,72.8964768206138,64.03907262062116,6.494274660910472,23.52,63.5,80.18,1.45,Sandy Loam,peanut
25.653034700190968,80.18875727834045,184.1482633009063,5.7761255050657185,74.31,48.65,57.86,2.26,Peaty Soil,rice
26.433568797696136,73.92077996708343,170.039419648751,6.983461431309408,62.77,46.93,72.45,2.89,Silty Loam,chives
27.868318588353045,92.84034859136916,116.89931556675032,6.504141132218633,65.18,84.9855,71.59,2.31,Loamy Soil,papaya
30.924216821493108,84.57727660517304,129.62335626565317,5.712285021580178,133.92,113.83,177.24,2.11,Silty Loam,chilli
25.1,65.1,53.0,6.68,83.34,69.6,135.06,2.01,Silty Loam,garlic
26.67377159,52.24226285,156.1543898,6.246872394,62.09,50.81,67.65,0.57,Acidic Soil,coffee
30.7645515,47.93791463,90.38503469,5.956027059,57.41,43.78,51.54,1.2,Peaty Soil,mango
20.69342324965548,82.34167152927428,291.8862926277991,7.390622088328543,78.91,91.79,134.59,2.13,Loamy Soil,rice
26.503082391059454,84.4065519134667,286.1117184560047,5.499298756997457,84.536,45.27,68.23,0.52,Acidic Soil,rice
25.075802766358276,59.856856916126404,82.88491560870166,6.84063337818124,36.0,26.0,46.0,788.0,Loamy Soil,sweetpotato
23.409768962171377,59.815997088677285,77.84443646669264,5.7353276899367005,48.0,36.0,36.0,760.0,Loamy Soil,sweetpotato
23.198510458093335,91.53919378375625,113.15051075913863,6.632189037500654,64.12,122.9,91.61,1.33,Loamy Soil,orange
29.32952133275774,72.16708863854302,105.4619318093957,6.651157565526478,76.61,55.98,107.56,2.26,Silty Loam,garlic
32.1517196403038,53.08031053908578,95.32957159209913,5.822021310147816,57.82,43.63,51.76,0.76,Acidic Soil,mango
26.85910358347211,56.241422337954035,155.059921581615,4.993464685477523,60.65,38.41,52.06,1.46,Peaty Soil,tea
11.54785707,94.14861001,108.8289171,7.855446235,56.57,61.11,55.98,0.74,Alkaline Soil,orange
38.87950518491715,91.81852411772009,103.00842101470614,6.810526690216561,70.08,145.264,119.22,1.02,Loamy Soil,papaya
24.753172983420146,83.68930616449134,198.30170137788056,5.2758842413872244,74.07,43.13,59.0975,2.03,Peaty Soil,rice
26.2724184,52.12739421,127.1752928,6.758792552,59.68,94.83,110.3,0.54,Loamy Soil,coffee
28.5,72.0,88.7,7.02,23.53,33.85,51.14,2.47,Loamy Soil,mungbean
29.013331014502295,83.07671687436358,99.0699699484926,6.677240224747617,29.009999999999998,47.57,50.27,2.4,Sandy Loam,mungbean
32.23797837,90.15406807,104.7052254,6.460044778,66.91,80.09,65.86,2.17,Acidic Soil,orange
29.202054415285833,90.1745134697356,28.41967087511419,6.054995930204139,53.28,60.8005,42.96,2.41,Peaty Soil,muskmelon
24.41316415155045,67.84207023744176,62.20373716518058,6.9029457215860965,111.52,55.56,131.31,2.2,Loamy Soil,garlic
25.736737337942742,55.013395539248705,244.82907231736,4.609848912368917,69.3,38.06,53.88,1.82,Acidic Soil,tea
28.067821565949924,72.3228156941382,100.72238770443762,6.357897508083564,20.71,51.72,69.06,1.27,Sandy Loam,peanut
26.858263939877364,82.93374775305259,44.243872250243115,6.491547747107658,55.51,74.89,50.92,0.68,Acidic Soil,watermelon
22.730476696228155,82.63833946933273,166.72820093495173,6.395681632240241,147.56,117.66,153.44,3.34,Silty Loam,cabbage
32.47912706658169,77.56792533398408,128.64292661554435,6.5702238578022465,26.47,59.46,78.75,1.93,Clay Loam,soybean
38.4418717,93.63739039,77.71566883,6.544029776,65.54,91.61,62.73,1.89,Neutral Soil,papaya
19.016234887742087,93.03018683240536,115.48242646178986,7.7688419416610195,62.07,61.93,56.78,0.89,Peaty Soil,orange
18.28214391,71.09445342,88.07753741,5.588426629,56.31,44.95,48.23,2.37,Acidic Soil,maize
24.612333618597294,54.72139510247564,167.6130372826953,6.288081827032436,62.37,52.23,73.31,0.83,Acidic Soil,coffee
26.20240926661163,58.53935724894929,96.30540007143576,5.440477137373047,46.0,27.0,45.0,849.0,Sandy Soil,sweetpotato
26.79,59.98,95.53,6.09,49.0,36.0,36.0,796.0,Sandy Soil,sweetpotato
12.59093977,91.81668769,119.0417975,6.206053072,57.67,64.69,60.05,0.84,Acidic Soil,orange
25.8,69.1,63.4,6.15,119.25,65.46,117.4,3.12,Silty Loam,shallots
25.85036988,81.95580471,118.9970203,5.793260262,64.02,50.37,53.16,1.96,Peaty Soil,banana
23.310876897011852,71.03576813253085,234.44258553786983,7.019510434439764,85.33,48.67,78.22,3.3,Loamy Soil,chives
25.37184543532067,71.64883747869702,43.489355159239906,6.517681595351025,116.18,76.63,118.35,2.95,Silty Loam,shallots
24.33528185,81.44030363,48.32113628,6.762030215,55.32,132.67,67.07,2.42,Loamy Soil,watermelon
29.490110070745825,66.4074369379668,58.84944179442684,6.564092471362814,80.85,88.23,147.9,2.9,Sandy Loam,shallots
28.37834478232983,88.12768297753414,44.321917126256686,6.603833957475589,54.99,95.3,51.8,1.99,Neutral Soil,mungbean
29.2,72.6,98.9,7.29,85.29,55.01,94.61,3.27,Clay Loam,garlic
29.243162201244335,71.83126436861933,88.5222073566293,7.119525311564768,84.14,52.61,104.21,2.73,Silty Loam,garlic
28.44122337861968,78.49348599865691,295.44422180385897,6.65536240321198,85.27,49.14,92.24,2.84,Loamy Soil,chives
29.42156793,78.06762846,99.34482238,5.808497604,62.73,49.66,51.12,2.01,Acidic Soil,banana
26.070765062610427,73.25770373590798,141.26779364445628,6.662092686279864,118.58,103.54,144.31,3.09,Loamy Soil,chilli
33.62284609723857,90.14321196592994,113.8298055844339,7.901291519138938,71.46,65.09,59.7,0.9,Peaty Soil,orange
29.632500089221892,71.50259867343749,84.88937987860032,7.191598183524669,75.19,71.98,91.19,3.18,Loamy Soil,garlic
31.79981492350911,69.52761470269954,132.87687856355288,6.26684156361347,34.55,46.02,74.27,2.37,Silty Loam,soybean
25.001288677190836,84.31949174236611,246.4997683751052,6.655731500059249,162.71,104.66,189.65,2.66,Loamy Soil,cabbage
30.925121074449933,78.20891575814876,220.63463077638397,6.023316076998086,146.95,117.09,144.5,2.06,Silty Loam,chilli
22.985232492820472,58.13456563334237,191.44640102388462,4.907949541321208,67.13,39.45,51.57,0.67,Acidic Soil,tea
28.9470467,82.1888998,95.83016448,5.901100841,62.67,52.44,51.63,1.91,Acidic Soil,banana
27.81536141049825,73.87944977773125,157.38080013172322,6.865505186472575,63.75,54.82,82.19,3.05,Silty Loam,chives
27.174889405015385,76.09269964496772,214.09555140154012,6.110662034608155,154.97,116.69,196.18,2.86,Silty Loam,cabbage
29.302136320735773,90.8479319350542,24.85892830249621,6.143471272795415,51.51,58.23,45.42,1.74,Acidic Soil,muskmelon
25.55148682349444,83.21636918631981,156.79571087273663,6.80562363767091,133.83,83.11,176.23,3.35,Silty Loam,cabbage
29.49401389,94.72981338,26.30820876,6.185053234,54.08,64.87,44.3,1.93,Peaty Soil,muskmelon
25.278054606134084,82.02743321378995,54.35796640237635,6.739204149682495,55.6,148.95205,84.93,0.84,Loamy Soil,watermelon
24.8,70.7,47.7,6.09,96.29,69.14,137.53,3.22,Loamy Soil,shallots
24.71384065,51.29142534,194.9221468,7.238109556,63.92,94.62,145.0486,0.83,Neutral Soil,coffee
32.32362177,52.5896771,93.36718816,5.842763773,58.82,43.63,50.76,0.76,Acidic Soil,mango
29.9,65.7,35.5,6.39,97.21,67.78,114.68,2.58,Sandy Loam,shallots
27.0,75.1,218.3,6.6,128.89,107.57,148.81,2.32,Loamy Soil,chilli
29.777665454500088,89.44099775354788,75.06820393917857,6.918398577543521,58.37,138.18427,98.27,1.37,Loamy Soil,papaya
26.4,78.8,132.5,6.9,33.11,44.96,69.23,1.78,Clay Loam,soybean
24.32744184783212,80.45073293338838,230.20708960158697,6.115221697998852,170.85,102.93,189.27,3.89,Clay Loam,cabbage
26.60719630620424,89.37373673523021,275.5270224869781,6.14880096637406,65.89,44.06,95.33,3.95,Silty Loam,chives
28.76417365080805,82.40921807489917,57.20458403639947,6.414003178852928,59.29,69.22,52.41,2.09,Acidic Soil,mungbean
22.874844412360066,64.32121260176606,233.25069667268903,4.881608255981948,70.89,38.0315,53.95,0.94,Acidic Soil,tea
30.72119881,94.01331956,106.8118019,6.116508709,67.14,58.7865,55.1455,2.25,Acidic Soil,orange
26.7,65.2,39.7,6.17,91.55,82.39,121.41,3.3,Loamy Soil,shallots
28.88078945,86.94206817,53.79732545,6.594739424,57.5,94.36,57.7,1.04,Neutral Soil,mungbean
27.438023867469784,70.91290075633842,113.26906243594027,7.179479428238064,20.77,43.86,52.76,1.66,Loamy Soil,mungbean
24.88543777257289,93.98821264205003,175.65000264961196,6.823763816067065,74.85,142.16559,146.115295,0.81,Neutral Soil,papaya
28.824549468183566,60.45525218042291,226.21111441552915,6.097048557783811,30.0,23.0,27.0,720.0,Sandy Soil,cassava
29.433250898737384,71.54146229458068,91.8966899173122,6.945736865032858,86.14,49.61,108.21,2.73,Silty Loam,garlic
27.16935877,61.43782383,168.5259941,4.586794581,65.63,37.64,49.31,0.93,Acidic Soil,tea
23.094179633534182,82.22618356942341,224.43464700683282,7.351480856793601,73.78,95.98,117.56,1.87,Loamy Soil,rice
29.0,79.3,192.2,6.67,32.76,44.29,68.78,2.75,Silty Loam,soybean
32.289677538675285,93.5332022495327,73.56589317785041,6.816522329308975,61.11,143.3566,129.82,1.57,Loamy Soil,papaya
29.851376831776346,94.67180830147221,21.351626929674502,6.147492785637351,53.62,64.18,42.55,2.35,Acidic Soil,muskmelon
23.4,71.4,235.4,6.96,86.33,46.67,77.22,3.3,Loamy Soil,chives
29.721978136481358,76.90673720085108,191.27369441817896,6.146818252507667,126.78,84.57,132.03,1.88,Silty Loam,chilli
28.7,77.5,220.2,6.06,144.12,99.01,136.38,2.2,Loamy Soil,chilli
21.46104396593247,83.73341958779285,191.61355283437888,7.289187826695695,67.2805,115.76,132.37,1.67,Loamy Soil,rice
27.9,76.9,172.5,6.75,149.71,111.63,198.15,3.39,Clay Loam,cabbage
26.535899265644243,58.33840430784903,70.1410990677066,6.807902515789354,51.0,33.0,46.0,792.0,Loamy Soil,sweetpotato
24.29002981909892,77.0438787360317,174.70180520204374,5.5408065640410955,126.45,100.13,120.14,2.05,Loamy Soil,chilli
26.431082667475803,86.8407931778717,59.79062697977874,6.832152909753949,54.41,144.31,74.17,1.36,Neutral Soil,watermelon
28.857745100092707,83.26648789708572,40.22267390173398,6.729451438163393,52.44,112.89,55.63,1.06,Neutral Soil,mungbean
25.683499688102074,56.13673181099831,175.63302523768772,7.271061694011639,61.28,91.38,124.02,0.73,Loamy Soil,coffee
33.46932641343343,65.10715219131525,94.26225316104444,6.309757390750211,27.34,68.92,73.86,1.53,Loamy Soil,peanut
31.49486870775484,73.04325072682019,59.45625763496304,6.632546486802461,85.42,62.9,116.74,2.1,Loamy Soil,shallots
25.801148304411967,79.58080094946169,43.93995482421499,6.266503393339351,52.94,57.72,47.09,1.27,Peaty Soil,watermelon
23.351734135270267,65.3347577362337,45.1005154975044,7.464748636640579,110.41,52.68,91.37,2.82,Clay Loam,garlic
27.387615139986888,85.64749627961973,38.86107535197237,6.519022320410394,57.21,93.81,51.28,2.09,Neutral Soil,mungbean
23.701895770291944,66.78653497177122,145.97485377582998,7.467348200112605,64.71000000000001,79.86,89.98,0.94,Loamy Soil,coffee
27.02196940440006,85.6843391143643,227.29738306389117,5.973040597858203,76.42,47.22,73.08,2.84,Silty Loam,chives
29.3087271730295,89.83978262466728,29.772427335854445,6.639844751888229,51.22,131.86,54.986,1.81,Loamy Soil,muskmelon
18.341544669358488,55.60150211290085,91.97011840433171,6.60505574062741,57.2,75.52,73.88,1.17,Neutral Soil,maize
30.825627284685662,74.00967165391522,138.81826529762887,6.469736470283761,35.07,38.41,78.81,2.34,Loamy Soil,soybean
23.16,56.76,120.3,5.64,36.0,25.0,32.0,773.0,Loamy Soil,sweetpotato
24.230635788194498,75.8139270796198,203.43798023564463,6.599600491603749,76.48,50.05,74.98,3.86,Loamy Soil,chives
29.702240121867142,72.1957639845351,92.00533423731905,6.387841219799276,19.4,54.31,83.79,2.01,Loamy Soil,peanut
25.18341604045824,54.416992760373766,246.87293491807657,4.826867155420035,66.32,35.63,56.22,2.1,Peaty Soil,tea
35.05548025943154,52.964006693353625,94.60997048704456,6.054095590908876,60.709,46.34,53.45,2.42,Acidic Soil,mango
21.754026709349617,64.90338548182636,84.91776227416325,6.355615957052402,56.7,55.95,53.34,1.44,Acidic Soil,maize
24.4,87.7,156.0,6.11,171.68,112.74,179.88,2.83,Loamy Soil,cabbage
25.959452690557406,84.8053390840844,233.13015864962102,6.158477043305846,74.96,58.59,78.54,2.28,Peaty Soil,rice
18.120835271958367,63.27794399826617,83.23496689188448,6.368280353558111,56.31,55.53,56.79,1.16,Acidic Soil,maize
31.0,65.2,81.0,6.28,29.93,62.02,78.57,1.19,Loamy Soil,peanut
23.5,76.4,208.9,6.07,159.22,83.4,193.55,2.6,Silty Loam,cabbage
25.07803672,83.46230461,56.39962921,6.405054243,56.56,72.09,52.64,0.95,Acidic Soil,watermelon
35.609097042929385,49.488853945304996,95.9703401729215,6.778650947167095,60.45,114.824,107.787,2.04,Loamy Soil,mango
22.362096561296916,55.74787692619722,108.13913447723796,6.208210760256511,46.0,21.0,41.0,711.0,Sandy Soil,sweetpotato
29.09838903899269,84.24045000030621,109.71866953078325,6.125479414250693,66.92,59.18,56.19,2.2,Acidic Soil,banana
29.17557464156487,83.61109955104618,283.81943656347585,6.106540218616404,90.4,60.6,70.38,3.39,Silty Loam,chives
30.02086169,46.78393776,96.63721027,4.66910839,57.54,36.324,45.53,1.57,Peaty Soil,mango
21.748111878233846,59.756416728417584,97.49070146165661,6.6844376877614575,54.98,90.23,83.77,1.14,Loamy Soil,maize
23.56960509,51.08826183,130.3797119,6.906124587,59.605,147.07043,140.258,0.88,Loamy Soil,coffee
25.695802970912595,73.44619846712645,64.4459582873092,6.820972765817336,83.35,57.33,110.58,2.68,Loamy Soil,garlic
29.936857123168213,90.49597271955284,24.20839977169937,6.361420539595124,56.88,74.09,44.47,0.63,Acidic Soil,muskmelon
25.28784623,89.63667876,58.28697664,6.765094964,57.34,144.48,73.08,1.64,Neutral Soil,watermelon
26.33,59.3,95.6,5.91,33.0,35.0,36.0,715.0,Sandy Soil,sweetpotato
26.15980418351921,72.37255073363174,74.6717212312205,5.8749757093317765,60.88,46.03,49.06,0.83,Acidic Soil,maize
20.95433773294798,81.14119076212073,202.5740976454217,6.468146227863457,69.3,78.5,96.44,0.63,Loamy Soil,rice
23.413959663426912,83.10714414928229,290.1081215657141,5.824133183948161,80.9,51.88,74.89,0.83,Acidic Soil,rice
15.970032689742915,93.16574210888675,118.88965126377087,6.271329875048422,59.65,74.96,62.56999999999999,1.89,Peaty Soil,orange
28.5,74.0,97.3,7.1,91.11,56.49,129.29,2.47,Silty Loam,garlic
42.13473976,91.70445386,197.402901,6.757470637,92.38,143.44,148.115295,1.11,Neutral Soil,papaya
30.419544492005446,75.32089661670585,86.44465364705016,6.4094451671564014,19.95,50.47,80.0,1.39,Loamy Soil,peanut
25.81926910130865,76.92290956273541,94.9648450939781,6.0779387965235,59.8395,58.36,53.09,0.92,Acidic Soil,banana
28.5,77.3,159.0,6.73,31.15,57.66,63.84,2.52,Clay Loam,soybean
29.239720681124883,65.64069434438865,87.20061100232803,6.701197536540308,79.97,68.95,137.51,3.15,Silty Loam,garlic
26.97251562,62.0183627,142.8610793,6.908671379,63.28,142.53785,142.787,1.2,Loamy Soil,coffee
25.9,74.8,192.4,6.17,23.78,59.59,62.49,2.48,Loamy Soil,soybean
29.1807019471224,92.7105621558867,61.25648048060165,6.5569342048209815,56.61,95.6,61.848,0.65,Loamy Soil,papaya
25.790375543583075,81.79744950078182,48.83853142261254,6.0048731482187145,56.78,58.0505,47.22,1.9,Acidic Soil,watermelon
35.54334133,52.22780489,95.3713484,5.978634285,59.709,45.34,52.45,2.42,Acidic Soil,mango
25.886042293687943,61.93793826621647,99.66202884255522,6.384993490256491,60.89,58.52,58.68,1.3,Acidic Soil,maize
29.53186966679202,69.95425207317513,104.40193132498393,6.1983815833001445,25.99,69.87,84.97,1.98,Loamy Soil,peanut
28.974469575256098,68.320932911395,101.58315587667296,6.800913632569544,107.1,51.06,105.47,3.57,Loamy Soil,garlic
26.21867884147939,59.177733650576684,96.39554801567742,5.467902398891062,48.0,25.0,46.0,849.0,Sandy Soil,sweetpotato
21.84087796996407,55.404462860590684,93.48257710589368,5.853482708143229,29.0,28.0,42.0,833.0,Loamy Soil,sweetpotato
32.058746268064716,68.23948170825743,72.69929637812209,5.828226951331364,19.09,53.64,84.41,1.94,Loamy Soil,peanut
26.8,74.5,97.0,6.63,100.54,83.82,118.67,2.93,Silty Loam,shallots
29.36488409,89.1886954,48.30159325,6.679127482,57.03,113.39,60.07,1.24,Neutral Soil,mungbean
23.818598545244946,79.1963455173875,213.13089383362458,6.364777840204947,97.25,113.0,125.57,2.84,Silty Loam,chilli
28.64704838350273,66.92784919006063,119.85202212799493,6.495562417478494,21.26,54.74,84.86,1.34,Sandy Loam,peanut
25.76402693,87.5931128,46.05122728,6.704688865,55.77,118.98,60.79,0.7,Loamy Soil,watermelon
26.652589272556487,69.72026689117709,102.32766268089529,6.698427289818415,34.260000000000005,47.36,52.85,1.9,Loamy Soil,mungbean
30.5,75.4,128.7,6.64,22.26,46.66,64.72,1.8,Sandy Loam,mungbean
29.98635243382525,84.10958594818159,54.28967438414615,6.392775009481741,59.79,68.62,50.02,2.22,Acidic Soil,mungbean
42.56533926628514,89.97523591822399,194.39640513223682,6.935441181366859,89.15,143.051,146.2061,0.79,Loamy Soil,papaya
26.24,62.01,150.88,5.55,30.0,16.0,42.0,809.0,Sandy Soil,cassava
27.1,73.4,160.8,6.58,71.52,45.11,99.73,3.89,Silty Loam,chives
26.810210592882303,80.01268339810395,288.1956831821697,6.552229631433933,85.66,45.71,87.96,3.09,Silty Loam,chives
25.507489058708824,79.93915175439729,219.89435212084328,6.260235890367969,165.1,98.81,179.26,2.9,Silty Loam,cabbage
27.735813895350873,48.59134715434679,94.60084683054947,6.796331513143749,54.13,81.05,83.65,1.33,Loamy Soil,mango
25.04401879497782,65.51678036246714,89.25402863838663,6.582273484840078,54.98,80.55,73.3,2.16,Neutral Soil,maize
21.945259374245165,81.93135704939074,276.1541873486139,6.893234510105628,78.11,145.45895,145.13,2.26,Loamy Soil,rice
21.24,57.65,83.98,6.85,35.0,35.0,46.0,756.0,Sandy Soil,sweetpotato
24.498339853438416,79.53901391512201,124.27003115001204,5.869593793864724,110.41,88.22,180.27,2.78,Sandy Loam,chilli
28.058291019952122,73.05425286889144,98.1808464420113,7.047619025317231,91.11,55.49,127.28999999999999,2.47,Silty Loam,garlic
33.47791698517153,69.57887265200317,95.88755908410772,6.294188850139207,18.19,53.72,83.86,1.2,Sandy Loam,peanut
22.37,55.36,81.16,6.23,43.0,36.0,39.0,783.0,Loamy Soil,sweetpotato
24.879990857638436,63.12158349550946,94.60768638676443,6.425384906012534,87.93,83.17,127.15,2.38,Silty Loam,shallots
26.52869756837912,63.02684401399422,179.46715393761878,4.93206661897551,66.76,37.03,51.62,1.76,Acidic Soil,tea
27.3511056,54.39642503,96.27792547,6.441328044,57.96,59.23,62.98,1.12,Acidic Soil,mango
28.60817224535663,93.73714391088552,64.7666623759267,6.63415850683036,57.68,120.36,68.43,0.83,Neutral Soil,papaya
26.447554455643818,80.90487819771305,41.63063868009098,6.9459517201888135,52.03,142.8728,125.01,1.69,Neutral Soil,watermelon
29.921842615100637,67.6622424511586,97.8418773119864,6.903827571448194,109.23,77.76,95.32,3.11,Loamy Soil,garlic
29.401802340004433,71.89922561233237,84.26025136196722,6.577292997672362,24.79,32.69,65.12,2.38,Sandy Loam,mungbean
25.861996131642908,86.48776498093717,189.34486249596546,6.689932226653177,84.87,44.25,87.04,3.54,Loamy Soil,chives
30.5,64.4,43.0,6.45,84.93,89.93,124.52,2.39,Sandy Loam,shallots
28.8,77.1,110.0,6.18,31.66,58.98,65.24,2.2,Clay Loam,soybean
29.06605476528648,92.53622116464034,25.33904537172052,6.163706629361845,54.92,60.15,44.92,1.47,Acidic Soil,muskmelon
31.87859192,91.15248149,105.3437825,6.450640306,67.01,79.78,65.57,0.68,Acidic Soil,orange
29.042068134167376,65.39011489968459,138.69901014730453,6.713196477784541,22.99,46.17,74.55,2.22,Silty Loam,soybean
25.8,87.3,236.9,6.26,121.19,107.99,189.9,3.69,Loamy Soil,cabbage
28.803695279746417,76.72478208891891,108.2163122184713,5.546073182119718,65.61,48.65,50.57,1.77,Acidic Soil,banana
22.27091637061335,81.14354983533553,196.09282494325748,6.201304941362248,133.23,83.46,167.87,3.46,Clay Loam,cabbage
34.0788123946961,53.32107951595495,96.7140474197291,4.8804301091963245,57.709,36.94,44.41,1.57,Peaty Soil,mango
27.17664288486838,45.781707827645086,92.37472521306526,4.94402640876775,55.8575,35.64,46.03,2.05,Acidic Soil,mango
22.754319920514465,64.11173672889468,173.7147459109722,4.470865447663296,61.22,36.62,48.37,1.54,Peaty Soil,tea
32.21231711475628,75.17757585506064,132.8679402936681,6.925345290270142,27.92,47.42,52.06,2.35,Sandy Loam,mungbean
25.86,59.25,95.53,5.51,46.0,26.0,45.0,849.0,Sandy Soil,sweetpotato
23.1274794186637,54.89971393014958,208.29799774474407,4.938108626948831,63.989999999999995,38.77,53.81,1.58,Acidic Soil,tea
24.47018505,84.16390229,57.26773002,6.417011754,56.55,73.31,53.1,1.89,Peaty Soil,watermelon
27.076648850022085,91.43641665847522,23.340470963511446,6.411715828577796,51.25,79.67,45.72,1.19,Acidic Soil,muskmelon
36.56769731,93.79503425,104.4218596,6.867554147,69.9,148.617,145.12,1.11,Neutral Soil,papaya
31.08368929,90.15354599,109.6894658,7.028746406,67.07,142.3665,143.20717,1.05,Neutral Soil,orange
17.28787274568422,91.972650307531,111.49440805465403,6.500777216627417,58.96,95.04,76.43,0.84,Neutral Soil,orange
22.76377063899507,81.50059424237116,252.61887267130635,7.008114599177387,90.89,55.14,84.48,2.82,Loamy Soil,chives
30.426069461043603,63.17156159912296,53.105210699405404,6.346005669470589,93.44,73.41,117.46,3.33,Sandy Loam,shallots
28.602054009663306,82.61402634757805,124.83568676812315,7.0599704953145395,35.69,41.54,62.26,1.62,Loamy Soil,mungbean
26.212446199876435,77.41708377874103,146.92072277862349,6.082223262116612,42.04,52.86,74.63,2.56,Loamy Soil,soybean
27.11030369,83.64274107,49.11964582,6.883308033,56.19,143.577,96.12,1.73,Loamy Soil,mungbean
29.16174608,80.44625145,40.16545979,6.715276663,55.22,114.59,58.81,1.67,Neutral Soil,mungbean
14.214687299437202,95.18979852281024,110.9344158561739,7.778824672121026,60.29,57.7865,53.1455,1.11,Peaty Soil,orange
23.1,68.1,58.1,6.7,72.13,66.39,110.05,3.59,Silty Loam,garlic
29.3,72.0,42.1,6.69,115.01,70.29,149.27,2.15,Sandy Loam,shallots
30.552317772338096,73.95248894799968,123.3248635918824,6.434950124462029,27.77,44.44,54.67,1.78,Sandy Loam,mungbean
22.840670239000758,55.47013348659099,79.49834250873747,6.215485456321959,41.0,36.0,38.0,783.0,Loamy Soil,sweetpotato
23.885652711096448,75.68051067318717,245.818204464653,6.12725138510124,123.64,97.44,171.0,3.24,Silty Loam,cabbage
30.6,70.8,34.6,6.02,80.29,73.07,114.08,3.37,Loamy Soil,shallots
24.185153182447518,81.37955750870393,156.07526655115458,6.596910476248123,137.47,111.34,147.19,2.24,Sandy Loam,chilli
25.80477416237677,82.58533756615265,244.63445561173796,6.881713094938642,80.65,144.93,142.942,0.99,Loamy Soil,rice
24.024412026433115,66.89433249362538,34.71645566048841,6.6331638306789955,85.52,86.42,149.25,3.1,Silty Loam,shallots
27.72391765621429,52.85826912701967,100.78052178538877,6.816691982626038,61.15,110.57,103.51,2.03,Loamy Soil,mango
25.0,84.4,246.3,6.6,165.71,106.66,187.65,2.66,Loamy Soil,cabbage
25.901590431053883,60.48044738353876,169.49434940232368,4.92363409165909,65.04,38.8,49.89,2.25,Acidic Soil,tea
30.057735247495398,75.21142579861007,144.51125865744388,7.079068977500295,30.15,42.69,55.64,2.06,Loamy Soil,mungbean
24.217000465295005,81.36079009437005,158.05242351244902,6.347720266613611,160.35,115.58,149.03,3.09,Loamy Soil,cabbage
27.11398694,93.42402083,25.32159689,6.741269235,53.56,134.7555,52.986,2.22,Neutral Soil,muskmelon
29.202771904994343,80.09493219598288,186.37245333220343,5.97223367991402,118.07,105.29,158.26,2.95,Sandy Loam,chilli
30.1,84.3,144.2,6.66,33.44,39.89,59.1,1.68,Sandy Loam,mungbean
33.62571898516789,72.56597523759213,93.22217214875909,6.28825392858433,12.13,52.82,78.54,1.07,Sandy Loam,peanut
25.42422025335499,62.92706719996599,104.5285495587556,5.494402044489645,33.0,17.0,45.0,741.0,Loamy Soil,cassava
20.45970109928217,94.31108520092059,110.41510009573838,7.144567975067055,63.93,146.232233,144.625241,0.54,Loamy Soil,orange
32.24457526847233,66.4091527156565,47.50221470230841,6.558802944194177,86.05,69.59,149.78,2.48,Silty Loam,shallots
22.644063061998057,57.662222812084586,211.0268910817366,4.464131316902202,66.39,35.04,49.25,2.38,Acidic Soil,tea
29.778503490547294,71.9400781415736,185.48728029755503,6.400061488148788,71.61,41.75,91.33,3.73,Silty Loam,chives
27.600887422093695,52.86607328792106,174.20344713745513,7.407357166098328,67.08,63.21,85.51,1.03,Neutral Soil,coffee
27.5364547,55.51673151,130.6377143,6.273741983,61.1,52.93,64.8635,0.64,Acidic Soil,coffee
25.585645079852927,57.140660392714786,102.10550304724548,6.497385098768834,36.0,31.0,46.0,818.0,Loamy Soil,sweetpotato
23.838317915790704,59.70041957127664,203.96265326402246,4.607646837441855,63.14,39.25,51.29,2.48,Acidic Soil,tea
26.103443263493208,60.801363974847185,46.64446601640627,6.381117975038411,110.17,89.34,114.33,3.47,Sandy Loam,shallots
18.575404622248897,93.31532672645349,117.8201503832539,6.17037036344855,62.67,65.19,57.89,1.7,Acidic Soil,orange
26.6,77.4,201.8,6.08,136.31,113.2,190.6,3.19,Clay Loam,cabbage
25.3,72.6,172.7,6.41,144.71,106.23,144.92,2.65,Sandy Loam,chilli
25.35794749,80.45846265,47.72078245,6.903020221,55.41,147.812772,105.61,1.25,Loamy Soil,watermelon
28.758535242976052,90.75311012834256,27.48117091452034,6.091357467441551,54.28,57.8005,44.96,2.41,Peaty Soil,muskmelon
31.88342554,91.3256535,79.27201575,6.524459342,62.82,87.61,62.23,1.28,Loamy Soil,papaya
30.32807486329304,63.538954462351626,54.97338799439879,6.36916249997502,88.44,72.41,115.46,3.33,Sandy Loam,shallots
26.721338967648986,77.5783586395358,117.68127103228822,6.103434608792119,66.35,58.49,57.56,1.97,Acidic Soil,banana
28.3,84.3,163.0,6.06,131.78,81.31,176.55,2.42,Silty Loam,chilli
25.583399255371123,83.61499000520749,246.62247298102253,5.784643924348034,78.36,54.28,67.12,1.3,Peaty Soil,rice
29.40256158280981,74.24982249280782,121.1111846241381,6.875234954145241,22.74,38.45,64.96,2.09,Sandy Loam,mungbean
30.404542142812403,70.26461551014361,112.07898825497138,6.610516170858892,36.36,43.87,64.91,2.02,Loamy Soil,mungbean
29.007458060845895,85.2415083057485,52.89279568658282,6.367323849143177,57.51,70.74,52.21,1.45,Acidic Soil,mungbean
19.12910487611946,62.03797993812268,62.961677003201615,5.694232191908479,55.4895,45.35,44.84,0.98,Acidic Soil,maize
26.2,76.7,171.6,6.21,32.14,56.78,66.76,2.63,Loamy Soil,soybean
33.696502558065106,92.83397925227433,103.08709438520225,6.902187038406709,67.01,144.232233,145.3791,1.95,Loamy Soil,orange
26.28174992240764,87.10445356647782,59.36869189411591,6.403459084535501,60.62,74.28,51.69,1.83,Peaty Soil,watermelon
29.5,71.8,84.9,6.15,22.26,61.82,74.02,1.25,Sandy Loam,peanut
37.4088892305156,90.92558317319661,171.26098688576317,7.020254191517972,83.44,148.475,145.387,0.69,Loamy Soil,papaya
28.228929406956297,83.88587462014418,50.025704440432044,6.754536021948196,57.53,144.097,70.89,1.13,Loamy Soil,mungbean
19.656587004097634,89.57788729965468,100.69782626117762,7.786513570708176,58.91,66.54,55.48,1.77,Peaty Soil,orange
27.004032588715706,62.97860658821494,195.4083163913415,4.921731285711007,25.0,22.0,32.0,732.0,Sandy Soil,cassava
30.1,74.9,84.7,6.42,18.95,50.47,79.0,1.39,Loamy Soil,peanut
27.40202755881511,74.49714120718913,144.19834882293725,6.82456154068292,148.55,96.59,167.99,2.89,Silty Loam,chilli
23.3,65.7,43.4,7.43,109.41,53.68,90.37,2.82,Clay Loam,garlic
26.7320648,82.1480873,193.3473987,5.950660556,73.64,53.49,64.57,1.66,Peaty Soil,rice
25.59704938,80.28362927,200.834898,6.903985986,72.89,146.7326,143.952,1.54,Loamy Soil,rice
29.09835522708574,74.06260274623119,29.583201158983574,6.540130216175266,115.56,70.44,130.66,3.12,Sandy Loam,shallots
29.88359636899279,94.122057167562,25.347918477255625,6.18940710144534,52.17,65.03,46.31,2.36,Acidic Soil,muskmelon
24.96,56.77,81.8,6.88,48.0,22.0,54.0,821.0,Sandy Soil,sweetpotato
28.2,74.8,138.8,6.06,129.94,109.92,158.6,2.41,Sandy Loam,chilli
31.439231305071832,76.24819464414037,127.33299590573841,6.500638871781161,36.73,41.48,62.38,2.69,Clay Loam,soybean
26.12588914,86.5507939,41.14698587,6.073383996,55.11,58.0505,46.7315,1.98,Peaty Soil,watermelon
25.783771566786772,73.26333435703583,123.19334036960323,5.667103956793407,142.85,105.08,178.19,1.93,Silty Loam,chilli
24.13212376660338,67.95010668698568,173.10693226004372,6.288588925050482,64.62,62.64,78.26,2.26,Acidic Soil,coffee
29.377624565791912,89.46079062347509,128.05076089136898,6.566963248446073,65.44,99.79,84.23,0.96,Neutral Soil,papaya
28.82760347392643,77.62426771277126,171.05683896708942,6.1575451541471145,124.25,85.98,166.05,2.12,Sandy Loam,chilli
26.462864903157513,78.41171548147406,157.25814169554658,6.177756987910331,134.08,80.08,151.67,2.68,Silty Loam,cabbage
23.838260125234335,59.94217879829451,105.79534131200019,6.432925363987928,56.07,63.82,66.64,1.39,Acidic Soil,maize
23.7,80.8,199.5,6.73,81.09,54.07,89.36,3.72,Loamy Soil,chives
24.90430106493886,67.74957329893448,65.52717436493111,7.36643761787975,106.07,60.34,136.06,3.43,Clay Loam,garlic
25.208870560495665,87.23065123860616,57.83117347128146,6.603903036364215,54.23,95.7,61.17,0.97,Neutral Soil,watermelon
24.32719167,55.84027641,202.281286,4.956920312,65.27,38.2,53.2,1.83,Acidic Soil,tea
24.369552584894176,77.09084917272068,247.9160674517603,6.770624108479536,85.61,47.45,90.84,3.76,Loamy Soil,chives
21.92928108672714,80.95100841604352,209.02277000206803,7.085174162424536,71.48,142.6822,142.1364,0.95,Loamy Soil,rice
28.0,70.9,30.7,6.1,94.63,85.89,117.83,3.34,Silty Loam,shallots
28.879990230844935,67.23340538427739,166.182801030974,6.155558513617259,38.93,40.79,77.16,1.69,Clay Loam,soybean
21.44653958,84.59609431,272.2017204,5.824709117,77.55,51.68,70.88,2.1,Peaty Soil,rice
27.1,77.3,119.2,6.15,29.34,41.0,76.23,2.59,Silty Loam,soybean
22.562417344765066,73.24741336011782,244.45253126406325,6.546979030856708,69.53,42.84,78.01,3.66,Loamy Soil,chives
18.65396672,61.37879671,93.62039175,6.656730008,55.96,83.64,76.36,1.83,Neutral Soil,maize
29.74170602005873,75.9792045885862,106.35009843414717,7.032445486842771,27.44,41.27,61.53,2.47,Loamy Soil,mungbean
31.27180992,52.23810152,89.97405421,6.811291098,58.14,113.05,103.41,1.98,Loamy Soil,mango
24.73661248244449,78.71386538818035,222.73116499214532,6.463347947173841,125.42,117.17,194.02,2.61,Loamy Soil,cabbage
31.11709330728374,93.71372449049797,56.55138024787301,6.9543780061917175,60.84,148.61836,146.784,2.04,Neutral Soil,papaya
25.628527924798522,63.70370369908829,204.5056015795729,7.439424210866862,34.0,28.0,36.0,766.0,Sandy Soil,cassava
25.041260533044564,64.78239954270325,152.33832573937212,6.318353423571278,23.0,25.0,29.0,678.0,Sandy Soil,cassava
21.39733280068608,80.49452279492986,226.07055868855127,7.1063475787440575,69.02,142.824,142.6978,1.4,Loamy Soil,rice
29.31660456872748,70.98475015539282,95.0076349200887,6.155753366996189,20.21,49.18,80.97,1.67,Sandy Loam,peanut
26.1,72.7,131.4,6.8,22.82,35.12,56.44,2.43,Sandy Loam,mungbean
24.599313395495425,68.73806184740037,164.36241878998453,6.966988160872853,66.34,143.474,138.81398,0.68,Loamy Soil,coffee
26.986866399847713,83.02500842636996,106.8068818444692,6.363014592345682,66.25,62.41,58.35,1.26,Acidic Soil,banana
25.80201619256228,89.81865457612098,44.06821062575081,6.717624165280377,52.78,138.07,66.64,2.48,Neutral Soil,watermelon
29.57102867715427,82.0733801233897,202.7445380448636,6.438634540125608,98.68,109.14,147.11,2.02,Sandy Loam,chilli
25.62162723645582,60.13897406936,111.94471245688126,5.9452474202281635,27.0,21.0,42.0,741.0,Loamy Soil,sweetpotato
29.681648479371905,87.66376169773162,56.88758152825129,7.253632282966588,61.241,146.15454,88.99,2.06,Loamy Soil,mungbean
29.042268753524905,83.23649390857014,94.00434577012345,6.548983814484855,26.5,40.85,62.480000000000004,2.36,Sandy Loam,mungbean
23.98289638,91.5473145,118.4901697,7.455991072,64.45,90.23,74.65,2.24,Loamy Soil,orange
29.02746588525609,78.6384340398822,98.65714561725378,5.602218664716183,59.58,45.388,50.341,0.87,Acidic Soil,banana
27.59350075,91.79742953,24.84266123,6.399891457,53.5,75.89,45.52,2.05,Acidic Soil,muskmelon
24.4,74.6,158.3,6.18,85.26,54.06,81.79,3.63,Silty Loam,chives
30.79375683,46.69536813,92.21318555,6.27339822,57.37,49.28,56.92,1.2,Acidic Soil,mango
25.61338610074505,60.349874281084006,75.87761480896968,6.3523227053944,50.0,37.0,31.0,720.0,Loamy Soil,sweetpotato
27.46852989,87.17649,43.78420984,7.16602455,55.82,148.79828,71.66,1.09,Loamy Soil,mungbean
27.59571441,57.56746527,179.5213033,4.908469428,65.84,38.26,51.44,1.26,Acidic Soil,tea
25.30922922693506,93.09188885778416,114.17646594502469,7.202623799967919,65.79,138.6889,146.1539,2.38,Loamy Soil,orange
25.0,80.6,152.3,6.57,149.55,112.07,193.21,3.68,Loamy Soil,cabbage
28.416804554856164,82.66774832260657,123.48517488145941,7.247313270475821,31.689999999999998,41.54,62.26,1.62,Loamy Soil,mungbean
27.389405143893917,73.98420421580016,59.31667311601713,6.762808733896058,98.92,74.22,116.13,3.14,Loamy Soil,garlic
26.589185547280646,84.1952320920497,42.372211978112844,6.0312575009638705,52.03,57.15,47.7315,1.59,Acidic Soil,watermelon
24.22984659,67.37768353,122.4073418,6.840927967,61.1,142.199,142.6,2.0,Loamy Soil,coffee
26.64041656022905,59.445995915703826,69.29564074653008,6.912155743260338,48.0,32.0,46.0,792.0,Loamy Soil,sweetpotato
34.537066555937294,90.3188300513048,120.12179763188729,7.715986037389406,72.476,64.53,60.05,2.01,Peaty Soil,orange
29.029130126594684,90.09036615096196,58.965216883392024,7.033769996120239,58.241,145.766,146.76034,1.37,Loamy Soil,mungbean
11.334717442736657,93.49744602581521,99.30812050584255,7.730549833012153,56.2595,64.33,57.94,1.16,Peaty Soil,orange
42.24674995993071,92.0501156149288,165.05491616153242,6.914653681783013,89.0,147.099313,149.685,0.78,Neutral Soil,papaya
27.132464354139163,82.44266696892296,91.07203187411743,6.42245987705857,25.89,45.88,56.93,1.63,Sandy Loam,mungbean
27.11030175,87.4512669,55.03723979,6.981758362,57.25,146.297,144.764698,1.77,Loamy Soil,mungbean
28.13789551503236,69.16195705702994,100.43820390878696,5.968094864963335,27.91,60.54,80.7,1.91,Sandy Loam,peanut
16.39624284,92.18151927,102.944161,6.625538653,58.64,103.85,76.66,1.34,Loamy Soil,orange
24.68887650205508,55.82516660406191,84.07817705458578,6.824237208685498,37.0,36.0,44.0,756.0,Sandy Soil,sweetpotato
27.82022110987603,80.54087421371952,136.8086407430226,6.953858743536216,25.79,29.54,64.65,2.44,Sandy Loam,mungbean
25.959971849024544,80.59050509360087,223.93444110449119,6.265169997517621,79.56,66.39,87.79,0.89,Acidic Soil,rice
31.771073883828862,54.12415981457879,96.0836213076198,5.858589592050089,61.21,43.22,53.32,1.27,Acidic Soil,mango
31.5,73.8,83.2,5.96,26.08,59.61,72.86,2.05,Loamy Soil,peanut
33.7462686,48.50387598,92.26439205,6.777788126,58.39,95.48,95.36,1.84,Neutral Soil,mango
24.5,86.1,226.9,6.13,174.64,108.66,170.05,3.85,Silty Loam,cabbage
28.966319342937336,76.79802291387526,149.32802962239458,6.51722146151233,89.24,56.55,79.73,3.94,Silty Loam,chives
24.881534167090557,60.811556985789416,83.51825018148179,6.718773317708945,34.0,27.0,45.0,788.0,Loamy Soil,sweetpotato
23.639328970392828,55.578337416996696,123.22413800115355,6.88117195496686,30.0,39.0,54.0,789.0,Loamy Soil,sweetpotato
28.08657178,80.44625145,38.14476781,6.760694228,54.88,130.73,61.25,1.39,Neutral Soil,mungbean
26.6,84.2,182.0,6.41,162.02,112.59,184.42,3.7,Loamy Soil,cabbage
26.5,70.9,158.2,6.83,30.54,49.02,71.02,1.63,Silty Loam,soybean
25.04,55.6,83.98,6.85,35.0,35.0,46.0,756.0,Sandy Soil,sweetpotato
27.070765673030024,66.41518941805931,111.00314965881815,6.25974970457699,19.32,57.55,69.14,1.53,Sandy Loam,peanut
26.914055708003975,74.24491271004298,97.90501689076387,6.636916329009986,103.54,81.82,119.67,2.93,Silty Loam,shallots
21.624906718620437,82.51213678295055,191.29578365634765,7.354245296655358,68.2805,118.76,130.37,1.67,Loamy Soil,rice
22.977516752142947,89.41237162712197,187.27187412548471,6.044995687031709,164.28,105.11,191.5,3.05,Silty Loam,cabbage
24.42561272,92.27749066,63.35298768,6.577192175,57.93,95.47,59.98,1.62,Neutral Soil,papaya
33.2,71.5,63.5,6.13,21.54,51.98,82.61,2.13,Sandy Loam,peanut
31.3,72.5,62.8,6.48,21.52,64.5,80.18,1.45,Sandy Loam,peanut
27.60887393,86.13316408,43.80041104,7.012740397,55.79,148.807266,142.643,1.16,Loamy Soil,mungbean
28.0,70.7,129.2,7.08,26.37,35.86,50.38,2.05,Loamy Soil,mungbean
28.45296605179063,78.99484661715324,120.96616955794859,5.700867586233048,64.72,47.22,52.2,1.92,Peaty Soil,banana
27.95924848337773,87.50625900989844,44.411100746992744,6.485334298788272,52.97,81.48,52.19,1.27,Acidic Soil,mungbean
27.185179686685103,74.53199226117114,191.7041337934636,6.2221118170124905,64.85,51.31,82.48,2.92,Loamy Soil,chives
24.96,56.77,81.8,6.88,48.0,22.0,54.0,821.0,Sandy Soil,sweetpotato
24.179943815745023,81.95069727646853,268.1776171844305,6.028413307899795,80.01,53.57,76.05,0.85,Acidic Soil,rice
24.727251997736037,71.08681988547039,47.85569200179774,6.080183058491794,95.29,68.14,138.53,3.22,Loamy Soil,shallots
29.98364695,94.55239717,115.3560318,7.53350946,68.17,83.17,68.83,1.65,Peaty Soil,orange
33.479711458620145,74.28405296437249,71.21937334442983,6.351372796592635,20.66,64.6,78.12,1.82,Sandy Loam,peanut
27.69637763,48.5622488,89.97405421,6.39474303,56.8575,54.07,59.79,1.17,Acidic Soil,mango
27.459869943257036,85.7520115567831,43.46705209159823,6.955491024143841,56.79,146.807266,144.643,1.16,Loamy Soil,mungbean
19.83599361518344,81.55509587451857,190.51328834289288,7.195508647455376,71.2805,135.08,148.520955,1.61,Loamy Soil,rice
26.188066949973745,73.79358032246942,72.79199735025203,7.537454496735604,98.21,55.0,102.64,2.99,Loamy Soil,garlic
24.801552044159934,69.69269007189968,78.67527685622179,5.765780506685092,60.4,45.45,47.01,2.17,Acidic Soil,maize
25.767460950063786,78.17637129328017,249.1150971986416,6.381330671758522,163.86,107.2,197.04,2.81,Silty Loam,cabbage
31.484481373543993,92.52238793744039,62.61692339682309,6.604511661647236,62.38,86.9855,58.848,2.31,Neutral Soil,papaya
24.8,81.2,152.4,5.74,145.94,101.71,133.54,2.84,Silty Loam,chilli
26.286688312522497,59.69065780313826,121.97128977564635,6.264196259253927,39.0,37.0,44.0,749.0,Loamy Soil,sweetpotato
27.92765919,91.55594211,149.9107557,6.721835879,71.3,128.74,111.86,1.68,Loamy Soil,papaya
26.68,59.1,123.63,6.34,37.0,39.0,45.0,749.0,Loamy Soil,sweetpotato
31.997184907503275,73.00377864074039,136.34510209837256,6.531302500758376,31.119999999999997,33.4,54.54,1.68,Loamy Soil,mungbean
28.3,68.8,102.0,6.78,87.14,66.11,90.97,2.75,Clay Loam,garlic
22.158186403157032,61.61661904941743,203.21064455494442,5.020482193584194,63.650000000000006,37.0315,51.26,0.53,Acidic Soil,tea
25.49583067,63.75560295,191.8480038,4.667711473,67.32,38.2,50.97,2.28,Acidic Soil,tea
23.011412192083178,63.05421098729272,232.54784431480522,5.0169606786232634,70.89,37.0315,55.95,0.94,Acidic Soil,tea
26.963546997789937,79.1912563361399,225.0967802269894,6.675355323746457,151.91,81.19,192.68,3.78,Loamy Soil,cabbage
27.526457407368508,67.98725869982096,48.586016721820066,6.830210237503755,100.77,66.75,121.51,2.73,Silty Loam,garlic
31.49066524048699,64.6560088804054,81.45969615690966,6.241409400753509,30.93,61.02,79.57,1.19,Loamy Soil,peanut
24.23850608,54.30329632,120.5985918,6.73410539,59.605,91.27,97.75,0.98,Loamy Soil,coffee
28.04799508,90.15354599,117.1311498,6.550814117,66.43,90.11,74.77,1.04,Neutral Soil,orange
28.55852465,90.45773041,27.26588346,6.159020864,53.91,62.27,44.32,2.41,Acidic Soil,muskmelon
32.4,74.1,178.3,6.33,32.41,54.55,63.73,1.75,Clay Loam,soybean
27.8,86.5,150.7,6.26,130.01,113.6,179.78,3.03,Clay Loam,cabbage
29.965509062782175,83.24479972180185,50.454869786414456,6.43432409046824,54.97,76.59,54.17,1.77,Acidic Soil,mungbean
25.4,77.2,195.2,6.76,32.66,54.08,60.57,1.57,Silty Loam,soybean
25.00756121892957,85.33098698797559,49.72362670810714,6.436559292079116,54.66,68.1,47.82,1.08,Acidic Soil,watermelon
35.50109345013207,52.15395472315254,93.31034836401079,4.861342479461917,56.57,36.69,45.91,2.05,Peaty Soil,mango
22.851603692020387,55.277460972222556,80.25433342295774,6.1829873516245595,44.0,37.0,37.0,783.0,Loamy Soil,sweetpotato
25.389239683772587,69.39277825516106,170.4701445009754,6.452169499892721,68.49,74.46,87.59,1.41,Loamy Soil,coffee
30.6,75.3,138.1,6.38,33.16,48.37,54.61,1.92,Sandy Loam,mungbean
24.660085876199723,88.22203377989871,212.20507220543286,6.453267914613555,140.03,97.12,152.48,3.04,Silty Loam,cabbage
32.9,69.7,83.7,6.44,20.04,67.77,84.17,2.0,Loamy Soil,peanut
28.8,70.6,195.8,6.38,26.82,44.66,67.87,2.04,Loamy Soil,soybean
26.08995735887031,65.38887414137399,106.4608931033739,6.557472813169466,57.1105,87.64,82.5,1.5,Loamy Soil,maize
22.41807701695445,59.615043307308824,69.2359934117137,5.811117183319377,54.01,47.22,49.72,0.91,Acidic Soil,maize
24.6774157,82.75411437,57.05709413,6.206247494,56.47,61.28,49.58,0.76,Acidic Soil,watermelon
24.5,69.2,40.9,6.9,91.2,77.12,127.48,3.45,Clay Loam,garlic
24.809677679231285,66.3666589640157,76.00760580081926,5.7174118142837616,58.89,46.35,47.87,1.32,Acidic Soil,maize
28.314081029847106,63.984483091298216,32.30840899286817,6.237308490776596,93.67,90.65,142.48,3.24,Loamy Soil,shallots
26.216321997802847,81.34310095312746,58.96687784432918,6.0718395758329775,53.8,60.0505,46.17,1.96,Peaty Soil,watermelon
26.7,61.4,68.5,6.4,117.83,68.14,136.78,3.22,Loamy Soil,shallots
28.438097,83.48991368,52.55469976,6.272343025,56.93,64.7525,49.57,1.56,Acidic Soil,mungbean
29.102320520058488,95.20120802888891,25.210033711195816,6.241456366721864,53.08,65.87,42.3,1.93,Peaty Soil,muskmelon
27.3,61.6,76.5,6.58,118.32,66.97,118.7,2.32,Sandy Loam,shallots
30.1,66.3,54.1,5.95,24.4,50.48,73.29,1.8,Loamy Soil,peanut
27.54380362471174,75.71779248634071,195.0128766985267,6.2315595752074895,64.85,52.31,79.48,2.92,Loamy Soil,chives
29.424090209979372,77.65327208380734,232.35280539153436,6.427788035119898,72.33,43.07,74.49,3.1,Silty Loam,chives
26.7,81.6,221.1,6.47,169.02,103.71,187.12,2.54,Silty Loam,cabbage
22.27955957642075,82.38347731468933,225.88240915127432,6.515476241345147,172.16,117.15,191.99,3.99,Clay Loam,cabbage
24.6,66.4,99.1,7.45,85.85,63.29,131.35,2.48,Silty Loam,garlic
25.69962989384771,59.088529744709334,93.63491319122238,5.469314999387602,48.0,26.0,45.0,849.0,Sandy Soil,sweetpotato
25.186954144798804,82.57996950698498,112.47423797981686,6.234825114996778,62.14,59.01,57.3,1.28,Acidic Soil,banana
24.28,55.33,124.93,6.01,36.0,25.0,31.0,837.0,Loamy Soil,sweetpotato
30.91471455,49.92963856,90.14047759,6.810186079,57.73,108.91,103.32,0.94,Neutral Soil,mango
28.9,83.4,228.8,6.04,65.78,44.58,91.93,3.81,Silty Loam,chives
19.049714161316707,69.14255127358851,80.8380142780098,6.673132262909545,57.91,110.64,79.4,1.72,Neutral Soil,maize
27.570658283061416,47.38035670882976,94.92452308323931,6.4535851274101095,53.8575,55.51,61.0,1.92,Acidic Soil,mango
29.72791119,94.29753295,26.52364146,6.367800632,54.13,74.75,45.59,1.63,Peaty Soil,muskmelon
28.6,83.3,111.1,6.65,118.17,85.9,121.17,2.76,Silty Loam,chilli
25.913724669843003,53.3448153168713,131.82706882818587,6.879657895479771,60.54,143.56,150.0319245,2.22,Loamy Soil,coffee
26.33024858847617,78.21303252564431,237.63076526709617,6.189838417981929,134.0,118.45,119.48,3.08,Silty Loam,chilli
28.336725512638214,84.96024156574978,161.2232783120131,5.968970420181094,133.78,81.31,177.55,2.42,Silty Loam,chilli
28.741286346079843,77.024643603207,177.58040978906493,5.943585334030281,25.04,39.57,76.39,1.55,Clay Loam,soybean
27.679124632130733,93.32792845999609,115.00490894409982,6.11858486489265,69.54,61.3,54.54,2.16,Acidic Soil,orange
24.943320547759036,55.53532471556992,84.79702124956171,6.831949671199405,34.0,35.0,47.0,756.0,Sandy Soil,sweetpotato
25.97821742334969,59.0571966027137,93.64429862614331,5.936291430546066,35.0,34.0,34.0,715.0,Sandy Soil,sweetpotato
26.1,82.4,248.3,6.67,123.65,93.71,191.44,3.35,Silty Loam,cabbage
23.638831137850506,64.78137457699655,49.42476798718995,6.811589224983362,80.26,56.62,108.63,2.06,Clay Loam,garlic
28.2,86.9,215.3,6.4,74.67,46.56,73.79,2.56,Silty Loam,chives
20.09867410439296,82.02579902909113,271.26173441490744,5.117627504564399,72.86,41.919,56.16,0.89,Acidic Soil,rice
33.89120651282143,92.08954626408313,103.31464884018916,7.324995294128977,70.41,95.54,74.54,0.74,Loamy Soil,orange
28.703572734305265,71.53893565523975,98.2682812426376,6.324393841454839,25.71,52.72,70.06,1.27,Sandy Loam,peanut
29.068512825496953,90.96662573009289,25.90876400036851,6.6636211757069574,53.71,124.0,51.41,1.88,Loamy Soil,muskmelon
24.57238439,56.50279108,239.435644,4.697892434,68.47,37.36,53.87,0.82,Acidic Soil,tea
23.95257806675942,56.218236490107316,125.18820451673719,6.062574543584087,33.0,27.0,32.0,837.0,Loamy Soil,sweetpotato
25.00948256,62.15526779,210.8341183,4.547006971,68.21,37.6,51.46,0.58,Acidic Soil,tea
33.75111729953807,69.30496036331611,83.53363916348393,6.306358562804298,20.67,59.06,82.66,2.19,Loamy Soil,peanut
18.73476810655762,55.95903554190007,64.13817435087633,6.1809360711206125,56.4895,49.85,51.68,0.79,Acidic Soil,maize
26.69542117519319,88.81869972323831,60.16673390243963,6.350999319774975,58.6525,68.29,52.56,1.49,Acidic Soil,watermelon
25.026009133558507,84.68059141555528,202.8955498227313,6.849954106710755,70.84,147.452,140.2401,1.76,Loamy Soil,rice
28.782108556576297,87.09268217205702,50.76704255859633,6.9323426976099425,58.86,139.076,86.84,1.42,Loamy Soil,mungbean
29.68846716,94.30111601,26.83924845,6.168757984,54.17,64.03,44.31,2.36,Acidic Soil,muskmelon
24.60116019343439,55.348552950870655,200.79121611163086,4.904258492723185,67.27,39.2,53.2,1.83,Acidic Soil,tea
25.5,72.3,149.2,6.69,122.88,87.76,171.91,2.35,Loamy Soil,chilli
28.240252428142117,64.23989439216164,223.22131496042573,5.043669059540339,30.0,25.0,50.0,746.0,Sandy Soil,cassava
22.738104313888623,57.83324749836631,79.64156037886919,5.640930195111346,43.0,23.0,34.0,846.0,Sandy Soil,sweetpotato
34.14624350462805,65.46523353869804,119.26005384646842,6.13890779898788,14.18,54.13,75.82,1.49,Loamy Soil,peanut
27.897571486326488,83.27963727553903,116.65719106351712,6.0085981472301055,64.9805,59.81,55.4,1.0,Acidic Soil,banana
31.272966717963115,67.50940477781148,87.17929866246249,6.024875893225792,21.4,53.86,83.4,1.51,Sandy Loam,peanut
29.201827401523033,91.24564384715568,23.86740308971898,6.630057385150532,55.65,94.43,48.97,0.73,Neutral Soil,muskmelon
26.683534848317294,70.41485268661053,62.01295617153438,6.652305737560952,76.98,75.69,111.34,3.64,Silty Loam,garlic
27.985884422606475,92.71205748976188,22.318765396700154,6.256591652564942,52.16,63.59,44.65,1.65,Peaty Soil,muskmelon
25.911360577119826,51.92145885615961,176.61176920856866,7.500282357044269,60.57,63.349999999999994,91.79,1.44,Loamy Soil,coffee
25.3,78.7,184.6,6.69,33.07,43.81,65.67,1.57,Loamy Soil,soybean
27.4825040832564,81.68770755571377,241.56603864131287,6.496352386362154,142.49,97.63,172.14,2.54,Silty Loam,cabbage
28.96586565,90.71832938,22.25838137,6.566759102,53.25,92.82,46.85,1.45,Neutral Soil,muskmelon
26.79612284993393,62.354530643491124,53.40879413372244,6.143715999354486,100.34,86.04,120.67,3.35,Loamy Soil,shallots
23.953942338407938,84.01407523927783,54.95302292603997,6.6046510605567565,55.13,103.97,63.1,0.65,Neutral Soil,watermelon
28.135026789928798,52.81210884781572,89.22142382992186,6.840470256954228,58.62,113.824,107.787,0.67,Neutral Soil,mango
26.322989917076132,87.43221770260143,59.25497798978472,6.516167985143772,55.6525,77.42,51.75,0.66,Acidic Soil,watermelon
23.416760771069836,83.93692515900062,219.6855997733017,5.265569012710681,74.78,46.54,57.11,1.89,Peaty Soil,rice
27.0424167,57.27927475,165.6872119,6.501157208,64.26,64.45,84.29,1.78,Neutral Soil,coffee
24.67786638001345,62.935423746192754,67.03021064832062,5.980266376655816,117.18,73.44,142.57,2.57,Loamy Soil,shallots
28.06571492135363,68.51960859916129,101.20252813091174,6.809927780819877,85.14,67.11,88.97,2.75,Clay Loam,garlic
24.52783742,82.73685569,224.6757231,6.364134968,75.33,69.04,87.11,0.63,Acidic Soil,rice
23.83509503,83.88387074,241.2013513,7.473134377,76.79,83.19,107.97,1.2,Loamy Soil,rice
26.50364470109674,76.78702372106342,161.48813393040143,6.165607726043926,86.85,59.97,86.85,3.29,Loamy Soil,chives
30.18657065133081,71.91413412458729,164.12324028457124,6.6634193476461,30.6,43.21,71.69,1.58,Silty Loam,soybean
26.213545440340358,73.8170687298424,191.1007136566692,6.204645399319593,20.78,61.59,62.49,2.48,Loamy Soil,soybean
26.392815789523134,59.24740504953186,109.60242134023717,5.899689426965499,32.0,23.0,39.0,741.0,Loamy Soil,sweetpotato
25.1420613,65.26185135,76.68456006,6.021902237,56.99,50.02,50.45,2.45,Acidic Soil,maize
26.65,63.53,195.83,4.98,25.0,24.0,31.0,732.0,Sandy Soil,cassava
28.41955259965216,84.34868992112173,84.19250785197444,6.2397773539069945,24.32,47.15,55.57,1.51,Loamy Soil,mungbean
23.77597652773564,64.49013213687148,47.97753393339681,6.3412081777571565,101.27,66.64,127.00999999999999,3.44,Sandy Loam,shallots
28.712765811221608,68.8553453791096,189.93995250640037,6.835227796789446,23.53,48.25,62.43,2.78,Silty Loam,soybean
23.59995275447486,62.09803162935867,190.2373785035925,4.559549488654727,65.43,38.93,51.78,1.32,Acidic Soil,tea
27.7,74.8,60.5,6.82,101.92,75.22,115.13,3.14,Loamy Soil,garlic
27.526742739312322,69.73476409684794,199.6086456477896,5.9100825569820055,122.19,96.69,120.3,2.25,Silty Loam,chilli
25.667598448019117,73.23628438678038,146.6059947845905,6.303723783182416,37.41,45.71,62.129999999999995,1.78,Silty Loam,soybean
29.42156793,78.20585613,98.12565829,5.571082542,62.58,46.388,49.341,0.87,Acidic Soil,banana
25.81009413841358,55.895806581217016,222.06347462551835,4.789500699241695,68.37,37.47,55.29,1.62,Peaty Soil,tea
35.83672243178194,54.72191380929546,91.98204025254385,6.369928108524779,61.709,57.56,63.57,0.91,Acidic Soil,mango
25.6,82.6,171.9,6.67,128.05,88.62,156.9,3.81,Clay Loam,cabbage
30.89100402670915,83.46616523740987,131.9309561405209,7.010041347652026,23.75,32.13,56.16,2.29,Loamy Soil,mungbean
23.30937058313273,56.27980373250699,248.02513891303744,4.604121018778746,67.97,36.04,53.62,0.53,Acidic Soil,tea
32.17752026,54.01352682,91.88766069,6.207495815,58.87,50.45,55.46,1.01,Acidic Soil,mango
30.054033163200362,65.68725951231083,52.869361383986714,6.016808355378276,23.4,49.48,72.29,1.8,Loamy Soil,peanut
27.033824781971127,58.02864436547966,71.2963710692592,6.727305976674483,47.0,36.0,44.0,792.0,Loamy Soil,sweetpotato
29.3,61.9,61.9,6.45,82.68,76.45,117.54,2.89,Sandy Loam,shallots
27.19046984242079,72.22462707218129,98.75542544874969,7.379877085448006,86.5,77.08,133.56,2.27,Loamy Soil,garlic
30.179239584210737,66.37352153331611,61.28308118951979,6.239135829235915,21.37,58.1,79.47,1.31,Loamy Soil,peanut
31.77223775520823,91.78681880186288,208.16786179739282,6.611858924954813,82.96,84.9855,94.53,1.59,Neutral Soil,papaya
27.00167734709292,80.55046805215471,93.87996116348442,6.347153505046116,61.69,75.272,62.791,0.8,Acidic Soil,banana
24.29166728793169,63.36508202198834,83.96722334151887,6.09334085662783,98.37,68.09,144.56,3.23,Loamy Soil,shallots
32.2,78.7,125.3,6.86,27.57,57.97,71.2,1.6,Clay Loam,soybean
29.33710543,90.81781439,202.0572747,6.739170045,79.91,134.46,143.29,1.95,Loamy Soil,papaya
25.850398638876896,82.13526983166285,49.17600431348601,6.949147156385969,54.59,143.668,121.920105,1.12,Loamy Soil,watermelon
27.422182153818007,93.56954685853896,26.278997107213275,6.724297928160281,56.56,134.7555,52.986,2.22,Neutral Soil,muskmelon
24.518506904864743,81.56739863733814,165.64721453749186,6.553833378137329,146.06,98.9,126.07,2.94,Loamy Soil,chilli
22.534393607585123,86.73195406780128,240.21161586186693,6.5077637224591305,78.93,58.79,76.46,2.84,Loamy Soil,chives
22.027653416484537,90.15359482590198,293.804555518232,6.850407730602201,89.4,40.66,74.09,3.07,Silty Loam,chives
24.29976014866686,83.62048648429601,56.195946888053555,6.458977419182524,57.55,72.31,53.1,1.89,Peaty Soil,watermelon
26.4489226790039,81.87263150228375,120.27080857191073,5.940929076909008,65.05,52.55,54.02,1.69,Peaty Soil,banana
27.130487171140263,67.26684704509108,48.63303432657059,6.194842971730055,85.29,87.13,129.38,2.82,Loamy Soil,shallots
18.42079156896736,62.08346552460712,68.91108858667748,6.410717298748455,55.57,62.21,54.09,2.32,Acidic Soil,maize
24.28888877,84.20576992,48.01138482,6.538006356,55.44,84.68,53.86,0.94,Neutral Soil,watermelon
23.153777752020478,85.78454557710036,206.11568044477974,6.096915095179959,80.93,46.57,98.85,2.77,Loamy Soil,chives
32.29791132033089,92.03596561448651,103.70995730062229,6.352167107606594,68.01,78.78,63.56999999999999,0.68,Acidic Soil,orange
24.620293209112464,69.5550488426993,79.64684483462199,6.2798395745339075,93.62,69.09,118.14,2.9,Silty Loam,shallots
27.796006181876205,60.654441593916985,151.72424571888152,6.26409811893665,34.0,16.0,39.0,812.0,Sandy Soil,cassava
27.35003104,50.70880979,92.37238878,4.94295037,57.05,37.4,45.99,1.7,Peaty Soil,mango
28.605349185249736,65.5897923182346,90.20217228051841,7.3579867364913145,75.81,68.8,117.97,2.09,Clay Loam,garlic
25.227079350088367,83.8850721890727,40.10925221526708,6.848829606915456,57.9395,145.53795,95.83,1.58,Neutral Soil,watermelon
27.82636099406364,52.5269684496303,97.21596128395983,4.790146119530756,54.64,38.88,46.68,0.73,Acidic Soil,mango
27.579773025663947,79.03240102716853,107.85475160927317,6.469320712675544,61.19,75.26,59.791,0.53,Acidic Soil,banana
27.3506296,94.2911951,27.21244021,6.067665498,53.9,60.34,43.89,1.71,Acidic Soil,muskmelon
27.320909746826143,86.99869738868668,47.87631858343795,6.359274569926362,54.65,72.76,50.06,1.46,Acidic Soil,mungbean
23.30191400232476,51.342093657871814,165.03236478255255,6.932436288097405,57.62,147.07185,148.553,1.81,Neutral Soil,coffee
22.4928210733746,62.531160498446134,153.5619299076659,5.0568129811455975,64.7,40.0315,48.87,0.83,Acidic Soil,tea
24.16451828,56.79991063,235.9374819,4.921436311,67.99,38.2,55.13,0.71,Acidic Soil,tea
27.8,64.43,158.33,5.35,27.0,21.0,29.0,679.0,Sandy Soil,cassava
29.41,62.83,168.21,6.02,38.0,29.0,48.0,633.0,Sandy Soil,cassava
27.669299088080784,90.88421136979649,237.762240008494,6.5833897710581075,85.16,96.64,117.69,1.2,Neutral Soil,papaya
28.740701125423392,66.31494168767567,70.29133595457235,6.28847992247437,81.97,74.64,127.21,2.21,Silty Loam,shallots
18.66116213,61.55327249,75.03247667,6.121294041,54.79,51.01,51.39,1.91,Acidic Soil,maize
29.456342998477297,88.83235641732865,42.42108385553195,7.021259613235703,54.07,150.098,140.61351,1.13,Loamy Soil,mungbean
22.72791041,82.1706881,260.8875056,7.300410836,77.07,112.06,145.43543,2.28,Loamy Soil,rice
26.593423664146172,61.02512216483937,144.49599886751156,6.929157184205559,62.28,144.53785,144.787,1.2,Loamy Soil,coffee
29.1,69.6,110.7,6.19,23.29,54.28,84.26,1.65,Sandy Loam,peanut
28.99466872614227,77.62340618904759,111.59120450956898,6.1404090171982695,29.66,58.98,65.24,2.2,Clay Loam,soybean
26.65,58.97,71.01,6.82,49.0,34.0,44.0,792.0,Loamy Soil,sweetpotato
29.82138531295169,51.601338583702976,95.6535205636997,6.879416877703681,59.16,111.67,110.5,0.57,Neutral Soil,mango
41.786329380008326,92.58126832479051,197.96641717395346,6.841186396099202,93.38,141.44,146.115295,1.11,Neutral Soil,papaya
24.830211101736122,57.65560865650334,90.18513887970836,6.745176887308366,53.89,79.45,74.57,2.12,Neutral Soil,maize
26.86669926386495,56.830302916217,154.01459441509908,6.777161300300964,64.83,102.22,124.2,0.71,Loamy Soil,coffee
28.9,74.2,65.7,6.16,18.28,59.48,88.2,2.12,Loamy Soil,peanut
25.59,60.97,194.27,5.55,30.0,22.0,23.0,627.0,Sandy Soil,cassava
27.37052325867156,67.20230179716893,121.98758176984994,7.116733213752724,62.15,141.88594,151.0319245,2.35,Neutral Soil,coffee
23.02038334,61.89472002,63.03843397,5.680361038,54.99,44.07,46.84,1.74,Acidic Soil,maize
28.69708334,94.30759855,22.21807088,6.040559392,53.34,58.8005,43.316,1.08,Acidic Soil,muskmelon
28.66086349,86.12194568,50.01534317,6.860602782,56.86,141.076,87.84,1.42,Loamy Soil,mungbean
30.7,68.8,54.7,6.12,29.28,66.58,81.2,1.5,Sandy Loam,peanut
29.208260854286298,81.01662538220044,109.05485595637934,6.36928853906188,35.41,37.69,69.44,1.83,Sandy Loam,mungbean
27.29035669,90.53330091,23.49535234,6.130160473,53.22,61.22,43.6,1.17,Peaty Soil,muskmelon
30.03425317948261,91.37038394482704,118.21892359716227,6.17961578229227,67.06,59.13,55.42,1.45,Acidic Soil,orange
26.7320648,81.17734011,272.2999056,5.960370061,82.86,53.42,74.92,2.35,Peaty Soil,rice
20.320098408903412,60.00972111156921,69.35001859619268,5.560253693542281,52.56,41.825,46.84,2.01,Acidic Soil,maize
31.38502455221049,79.96596471619571,121.61944614864628,6.394147754272495,22.85,45.87,66.4,1.78,Sandy Loam,mungbean
35.233446776006964,48.74873591054648,99.81697439059803,4.5936612665052845,62.53,34.324,46.3595,1.58,Acidic Soil,mango
28.610036247558043,65.04415720813525,106.49118290462077,5.132320911854413,33.0,22.0,20.0,833.0,Loamy Soil,cassava
24.7947077,70.04556743,76.72860067,5.722579819,57.4,46.45,48.01,2.17,Acidic Soil,maize
15.44784827025333,93.78680638295968,101.17428022930756,7.488141609134219,59.31,78.39,65.11,2.1,Peaty Soil,orange
34.17719782,50.62161586,98.00687989,6.113935087,59.42,47.14,54.75,0.6,Acidic Soil,mango
27.911563514860653,91.21679789502211,20.852675259227528,6.547637193687258,51.97,93.33,46.33,1.33,Loamy Soil,muskmelon
42.7384393295642,90.08614215411522,88.32390984593026,6.563056771351638,71.92,93.28,69.84,2.45,Neutral Soil,papaya
28.05758724322012,88.67860749098875,166.79503344308466,6.119572143597798,58.07,46.06,93.47,3.41,Loamy Soil,chives
31.0,72.0,58.8,5.91,27.11,53.98,84.43,1.84,Sandy Loam,peanut
29.122450917458792,64.61673382977824,129.23062213221985,7.13670312078316,28.0,20.0,43.0,690.0,Sandy Soil,cassava
25.94019018,78.3422098,118.9970203,6.211833161,63.53,59.82,60.27,1.62,Peaty Soil,banana
22.96228267,56.04805635,156.1374967,4.918981763,61.687,38.08,50.0,2.48,Acidic Soil,tea
28.0757532136586,78.17351885046163,93.8883899201669,6.208867999672952,58.62,59.96,58.51,0.8,Acidic Soil,banana
29.531150115127467,45.497581050709755,96.87888459898389,5.254904381388351,56.09,39.15,49.65,1.27,Acidic Soil,mango
27.30796759848301,81.40109431125703,96.08466464816871,6.439699489976834,64.69,72.272,63.791,0.8,Acidic Soil,banana
32.5,69.8,94.1,5.93,15.11,68.17,85.52,2.09,Loamy Soil,peanut
29.380323195878432,70.96143929778574,107.81798156859504,6.76194953918312,72.61,56.98,109.56,2.26,Silty Loam,garlic
28.8,74.8,87.4,6.66,85.56,67.54,123.23,2.75,Silty Loam,garlic
15.83388699,91.68293851,109.7571416,7.651225301,58.85,72.24,62.47,2.08,Peaty Soil,orange
32.79781755525818,72.40373005312762,63.81153824241072,6.164975142040737,24.54,49.98,82.61,2.13,Sandy Loam,peanut
32.5,70.5,77.1,6.22,22.41,56.04,76.25,1.74,Loamy Soil,peanut
26.0,71.0,299.0,6.03,89.08,57.15,93.99,3.94,Loamy Soil,chives
28.814962119655785,79.72760526621433,125.32752908876391,6.196277383322792,22.46,41.98,55.53,2.5,Sandy Loam,mungbean
27.6,75.5,193.3,6.22,64.85,51.31,81.48,2.92,Loamy Soil,chives
24.023380245894487,62.69034882165981,82.98022975904792,6.098347758317636,100.37,65.09,143.56,3.23,Loamy Soil,shallots
30.2,63.4,63.3,6.05,91.88,67.11,104.11,2.08,Silty Loam,shallots
25.10669012095386,51.12686120247914,136.07520091515542,6.978233826572346,58.61,147.0820435,147.57627,1.32,Loamy Soil,coffee
23.171704755633815,64.89112315591129,123.3103488200643,6.869033264964332,61.24,117.41,115.35,1.61,Neutral Soil,coffee
30.72414173377185,69.56161514611351,111.73845748997579,6.126936056252588,27.16,61.14,77.92,1.41,Sandy Loam,peanut
32.0,63.0,88.4,6.57,94.71,69.03,135.62,2.65,Silty Loam,shallots
24.40668135017144,67.35818093802443,64.31267359502702,6.990583579108263,111.52,55.56,132.31,2.2,Loamy Soil,garlic
28.64555584,93.22642604,115.8163936,6.751747609,67.18,142.66,102.2,0.66,Neutral Soil,papaya
33.7152411828896,50.595096539950305,97.60176629694452,5.103318965397616,59.37,40.1,45.77,0.5,Acidic Soil,mango
29.24737049379659,86.0042810288626,58.637331835148636,6.350345951516989,59.24,65.7525,52.26,0.81,Acidic Soil,mungbean
24.962290876198992,76.86585144512586,219.28081806836562,5.622064122077775,145.18,104.81,176.78,2.59,Sandy Loam,chilli
23.52024545944972,68.09092707117925,73.24702036510027,6.7867301405403255,89.09,75.0,91.13,2.65,Clay Loam,garlic
25.07882697060575,85.50065170950296,265.27662873715644,6.582367128688828,83.8,49.53,83.14,2.65,Loamy Soil,chives
23.8238508508643,54.93075418032824,125.51544545022853,5.994800630717483,38.0,24.0,33.0,837.0,Loamy Soil,sweetpotato
20.200354276244514,60.43688443852511,102.7500726475276,6.863769303256086,59.08,141.858,143.688,0.75,Neutral Soil,maize
25.181518599938187,80.52046675821589,48.49096684325391,6.828188664873432,57.41,146.812772,103.61,1.25,Loamy Soil,watermelon
29.7,68.1,55.9,6.06,26.49,51.15,83.83,1.58,Loamy Soil,peanut
22.3611914536021,81.1742118020698,262.3905345248607,7.385385278340484,76.07,112.06,144.43543,2.28,Loamy Soil,rice
28.27973674,90.38971208,21.58992507,6.224535449,53.07,64.97,43.71,2.26,Peaty Soil,muskmelon
17.092063223989406,94.0362200060778,107.71075079168504,6.923621840477314,58.79,142.4994,145.242,2.42,Loamy Soil,orange
33.20258348,92.76437927,197.5282582,6.977700268,83.8,145.77452,146.80693,0.63,Loamy Soil,papaya
25.9,78.5,239.1,6.28,132.0,117.45,120.48,3.08,Silty Loam,chilli
24.75635701538698,55.83859641697997,124.41228415393948,6.103625443070305,39.0,23.0,29.0,837.0,Loamy Soil,sweetpotato
29.199310348180248,91.69510003644284,25.97566233834673,6.058725945658415,54.18,60.4,44.36,1.45,Acidic Soil,muskmelon
24.112240004082167,55.817957338081655,240.3574394306291,4.646948889554432,67.47,37.36,52.87,0.82,Acidic Soil,tea
30.13873864746308,46.09981531938493,92.06321754042328,4.918018485014325,54.06,36.95,48.04,1.58,Acidic Soil,mango
26.29465461,84.56919326,257.4914906,7.023936392,81.81,146.631,140.52,1.38,Loamy Soil,rice
24.348397548230555,87.30583327477942,45.563615224822115,6.366481608219694,54.27,76.65,51.85,1.03,Acidic Soil,watermelon
28.14938935,81.54448882,91.40508414,5.790768046,61.66,50.23,50.08,2.06,Peaty Soil,banana
25.011133561230533,94.71717942048745,134.34124956511297,6.5903484575675595,69.54,119.11,97.72,2.24,Neutral Soil,papaya
28.79706566905817,70.27653951630388,80.9177423440115,5.888970306150985,17.17,48.91,73.27,1.24,Loamy Soil,peanut
27.7,87.0,187.3,6.99,80.48,45.64,80.71,3.86,Silty Loam,chives
25.349514680469948,92.72028531831845,98.65424203142871,6.7806867989243,61.9,147.72,92.61,1.0,Neutral Soil,papaya
25.355413352167485,81.69445323331291,186.88269932902782,5.054004793006997,70.08,41.919,56.0975,1.29,Peaty Soil,rice
28.547939884170074,82.10228338898203,212.1736095350835,6.299050481817402,90.65,46.2,92.21,2.97,Silty Loam,chives
26.150363144634316,63.34747809227323,228.61284169506652,4.677671931167474,71.18,39.85,52.57,0.98,Acidic Soil,tea
27.28601111263925,63.841050127047914,235.78828180463597,4.520217079760889,70.6445,36.95,54.92,1.15,Acidic Soil,tea
28.59494299474985,66.01407955656829,191.85514634301032,6.006763441106674,21.25,47.35,64.14,2.61,Loamy Soil,soybean
27.40361930924336,81.05378339757542,43.91797049898919,6.770606180625511,54.33,142.41925,77.82,1.92,Neutral Soil,mungbean
25.092294514573346,87.68506375791335,165.71913188150234,6.153112868310661,159.04,89.65,182.74,2.82,Loamy Soil,cabbage
26.44414097,53.83876189,175.3723314,6.993236001,63.87,141.597,140.4125,0.84,Loamy Soil,coffee
26.0,66.2,102.1,6.56,34.94,52.15,66.03,1.61,Clay Loam,soybean
32.37062331605913,68.96778400742997,97.23458260473367,6.260473676916552,13.27,61.42,89.82,1.66,Sandy Loam,peanut
27.214170618675425,45.06539814039265,94.75572374406208,4.985163391520681,53.8575,36.64,45.03,2.05,Acidic Soil,mango
24.962164632011277,89.70320188783961,47.20001989777473,6.093723938858121,57.96,62.05,45.62,2.07,Acidic Soil,watermelon
25.335344359483628,80.7942420369292,218.84892661343724,6.098110248330088,144.09,116.11,187.92,2.6,Silty Loam,cabbage
29.21879310141165,73.70198760773629,74.59817582951177,6.127028077272151,26.68,50.61,78.44,1.15,Sandy Loam,peanut
22.53510514,67.99257471,64.40866039,6.489040367,55.48,69.92,56.81,1.54,Acidic Soil,maize
21.616727632392962,60.55210661928105,229.67411948275205,4.814144047885583,64.35,37.18,51.8,2.48,Acidic Soil,tea
32.847483775101146,47.12831847535076,89.15032994682863,4.836714490789861,55.86,36.34,47.4,2.09,Peaty Soil,mango
28.32,60.29,141.59,5.08,31.0,22.0,34.0,717.0,clay,cassava
22.06,56.74,108.64,6.23,43.0,21.0,39.0,711.0,Sandy Soil,sweetpotato
29.92707781375931,77.57424324359954,146.41841656821668,6.61652093533584,19.21,39.18,77.53,2.1,Loamy Soil,soybean
34.73823882,49.08864345,90.65022183,5.855119268,58.59,42.86,50.56,0.92,Acidic Soil,mango
25.35467646,91.81183218,116.7555937,7.855446235,65.1,58.7865,55.69,0.75,Alkaline Soil,orange
26.285405443436446,62.06131529742262,215.21462495551947,6.689672575843618,41.0,18.0,31.0,767.0,Sandy Soil,cassava
29.530183104631096,93.17384700010896,28.507681952023834,6.461294816702222,55.24,94.8,47.35,1.14,Loamy Soil,muskmelon
23.271022698794386,59.53884047481209,119.64111132727977,6.544204825984317,41.0,32.0,53.0,805.0,Sandy Soil,sweetpotato
26.19370227684503,69.84834988284058,63.82532683664492,6.201177197248636,117.25,63.459999999999994,117.4,3.12,Silty Loam,shallots
30.63773764961908,69.289394595109,55.0361758044964,6.128088872428006,26.28,64.58,81.2,1.5,Sandy Loam,peanut
27.408590089100873,67.14816287199076,65.29025216644324,6.641899567663155,87.64,80.17,105.61,2.4,Sandy Loam,shallots
30.3,84.0,99.3,6.34,34.74,47.61,51.82,1.65,Sandy Loam,mungbean
26.048515044701464,85.98363151829426,52.6978872471844,6.092864319325239,58.73,60.61,49.09,1.61,Acidic Soil,watermelon
27.972678351519445,69.96777753420547,52.86575081413172,5.881894803966587,17.46,52.32,77.61,1.24,Sandy Loam,peanut
25.816350918882613,70.18773323967798,61.194552904396964,7.096564016853259,74.78,75.38,128.81,2.45,Loamy Soil,garlic
25.05931731546381,85.99753101267967,289.71850933739967,6.781305949742364,79.75,43.1,73.96,2.5,Silty Loam,chives
25.55656667,62.67087838,193.5866233,7.27905689,67.23,97.37,132.5,1.67,Loamy Soil,coffee
25.25360803,62.32168144,238.5986386,4.937445982,70.86,39.0315,55.42,2.03,Peaty Soil,tea
25.86475496,86.67468041,41.16554802,6.662244646,55.13,106.99,56.25,0.68,Neutral Soil,watermelon
26.497859810134383,73.94909860902744,115.48122937509544,6.977471136270774,31.94,42.85,67.08,2.45,Loamy Soil,mungbean
29.8176376169776,50.64872011677993,97.71752807046971,5.662477894423544,58.03,40.35,51.68,2.01,Acidic Soil,mango
26.24,57.29,121.23,6.04,49.0,21.0,48.0,842.0,Sandy Soil,sweetpotato
20.762407270983367,90.42061309262719,102.01455903046481,6.192534879179317,61.81,68.45,58.25,1.97,Peaty Soil,orange
25.819266184739988,88.30936291328554,44.246532134749394,6.744752254540796,53.78,139.07,64.64,2.48,Neutral Soil,watermelon
22.790352596869948,82.80596867139865,202.5064111587439,7.547913908339109,68.19,78.93,89.12,2.15,Peaty Soil,rice
33.92395865759594,50.8989028325552,99.65382458591439,6.091784545706521,62.42,49.14,52.75,0.6,Acidic Soil,mango
28.631897616278618,87.17345876564812,215.27682260057654,6.319324566833104,76.67,45.56,73.79,2.56,Silty Loam,chives
26.224684277035383,64.944089866319,148.14990323605036,7.540732772658426,67.2,71.42,78.6,1.18,Neutral Soil,coffee
23.118757266029277,90.11285626560024,244.78455117742456,6.613850605458199,128.66,108.51,161.01,2.93,Clay Loam,cabbage
29.32259273698995,76.53129212430498,95.7456560936912,7.117449799975547,31.82,46.99,64.37,1.94,Loamy Soil,mungbean
25.4335336175786,60.344245814330485,75.68937947612726,6.347531539977011,52.0,36.0,30.0,720.0,Loamy Soil,sweetpotato
31.637684162038127,49.93236969783428,90.36232446149849,6.546089986972722,57.78,60.51,64.16,1.51,Acidic Soil,mango
31.92742896417419,73.55159388600657,51.052909479364985,5.899102449090504,23.07,57.15,79.01,1.84,Sandy Loam,peanut
27.91168044571264,60.79708065505976,228.4044147189993,4.83258401452443,73.6445,38.24,53.61,0.91,Acidic Soil,tea
18.66746724,71.516474,69.93293255,5.721667141,55.19,46.78,47.29,2.23,Acidic Soil,maize
22.464526223464546,57.674619726286075,108.56244333992018,6.292818490114533,45.0,19.0,40.0,711.0,Sandy Soil,sweetpotato
38.58954491,91.58076549,102.2708231,6.825664782,70.08,144.264,118.22,1.02,Loamy Soil,papaya
31.225326825365503,70.76118542612282,168.20525779827824,6.0739199636447525,144.01,82.58,162.03,3.16,Silty Loam,chilli
31.109259017372544,73.38674548642038,104.03200738789818,6.798649890235504,18.27,32.97,54.7,2.08,Sandy Loam,mungbean
18.28214391,72.61024172,78.96159541,6.376651091,55.76,64.95,56.89,1.66,Acidic Soil,maize
23.30355338,73.59052499,97.59081274,5.873242491,59.3,49.6,51.55,0.53,Acidic Soil,maize
25.763880169117208,61.390084370954604,143.9345606973864,4.587060372739296,30.0,16.0,48.0,736.0,Loamy Soil,cassava
35.26824831,92.38282957,149.8488208,6.821774589,77.12,148.278,141.507,1.1,Loamy Soil,papaya
27.52158766535632,94.36984824934977,49.705195755644155,6.746125367661377,56.8895,120.29,57.848,1.33,Neutral Soil,papaya
24.63,57.73,85.12,6.4,45.0,39.0,56.0,878.0,Loamy Soil,sweetpotato
21.967599954715126,57.49653381936582,202.8815762903,4.915182358461148,63.74,37.21,51.9,1.29,Acidic Soil,tea
26.0713757,88.7285657,57.79652846,6.467095849,57.43,79.95,54.46,1.92,Acidic Soil,watermelon
23.26790447,59.02050697,187.2409307,4.524333644,64.29,37.11,50.03,0.68,Acidic Soil,tea
28.66255855947964,68.33196404324705,39.21175019461358,7.041485002880749,70.85,69.02,118.4,2.39,Silty Loam,garlic
27.10210397,55.7497332,139.5013171,6.911066044,61.71,141.40874,141.5751,2.29,Loamy Soil,coffee
29.2114218,87.11497805,51.53848218,6.41874299,57.29,74.96,51.82,0.54,Acidic Soil,mungbean
25.33,59.54,77.16,6.32,49.0,38.0,32.0,720.0,Loamy Soil,sweetpotato
28.830415616799034,93.98191877385659,24.903331624524792,6.204170982721419,52.07,62.59,44.23,2.36,Acidic Soil,muskmelon
25.423877105104346,86.0029315662239,242.62778858174008,6.427750976000781,173.9,114.06,160.33,3.79,Clay Loam,cabbage
24.958779,84.47963372,196.9560008,5.206373153,73.07,44.13,57.0975,2.03,Peaty Soil,rice
23.190569317596736,72.6807403940393,94.4655416612357,5.887971830393479,56.97,51.21,50.96,2.36,Acidic Soil,maize
36.418501084482244,92.79724466160943,103.54338469632943,6.811497104961394,70.9,150.617,146.12,1.11,Neutral Soil,papaya
25.5421695,83.31883376,57.57343233,6.932547356,56.81,141.5105,123.920105,1.76,Neutral Soil,watermelon
24.131176865585008,68.91549866219175,83.90230146465076,6.972073627142834,99.11,50.82,106.46,3.54,Clay Loam,garlic
25.18576593591879,80.4468038181167,184.65009883869666,5.99885398899017,71.05,52.94,62.87,2.13,Peaty Soil,rice
39.655264777241115,90.82896708376393,124.62778502213718,7.003750583903613,74.69,144.7055,148.115295,1.77,Loamy Soil,papaya
19.70707887624176,57.005645688446414,109.37484184673427,6.818124900267035,58.84,92.0,93.31,2.21,Neutral Soil,maize
27.22129993119481,91.68399683019429,100.45471129618237,6.925905888875674,65.05,143.232233,144.312,1.8,Neutral Soil,orange
33.721490350016126,72.49029423598012,94.15098695144178,6.233259721433871,14.13,49.82,78.54,1.07,Sandy Loam,peanut
28.37705877362695,91.22081013918088,29.213957127318718,6.1835092978412325,53.27,62.24,46.33,0.93,Acidic Soil,muskmelon
23.96190639697447,58.050528028541926,213.93600125276794,4.602297367409553,64.39,39.4,50.97,1.83,Acidic Soil,tea
28.20057511307461,82.05800605259334,58.42994388482957,6.731100126717747,54.6,106.59,62.58,1.69,Neutral Soil,mungbean
28.32087463443943,67.42807461364832,109.23387503345982,6.800887928896983,27.6,56.7,75.6,1.91,Silty Loam,soybean
23.108247085251087,68.0624570613402,172.32906637031067,6.77286162419522,66.38,110.02,127.32,0.81,Loamy Soil,coffee
30.056008848540195,82.88245333974324,38.998289557769034,6.667982675820768,54.54,97.24,53.21,2.01,Neutral Soil,mungbean
27.4,82.8,140.3,6.74,20.93,34.43,68.42,2.28,Loamy Soil,mungbean
26.28182526,62.25823483,199.2348307,4.541489179,68.11,37.6,50.81,0.85,Acidic Soil,tea
27.147495499976273,60.08415501432542,195.99595431917209,4.582346801917323,65.65,37.39,51.52,1.44,Acidic Soil,tea
29.681710767403622,64.97278712432802,201.0578073231759,5.876801338848043,39.0,19.0,38.0,720.0,Loamy Soil,cassava
42.561282220614174,93.74552968069379,211.62509461495824,6.5409135161458725,92.627,93.61,101.78,2.0,Neutral Soil,papaya
31.227132718483066,73.54237893535549,83.33018724612778,5.930316394837778,29.08,58.61,71.86,2.05,Loamy Soil,peanut
27.5,79.5,210.1,6.18,141.28,106.17,157.16,3.37,Silty Loam,cabbage
25.147457241464977,64.68146077339206,37.90688112375946,6.505734124173867,82.52,65.04,117.08,3.32,Sandy Loam,shallots
31.22790131,94.63707378,50.95886237,6.620729882,57.8895,105.1,59.848,1.02,Loamy Soil,papaya
27.92678579,86.5543196,43.4826194,7.16602455,55.84,146.84961,71.65,0.94,Neutral Soil,mungbean
27.93114233,93.56161439,20.75707821,6.431970877,53.0,79.41,44.85,1.35,Acidic Soil,muskmelon
29.338381269902126,79.47380199139066,178.24566228645043,6.40876854002291,37.73,44.84,63.540000000000006,2.27,Clay Loam,soybean
25.42981410384436,62.10082518680104,191.77706892088952,5.0136064512907845,66.62,39.96,50.26,0.72,Acidic Soil,tea
26.684481836841933,75.00148000801273,93.74904677823558,6.966412082427828,104.5,53.27,96.92,3.29,Silty Loam,garlic
22.570049525925207,83.52000268854316,204.89298176102432,6.559566237191892,129.46,102.03,160.51,3.29,Silty Loam,cabbage
29.160008931693312,61.05789326354487,192.17592575250205,7.308906062070088,19.0,24.0,26.0,784.0,Loamy Soil,cassava
40.79829366325087,91.83931917253572,182.5941919983231,6.875830212967563,89.82,151.099313,142.14583,2.0,Neutral Soil,papaya
23.14542227,63.21390458,174.9286235,4.524333644,64.22,37.62,49.37,1.54,Peaty Soil,tea
40.42680091250635,94.6505270925195,147.28498326771083,7.019790681970176,80.35,140.365,144.70722,1.06,Loamy Soil,papaya
27.912015487541872,76.85873003874589,171.56381801864688,6.173115149440058,121.25,81.98,167.05,2.12,Sandy Loam,chilli
29.95983909856375,82.94719589387884,48.94578780785519,6.472696052070651,57.97,72.59,52.17,1.77,Acidic Soil,mungbean
27.6407701005302,90.0390595476531,23.377223153728956,6.648400090303908,52.2,122.48,50.09,1.41,Neutral Soil,muskmelon
38.38231475,93.10378595,210.2735346,6.985804083,91.75,144.334,141.52498,2.23,Neutral Soil,papaya
32.89861593354745,69.27258204474805,116.22631401496324,6.170252968834638,12.01,61.02,85.15,1.83,Loamy Soil,peanut
31.80982372135953,74.37555110569143,104.85054170201511,6.039924146763004,24.02,67.34,87.58,1.52,Loamy Soil,peanut
29.33381975911794,77.84180574072944,99.05300640496968,5.71447803725625,60.73,51.66,49.12,2.01,Acidic Soil,banana
28.549696695313777,78.91991377994003,205.4425435392928,6.8732317932626925,78.19,59.11,72.6,2.63,Loamy Soil,chives
33.34742410367239,67.15871156579425,55.961868352324444,5.791368289145751,27.22,56.98,73.99,1.13,Loamy Soil,peanut
29.34107343473949,93.31150132243374,25.426779009169856,6.191991986220226,53.63,64.45,45.93,2.34,Acidic Soil,muskmelon
27.42,61.34,204.0,5.7,35.0,19.0,42.0,683.0,Sandy Soil,cassava
27.84767901,83.31110751,117.2878912,6.101241579,64.9805,57.81,57.4,1.0,Acidic Soil,banana
29.525322833288424,92.62228954115884,30.138341799724106,6.36472446812333,56.28,70.87,43.84,2.08,Acidic Soil,muskmelon
34.16438906,54.16482251,98.33351125,4.954739564,59.709,37.94,46.41,1.57,Peaty Soil,mango
29.008124,84.96089355,45.91011391,6.664187809,56.29,105.9,58.23,1.91,Neutral Soil,mungbean
26.8,75.0,229.9,6.41,122.29,92.64,161.61,2.24,Silty Loam,chilli
27.80732910138433,61.834472497309086,211.5078877978105,5.563293315619991,27.0,24.0,39.0,749.0,Loamy Soil,cassava
31.593200878099704,69.96156790265432,246.78279490203323,6.302356394878144,137.26,113.27,129.39,2.95,Sandy Loam,chilli
27.1,65.3,118.7,6.02,16.11,53.27,78.26,1.02,Loamy Soil,peanut
26.721677804598848,79.21434128756815,181.65096719774067,6.134208891278672,124.31,97.58,159.26,3.16,Loamy Soil,cabbage
29.77149434,92.00719952,114.4161786,7.207991261,67.41,145.232233,113.35,0.93,Loamy Soil,orange
41.45253545019213,90.22550166532865,238.1264462594432,6.522318993840948,96.627,103.41,124.48,2.46,Neutral Soil,papaya
19.375505053155994,58.95562785848649,66.60583828634307,6.34757804432284,55.4895,60.93,55.12,1.34,Acidic Soil,maize
23.582133251657865,62.42127161418915,209.10681368633715,4.512370246261828,67.99,39.63,50.22,0.56,Acidic Soil,tea
27.48299156497829,76.6525265245135,111.01394945047973,6.046345002572308,62.98,53.89,54.11,2.28,Acidic Soil,banana
24.018538084381927,87.13644552585832,156.54372731051734,6.202425319056834,169.68,111.74,181.88,2.83,Loamy Soil,cabbage
24.05775804,58.71079757,205.6346664,4.57072475,66.14,37.25,51.29,2.48,Acidic Soil,tea
23.461823539874537,85.25176589120048,282.8668710858622,6.157011073857724,83.36,63.41,87.23,1.19,Peaty Soil,rice
22.63896323294342,72.02470599188871,67.80013597882457,6.406504629595942,58.16,62.17,52.95,0.84,Acidic Soil,maize
31.367806618034507,62.23812880788444,44.6894752774316,6.1930632965922845,87.57,72.85,132.31,3.16,Silty Loam,shallots
11.299255402536433,94.2954100233415,116.87888411764466,6.874643784221833,57.01,141.749,147.625241,2.46,Neutral Soil,orange
23.6817898,93.71043692,191.7760562,6.833768535,73.45,149.099313,147.431,1.47,Neutral Soil,papaya
35.38598705,51.42664176,90.29643888,5.254532213,59.13,38.84,46.9,1.9,Peaty Soil,mango
22.089188303253305,79.47550786908344,244.66794202480537,6.389615938434558,135.52,107.48,158.96,3.98,Loamy Soil,cabbage
28.789581656681943,76.42860748188757,261.2984342419498,6.175592802692994,81.05,45.42,85.07,2.86,Loamy Soil,chives
27.726922934960218,70.5729686809601,81.9858789141295,6.562754743125697,26.27,46.31,62.18,1.9,Sandy Loam,mungbean
25.86,59.25,95.53,5.51,46.0,26.0,45.0,849.0,Sandy Soil,sweetpotato
22.717122755874616,80.95421553345493,187.18104199959032,6.0974500144364505,153.51,115.2,161.06,3.73,Clay Loam,cabbage
25.33408810855783,67.04661380426093,105.9035290211423,6.125066665701526,56.98,50.96,55.77,1.88,Acidic Soil,maize
29.59551431294656,79.31736989710511,88.87819904247146,6.190744176402383,59.73,65.49000000000001,57.81,1.07,Acidic Soil,banana
26.84873250640213,77.3667109979012,92.72721037064352,6.223270380278137,58.8395,63.67,56.88,2.02,Acidic Soil,banana
29.68596587367864,83.10166363968318,92.83654610261429,6.578470677235912,29.5,43.85,66.48,2.36,Sandy Loam,mungbean
25.93250162935369,62.36286288605563,188.1450168348558,4.960239644372645,69.96,40.0315,52.19,0.55,Acidic Soil,tea
27.92063282,51.77965917,100.2181868,6.47544932,58.05,59.61,65.48,1.78,Peaty Soil,mango
28.365636018495763,67.06926669758307,165.3350798237405,6.05504151477131,36.93,40.79,79.16,1.69,Clay Loam,soybean
23.58461808668669,75.19710913886837,198.7884732290882,6.160307409660025,132.37,111.72,184.12,2.92,Silty Loam,cabbage
24.66857625794377,62.95494728177965,212.74709497713465,4.5597208626245145,69.21,39.6,51.46,0.58,Acidic Soil,tea
26.33231155894922,88.96523230124846,194.36822922422485,6.255556619898543,172.36,116.19,192.84,3.92,Clay Loam,cabbage
26.077968755848204,78.41836069511736,206.96184001801134,6.414556779162925,156.03,82.56,197.23,3.06,Silty Loam,cabbage
30.08588339413592,63.8683445895035,120.74244262982457,7.46116207362439,22.0,25.0,26.0,711.0,Loamy Soil,cassava
21.54156232,59.64024162,108.5181845,6.803931519,57.83,121.25,114.63,2.17,Neutral Soil,maize
23.97783487981671,58.64549895282176,117.96392238240067,6.602010166517444,44.0,35.0,52.0,805.0,Sandy Soil,sweetpotato
24.35564342117202,91.17026327929887,114.27356085264586,6.551137059080673,65.53,82.88,70.22,1.0,Acidic Soil,orange
31.71317238539201,76.6450132001027,161.77139519488543,6.4280532957528465,18.77,59.62,68.53,2.68,Silty Loam,soybean
28.47212559,91.21322065,20.88620369,6.160414414,53.01,62.59,43.32,2.03,Acidic Soil,muskmelon
27.940770931792304,77.5160416734799,110.0661267232964,5.686926019080749,60.3,49.05,52.67,1.02,Acidic Soil,banana
25.8375950502049,82.34050456912651,172.63366296359982,6.622905574884431,130.05,86.62,157.9,3.81,Clay Loam,cabbage
29.24866533944313,69.96064332477918,108.27170072743853,5.7853075261395945,19.75,66.08,89.89,2.18,Loamy Soil,peanut
28.78525551041244,74.92195399137161,108.85757429397572,6.546562655147131,90.25,55.89,111.85,2.84,Silty Loam,garlic
24.87300744,82.84022551,290.7103425,6.587918708,83.536,90.31,135.65,1.19,Loamy Soil,rice
29.13,62.19,235.1,6.17,39.0,23.0,41.0,643.0,Sandy Soil,cassava
27.23924995,86.404241,37.31236904,6.713410626,54.88,120.45,57.36,1.79,Neutral Soil,mungbean
34.51857962725288,91.20631108214944,117.47008838537897,6.770779919211885,66.476,131.66,98.23,1.3,Neutral Soil,orange
25.888837679328482,73.07163197486456,148.94819547473628,6.6692077440081405,123.88,86.76,172.91,2.35,Loamy Soil,chilli
21.84,55.48,93.68,5.88,31.0,30.0,41.0,833.0,Loamy Soil,sweetpotato
25.10759191097583,87.69838510677778,45.59017739084925,6.65145675042416,57.62,134.58,65.36,1.95,Loamy Soil,watermelon
25.424865232939293,79.63951535891533,43.1234447164705,6.175462498568094,57.94,61.72,45.09,1.27,Peaty Soil,watermelon
25.8,60.3,46.5,6.41,108.17,87.34,113.33,3.47,Sandy Loam,shallots
28.143574645171707,77.63198227840931,106.93040369072416,6.36493764820362,66.19,71.26,61.791,0.53,Acidic Soil,banana
27.44758956,63.69135557,218.3234174,4.658126343,71.2,38.16,52.43,1.98,Acidic Soil,tea
27.9146357622098,86.41532181570062,214.92171523741192,6.334112188711755,71.67,46.56,74.79,2.56,Silty Loam,chives
26.74935754,57.82609505,186.2506936,4.604537632,66.01,37.24,50.37,1.15,Acidic Soil,tea
26.52872817,80.28362927,218.9163567,6.158376967,75.85,58.56,74.68,1.39,Peaty Soil,rice
24.339637742993183,80.13417287373538,259.4481245189398,7.107361884250305,79.57,145.9271,145.82815,1.07,Loamy Soil,rice
19.052289097593704,72.92175724891065,81.80056650721647,6.22126194785058,58.3,55.97,53.05,0.99,Acidic Soil,maize
23.100784269868058,56.47391328750745,209.15539992811446,4.933943703556444,66.53,38.38,55.86,1.38,Acidic Soil,tea
28.149728463597565,77.43376667990714,110.96620486867486,5.964196845992813,62.98,51.89,57.11,2.28,Acidic Soil,banana
24.86374934,65.7420046,75.82270467,5.714799723,56.89,45.35,47.87,1.32,Acidic Soil,maize
23.17714381,52.13864034,120.5985918,6.959404135,59.605,147.0820435,148.0874,0.82,Loamy Soil,coffee
33.81919451444356,45.14004466463263,99.71503749332503,6.082794705082433,57.25,45.62,55.24,1.86,Acidic Soil,mango
24.808712343559414,84.9933923057588,109.41192921149167,6.477137722655926,98.96,118.9,142.37,2.55,Silty Loam,chilli
24.671621805939985,83.79737468600335,179.39816239451443,6.524876561841774,156.0,112.25,183.49,3.07,Loamy Soil,cabbage
23.34008469,62.36487289,190.8030418,4.640843481,65.43,37.93,50.78,1.32,Acidic Soil,tea
26.628678512431073,83.99479728971104,248.22793675677158,7.559019227797876,77.6,75.75,101.19,1.12,Peaty Soil,rice
26.037361937575074,72.70856499985268,46.94753124724043,6.604683653320551,93.07,53.6,89.99,3.54,Clay Loam,garlic
28.6,73.1,124.4,6.46,21.66,48.12,73.07,2.13,Loamy Soil,soybean
19.0781471,69.02298571,80.72515943,6.740000688,55.91,109.64,81.4,1.72,Neutral Soil,maize
33.65073051094721,52.85289551919125,97.58399427097523,4.696106700533392,58.709,37.19,45.87,1.88,Acidic Soil,mango
34.09192780949201,66.22537568695779,50.5920221615726,5.850545090248479,13.75,59.4,72.07,1.26,Sandy Loam,peanut
28.27,61.52,190.28,6.79,35.0,25.0,48.0,655.0,Sandy Soil,cassava
26.7320648,81.46033732,194.5766559,6.136131869,73.67,58.29,70.03,2.03,Peaty Soil,rice
28.725085117187756,69.91564286245571,105.86758939325979,6.739148523021423,86.2,76.72,97.51,2.11,Silty Loam,garlic
28.229932963547572,81.76222719938835,100.41189749432773,5.888158470186352,61.68,52.81,49.09,2.02,Acidic Soil,banana
26.848367913812137,83.82321944093104,277.55958698206877,6.079744877670345,76.72,59.18,73.45,2.67,Silty Loam,chives
26.7,68.7,77.4,6.8,79.98,65.2,120.37,2.31,Silty Loam,garlic
28.2,67.1,41.4,6.75,88.32,68.59,94.65,2.41,Loamy Soil,garlic
27.264992292742384,60.91394987214567,95.8826370191611,6.07377367956288,50.0,36.0,36.0,796.0,Sandy Soil,sweetpotato
31.89178063023386,75.50665746368462,103.47263110102132,7.079709255215091,22.23,49.24,53.56,1.67,Loamy Soil,mungbean
26.81530456,87.65694462,55.74073582,6.399669044,57.28,73.8,52.38,2.14,Acidic Soil,watermelon
28.161772801657108,76.08031787548504,118.32070912141702,5.896756873164367,65.12,50.85,55.5,2.28,Acidic Soil,banana
24.452743664014932,80.91295594205204,52.73725712632778,6.944859984191216,52.65,144.4819,121.87,1.29,Loamy Soil,watermelon
23.97,55.97,123.01,6.84,33.0,39.0,52.0,789.0,Loamy Soil,sweetpotato
21.836012541969982,59.206436276643224,102.07500677794336,6.770278377707024,37.0,38.0,51.0,868.0,Sandy Soil,sweetpotato
26.072166125040926,58.29433344087472,238.06880258152495,4.906731522366698,68.99,40.19,57.08,0.59,Acidic Soil,tea
25.379864126528883,75.02357514067884,273.12293177392087,6.976011117093374,66.78999999999999,46.27,82.34,2.88,Silty Loam,chives
26.157506906761576,72.25122363791859,197.96907986306354,6.402004476931498,116.37,93.2,128.33,3.04,Silty Loam,chilli
29.02328049,90.20396783,126.8069869,6.617703178,68.44,100.79,84.23,0.96,Neutral Soil,papaya
28.075232090894627,85.83006196746791,48.68377480350813,6.851832248812688,53.84,146.807266,90.15,1.81,Neutral Soil,mungbean
21.96202221,62.1370184,247.2123321,4.859898552,68.8,38.71,55.4215,1.49,Acidic Soil,tea
24.88441745324653,63.75112818748623,75.86174139586178,6.317550973401006,54.64,58.37,53.84,1.15,Acidic Soil,maize
26.940837162578035,68.26926978461569,79.47276441419415,5.829659200941019,18.9,66.14,75.27,1.94,Sandy Loam,peanut
27.787771712166865,83.1905863709572,141.65799677017787,6.8196245382548195,19.93,36.43,68.42,2.28,Loamy Soil,mungbean
29.76818848466528,87.08620146672048,55.19730466937251,6.278142525860256,57.51,70.74,53.21,1.45,Acidic Soil,mungbean
31.32648950428992,94.78302290890257,114.47051598203271,7.454915087121366,68.22,106.35,82.41,0.63,Loamy Soil,orange
25.20540272428311,56.93922065678638,86.79564556803089,6.55113621116766,58.89,77.45,72.57,2.12,Neutral Soil,maize
25.32490809,55.66081535,246.4004033,4.633435925,69.3,37.06,53.88,1.82,Acidic Soil,tea
24.6,72.0,49.9,7.06,80.94,56.35,109.75,2.93,Loamy Soil,garlic
28.192974069685345,85.78568446894035,50.82248558846428,6.87956994458799,57.86,143.076,85.84,1.42,Loamy Soil,mungbean
25.36528162241171,70.01092820299826,160.3352994254369,6.057810706525334,25.24,52.96,72.57,1.75,Loamy Soil,soybean
32.21644619193312,65.13294342999738,49.454951496495276,6.624810300664229,86.05,67.59,150.78,2.48,Silty Loam,shallots
23.52652084,65.44340921,186.1728203,6.392791654,65.92,62.33,80.88,0.53,Acidic Soil,coffee
26.039574758192245,57.2608577203132,119.30623703329252,6.070493000421816,47.0,23.0,47.0,842.0,Sandy Soil,sweetpotato
26.88946196016258,72.55829060263423,91.07666051090257,7.253963784178159,81.94,59.75,129.11,3.02,Loamy Soil,garlic
27.667835582562194,70.18242849797798,53.26717835420322,5.897761288615087,17.46,54.32,81.61,1.24,Sandy Loam,peanut
21.84106875,80.72886384,202.3838319,6.946209881,69.82,143.406,145.36423,2.24,Loamy Soil,rice
23.43191632,80.56887849,269.5039162,6.363472208,78.27,67.97,96.45,2.04,Peaty Soil,rice
24.941654526321134,55.03585864430819,82.24381926064054,5.861880003624088,29.0,31.0,43.0,767.0,Loamy Soil,sweetpotato
33.9,69.1,81.9,6.29,21.67,57.06,81.66,2.19,Loamy Soil,peanut
25.4,83.4,232.0,6.73,143.74,91.6,161.25,3.55,Clay Loam,cabbage
28.04289208052183,68.12186194351855,169.10997976021582,6.556031435912518,70.56,73.48,85.16,1.91,Loamy Soil,coffee
42.12585255877214,94.83818063446796,216.31344237585364,6.61713401532182,96.627,115.49,124.8,2.34,Loamy Soil,papaya
26.232756917331532,71.49266514533868,191.46035480979756,6.697392347604268,133.37,110.1,146.16,2.68,Sandy Loam,chilli
24.063406428921343,93.8834185907189,184.9263107216018,6.695928970938131,71.21,146.18,140.78,1.79,Neutral Soil,papaya
22.266363198311076,55.2541953757629,79.34502057518954,6.301720135642294,44.0,37.0,37.0,783.0,Loamy Soil,sweetpotato
29.55650329770257,83.43989705952264,42.87623897186743,6.69371245138265,53.94,95.24,54.7,2.0,Neutral Soil,mungbean
32.36672834329786,64.8150667829894,81.4583345207467,5.915864338549209,17.52,68.86,68.89,1.11,Loamy Soil,peanut
26.38043519201442,62.795196692616535,164.2605727568096,4.479684886331508,66.3,38.8,48.0795,0.59,Acidic Soil,tea
26.8,71.5,98.7,7.42,83.5,76.08,133.56,2.27,Loamy Soil,garlic
27.194316472673048,59.499168747196585,97.41480473478472,6.17283894180107,51.0,38.0,38.0,796.0,Sandy Soil,sweetpotato
21.03200078,92.9641969,110.6823944,7.684420446,62.02,70.75,61.56,0.68,Alkaline Soil,orange
27.52850000989176,85.00828507260505,42.2937015776662,7.025963945814882,57.73,142.74439,142.764698,2.49,Neutral Soil,mungbean
28.695567788553618,73.4713762620939,67.0628708789199,6.0903948345462675,18.28,57.48,86.2,2.12,Loamy Soil,peanut
25.766099998617207,67.54645392705486,172.67695772368566,6.437823417534369,69.82,66.22,76.59,2.29,Acidic Soil,coffee
29.14310802720875,94.59840697334941,25.249230193047968,6.175724975645867,51.07,65.59,45.23,2.36,Acidic Soil,muskmelon
28.651633028844817,47.087716530002545,101.51691970623169,5.635162822085996,57.7,38.77,51.98,1.21,Acidic Soil,mango
27.27,62.67,112.92,5.32,23.0,17.0,24.0,706.0,Loamy Soil,cassava
31.6,74.9,106.6,6.08,27.02,66.34,87.58,1.52,Loamy Soil,peanut
26.2451712824198,63.12529688983633,83.01695672868372,6.575646852996051,89.87,79.96,149.34,2.64,Loamy Soil,shallots
18.71555290024406,89.83050990209716,109.07523191931188,7.8935821863199385,58.42,60.84,56.85,2.07,Peaty Soil,orange
28.031924509796863,85.90951190198172,44.58976836341279,7.002770789274226,52.73,143.74439,143.764698,2.49,Neutral Soil,mungbean
31.049788975007296,49.954412954701354,91.45663007505247,5.395718746787668,58.85,37.54,48.58,0.99,Acidic Soil,mango
28.2,73.5,68.1,6.61,107.36,66.44,99.74,2.64,Loamy Soil,garlic
28.639188998040826,73.41789044970619,124.11942116430639,6.3602949851961315,19.66,48.12,73.07,2.13,Loamy Soil,soybean
29.03167341,93.12603235,24.15591199,6.35544263,53.63,73.34,45.0,2.46,Acidic Soil,muskmelon
23.039615155287393,63.84406709689556,88.371860257425,5.836372809718381,57.02,43.28,47.36,2.33,Acidic Soil,maize
22.098320139701237,55.04223539620686,94.16246336556664,5.851369877139995,30.0,32.0,42.0,833.0,Loamy Soil,sweetpotato
30.009986193755182,81.53004870636069,106.11271563337681,6.606380714127796,26.69,38.95,60.28,2.47,Loamy Soil,mungbean
28.57819995,92.86597437,27.5987178,6.212567211,54.07,65.38,44.67,1.16,Peaty Soil,muskmelon
27.854847701792796,71.2454271057799,130.26452801913422,7.098027086652031,25.37,34.86,51.38,2.05,Loamy Soil,mungbean
30.0,81.4,109.8,6.76,144.37,111.66,126.68,2.74,Sandy Loam,chilli
23.60623150159459,81.44607630727775,231.95850868590975,5.125186421625009,74.91,44.34,59.1,0.75,Acidic Soil,rice
25.892243012953802,82.43605668069841,196.19499824701856,5.83309917157163,75.89,49.04,59.98,1.35,Peaty Soil,rice
32.57720726,92.74889453,93.7942847,6.92791761,65.74,145.15906,145.709,1.61,Neutral Soil,papaya
26.835931089703873,63.18843524596731,158.9395800148274,5.106171606672493,20.0,24.0,38.0,629.0,Sandy Soil,cassava
23.803619616821116,58.72023967584999,186.4366192320746,5.981785091594745,63.489999999999995,50.34,66.67,1.96,Acidic Soil,coffee
20.68899915,59.4375337,103.651438,6.864793607,57.08,140.858,141.688,0.75,Neutral Soil,maize
23.851907555969106,84.04747117976059,154.90792838359636,6.469770897125052,124.01,95.9,188.11,2.81,Loamy Soil,cabbage
27.06700935148957,74.88984472790267,70.66761826979389,6.113767116538053,99.98,84.42,149.43,2.61,Loamy Soil,shallots
27.3,66.6,109.9,6.22,20.32,58.55,71.14,1.53,Sandy Loam,peanut
32.44877435987471,51.199272094115585,93.37688012406426,6.501538217437857,58.69,61.13,66.77,1.9,Neutral Soil,mango
27.57410935,59.30493164,229.527211,4.888876453,70.85,38.43,54.5,1.63,Acidic Soil,tea
31.064628901583806,69.4342798888421,66.70076001635854,5.973196687799888,15.84,70.75,75.27,2.11,Loamy Soil,peanut
25.97981747,59.37147589,85.75692395,6.2048017,57.38,52.4,54.38,1.07,Acidic Soil,maize
28.85994842610919,82.8495817196909,93.88159801247144,5.962557437416409,60.67,50.44,52.63,1.91,Acidic Soil,banana
22.06,56.74,108.64,6.23,43.0,21.0,39.0,711.0,Sandy Soil,sweetpotato
27.402208133878677,86.48274026663248,51.38161139192935,7.258863500133668,53.94,145.968,73.93,2.03,Neutral Soil,mungbean
29.2,76.3,150.9,6.5,89.24,55.55,79.73,3.94,Silty Loam,chives
21.48554908917343,63.42250952251197,248.83400662411688,4.801866056112626,68.42,36.85,54.34,0.87,Acidic Soil,tea
24.81778060304642,56.21197470536569,104.06315261143605,6.493234819489111,37.0,32.0,47.0,818.0,Loamy Soil,sweetpotato
31.1,79.3,149.3,6.89,24.84,42.15,77.55,2.56,Silty Loam,soybean
27.993744946575056,59.160953829771174,122.55926289379563,6.692413169280804,58.56,110.36,110.96,0.83,Loamy Soil,coffee
26.502804591129276,73.36187966779359,96.53942353077497,6.401416464197847,19.23,49.36,60.6,1.88,Loamy Soil,mungbean
28.7,84.9,130.3,6.82,32.36,44.01,64.49,2.03,Sandy Loam,mungbean
29.479439361409383,93.17514804453363,23.566916100057977,6.061206213887884,55.62,62.18,41.55,2.35,Acidic Soil,muskmelon
21.61251696637853,61.51508927044567,247.62643871853925,4.801633915691076,68.8,39.71,55.4215,1.49,Acidic Soil,tea
34.07603266,92.13229786,115.5650287,6.730757538,69.476,132.66,97.23,1.3,Neutral Soil,orange
26.3,75.8,126.0,6.91,28.44,53.59,77.36,2.58,Silty Loam,soybean
27.23794008508974,62.28676403944346,54.25867633979345,6.185862638582235,105.34,83.04,120.67,3.35,Loamy Soil,shallots
29.23767807232006,68.68150848711663,71.55127025802824,7.185457126679714,88.04,70.16,89.68,2.85,Silty Loam,garlic
27.835593587029972,76.6089563003203,119.12666329276965,5.649149833111861,65.89,44.4,50.46,1.54,Acidic Soil,banana
27.45744212216279,60.84554716109895,75.3731459736646,6.56835394479804,120.32,66.97,116.7,2.32,Sandy Loam,shallots
33.7,65.3,93.0,6.38,27.34,66.92,72.86,1.53,Loamy Soil,peanut
28.34834062125418,90.98565981061094,21.472068390462724,6.689121698046562,52.05,105.72,46.8,1.33,Loamy Soil,muskmelon
29.26382931,54.39642503,100.2181868,5.342866119,58.98,39.92,48.11,1.58,Acidic Soil,mango
24.37323193,58.85450806,179.1352379,4.93413003,64.28,38.55,51.56,2.45,Acidic Soil,tea
37.16838681446109,93.6529366675783,173.45982208394227,6.6702437832615935,83.66,121.2,113.7,1.0,Loamy Soil,papaya
27.34013232860201,78.1574062695747,97.54712106773012,6.241815490548119,62.63,59.03,54.58,1.95,Acidic Soil,banana
27.727484645587673,67.25530765774838,84.52800698561157,6.183769758389057,84.11,71.68,116.88,2.47,Sandy Loam,shallots
24.207994458144274,84.04859075953512,156.10074417527358,6.586230534091152,122.53,81.21,136.29,2.13,Silty Loam,chilli
35.39986338,49.45962621,97.41054011,6.166173834,59.48,47.79,55.58,1.2,Acidic Soil,mango
25.19192419,66.6902901,78.06639649,5.913664501,57.29,48.42,49.58,0.53,Acidic Soil,maize
29.54,63.45,183.1,6.01,23.0,17.0,44.0,709.0,Loamy Soil,cassava
28.465721823681818,91.4773862239333,19.730968026400962,6.684112303379803,53.97,121.71,51.42,1.33,Loamy Soil,muskmelon
26.59580783,82.99556744,100.5123341,5.727469947,62.33,49.57,50.53,0.7,Acidic Soil,banana
27.875798775170793,67.89030540351396,121.47370955570348,7.1084564228573806,64.15,142.88594,148.0319245,2.35,Neutral Soil,coffee
25.70375078326986,62.11255674785501,226.10971472114107,4.964955952018123,72.54,37.9,55.56,1.67,Acidic Soil,tea
24.35008892211314,82.19506642687789,231.3095836736829,6.164103137609979,165.85,100.93,190.27,3.89,Clay Loam,cabbage
29.150399862399006,63.19494141811063,190.611376617789,4.716082096579979,23.0,25.0,24.0,668.0,Loamy Soil,cassava
21.632907240910775,61.18296054028404,231.56734673987404,4.857813475519859,65.35,40.18,51.8,2.48,Acidic Soil,tea
27.89650224261807,80.71883655999663,111.765352488637,6.366816046282258,65.84,71.272,61.791,0.67,Acidic Soil,banana
25.550944885740897,67.02502897195708,77.0021066870314,6.223607661796246,86.98,77.73,112.38,3.28,Sandy Loam,shallots
22.9,74.7,276.8,6.86,84.63,58.35,91.13,3.88,Loamy Soil,chives
31.821275137480107,45.438699735986134,95.48134501324976,5.7482770296875545,54.47,41.17,50.38,2.41,Acidic Soil,mango
28.93270187,47.94053996,99.9834242,5.664587011,57.7,40.77,49.98,1.21,Acidic Soil,mango
23.4,84.6,154.3,6.42,122.01,95.9,188.11,2.81,Loamy Soil,cabbage
28.710793238358683,90.0282530403251,56.17071644021524,6.460140626435683,55.241,77.18,55.28,0.58,Acidic Soil,mungbean
22.4,82.9,165.7,6.35,144.56,117.66,154.44,3.34,Silty Loam,cabbage
26.899708344547246,61.871768262495486,144.03201340221676,6.92457713317874,63.28,143.53785,144.787,1.2,Loamy Soil,coffee
20.847621091873954,57.512857970804255,83.46078126090121,6.88923145375445,33.0,36.0,45.0,756.0,Sandy Soil,sweetpotato
24.946591018191832,70.63810130305306,80.2277479034323,7.111688566368398,101.83,68.07,100.52,2.84,Silty Loam,garlic
26.68,59.1,123.63,6.34,37.0,39.0,45.0,749.0,Loamy Soil,sweetpotato
29.80744318,91.38048469,232.7046126,6.74274935,85.21,136.57,141.134,1.25,Loamy Soil,papaya
29.72694733212352,65.23284508736806,123.44443916791006,5.996405185927575,38.21,43.34,61.41,2.07,Loamy Soil,soybean
33.70997782493062,48.34634123444245,90.92597701645875,6.785500049178397,59.39,94.48,93.36,1.84,Neutral Soil,mango
27.490841031417478,90.59383595804438,25.412158460801507,6.831119127290727,54.32,136.7555,50.87,1.47,Loamy Soil,muskmelon
27.793919548010887,60.895529303553865,104.29796734906657,6.230073199822348,27.0,16.0,34.0,815.0,Sandy Soil,cassava
42.236752380102885,90.90372620420992,73.97664031769753,6.859439493853853,67.93,144.6044,141.0044,2.2,Loamy Soil,papaya
24.106788621793946,75.42807292070762,162.77076970711835,6.621465811962746,149.97,120.95,161.15,3.84,Clay Loam,cabbage
29.142295920360937,80.70269457659704,116.78679556356263,6.501079304052973,28.23,35.15,55.62,2.21,Sandy Loam,mungbean
24.201340719002886,57.68949230267708,103.85878468966725,5.5909785735613795,48.0,33.0,35.0,700.0,Loamy Soil,sweetpotato
29.255289709775518,91.97473879381974,24.2042005079406,6.245256274783018,52.69,66.42,44.4,1.7,Acidic Soil,muskmelon
30.69079378356549,93.80382328730441,107.03369128032006,6.09892854448481,66.14,58.7865,55.1455,2.25,Acidic Soil,orange
23.08529950188,57.39381530205006,121.27606807191346,5.71123040709982,38.0,26.0,30.0,773.0,Loamy Soil,sweetpotato
25.1,84.7,176.6,6.05,65.78,49.81,89.9,2.69,Loamy Soil,chives
25.398922792597197,57.937200989768385,99.98743402834903,5.912062471365474,61.2,47.89,52.35,0.52,Acidic Soil,maize
26.685110819859133,74.65589805618126,184.49511006306656,6.382084171044836,25.09,47.77,61.67,2.69,Loamy Soil,soybean
29.47156259,90.77069618,28.75226067,6.668382766,54.27,112.12,51.56,1.02,Neutral Soil,muskmelon
25.649394206130562,80.88091726821489,103.60664450468892,6.1130772824687645,61.41,58.26,53.47,1.08,Acidic Soil,banana
23.9,81.2,231.8,6.2,168.85,101.93,188.27,3.89,Clay Loam,cabbage
27.560343449939396,93.85694771897268,28.731292902766945,6.021656314814554,52.9,60.34,44.89,1.71,Acidic Soil,muskmelon
26.74191328130938,85.5641417774721,58.379555160495514,6.826531574985283,60.6525,123.95,70.24,1.21,Loamy Soil,watermelon
11.090654403948498,90.9840570601304,117.87729945904915,6.894190576496375,58.44,143.189,126.98,1.58,Loamy Soil,orange
26.70607759,81.14149505,51.51033554,6.932547356,56.2,147.812772,123.920105,1.6,Neutral Soil,watermelon
27.593877008167798,80.8867373333947,122.37671479632957,6.7263209289462464,27.01,42.13,62.64,2.5,Loamy Soil,mungbean
27.506624736632265,83.9733717586175,48.38333248363759,6.905425051703485,55.19,141.577,96.12,1.73,Loamy Soil,mungbean
25.795123873376458,89.51386061257821,60.201948700330576,6.85494219903252,57.6525,147.812772,94.67,1.48,Loamy Soil,watermelon
28.76876015793686,79.27650848275059,116.91077386339619,6.403099040232983,65.98,70.76,59.791,2.03,Acidic Soil,banana
31.421317012465767,73.80595480048336,102.80935456255386,6.822855035328412,18.27,31.97,52.7,2.08,Sandy Loam,mungbean
31.312117906375747,67.93617186658003,88.76037315497655,5.969874994875585,19.4,53.86,83.4,1.51,Sandy Loam,peanut
27.7,82.3,179.6,6.22,168.21,98.24,172.97,3.11,Loamy Soil,cabbage
30.358027619742288,71.09642024165427,53.89289552333202,6.312837302564985,81.19,79.06,134.59,3.13,Loamy Soil,shallots
25.133264503952837,83.64610804095564,58.30759248378082,6.849783436239432,55.81,139.5105,123.920105,1.76,Neutral Soil,watermelon
25.196932148294938,56.90128718061986,155.49686300630762,6.60355293223367,65.66,77.99,101.94,2.42,Neutral Soil,coffee
24.929052037987592,86.93582502033118,41.702860874924944,6.535564897754151,56.9395,98.84,53.82,0.77,Neutral Soil,watermelon
24.89364635,65.61418761,87.9298085,6.625404348,57.98,82.55,71.3,2.16,Neutral Soil,maize
31.75048899,94.55455292,115.1989301,7.36220835,69.22,108.35,82.41,0.63,Loamy Soil,orange
28.36291385,88.00989267,43.05130077,6.487124217,55.97,81.48,51.19,1.27,Acidic Soil,mungbean
29.9,65.7,91.8,7.29,90.91,62.71,121.67,2.79,Loamy Soil,garlic
27.15218217689321,82.9194671346154,93.16466629563561,5.728555597724917,62.76,51.51,50.66,1.65,Acidic Soil,banana
30.9,79.6,132.0,6.73,39.77,57.99,76.78,2.07,Silty Loam,soybean
29.6,77.8,114.7,6.39,22.09,37.49,60.88,1.63,Sandy Loam,mungbean
25.62102176208812,56.62026340185112,102.43682315656643,6.456988018282066,34.0,33.0,49.0,818.0,Loamy Soil,sweetpotato
24.1047074546078,80.62141266049497,156.22993833427523,6.61560638885109,135.47,110.34,145.19,2.24,Sandy Loam,chilli
27.373699533126608,93.53277705324074,29.08459018495052,6.809317361942234,54.05,135.7555,51.986,0.89,Neutral Soil,muskmelon
34.07603266,90.56151463,118.3271968,7.786725333,69.476,64.53,60.05,2.01,Peaty Soil,orange
26.1,66.4,72.4,7.33,103.0,63.5,92.08,2.58,Clay Loam,garlic
26.283443,84.42478917,50.78669728,6.520663422,56.26,82.84,54.13,0.77,Loamy Soil,watermelon
24.9321581,73.59052499,79.74078719,6.550563823,58.15,79.26,63.66,1.08,Neutral Soil,maize
28.34,60.98,168.31,4.72,21.0,20.0,29.0,837.0,Sandy Soil,cassava
29.121961558050096,60.21762558219497,37.60216422170386,6.813361458899852,88.04,71.23,135.39,2.44,Silty Loam,shallots
25.549364333021387,64.4824879224238,248.74332942496076,4.7743420578584965,69.6445,37.81,57.1,1.21,Acidic Soil,tea
30.12061094874845,50.80624593183863,93.9431305732226,6.179538066905987,58.84,46.13,52.76,2.14,Acidic Soil,mango
31.799048815862708,85.27844785632337,102.53162583567583,6.702873585473329,31.26,40.86,57.06,2.31,Sandy Loam,mungbean
25.199681500090087,62.51637615012603,240.33631088663265,5.035403371718607,70.86,40.0315,57.42,2.03,Peaty Soil,tea
27.35911627,84.51753456,90.81250457,6.387431383,61.67,71.41,59.77,1.09,Acidic Soil,banana
25.91624002233435,86.97784181459197,40.30023596290552,6.018518259347956,54.11,57.0505,47.7315,1.98,Peaty Soil,watermelon
29.50934825226798,80.12881509901162,110.91990803514672,6.335427606505361,33.41,38.69,67.44,1.83,Sandy Loam,mungbean
27.26060909989709,63.50069670537268,191.47736769930222,4.703845365522865,67.4,37.86,51.75,2.49,Acidic Soil,tea
25.654034534003404,61.26244012392095,51.373213048859505,6.677058371154562,106.39,64.57,98.75,2.85,Silty Loam,shallots
25.858406123972298,71.58161299379272,300.5626828633754,6.045131967610475,87.08,57.15,92.99,3.94,Loamy Soil,chives
26.1,65.7,46.0,6.51,97.48,88.86,141.91,2.21,Loamy Soil,shallots
24.58406679603635,55.67358702536498,82.82204517016271,6.793959633633234,32.0,33.0,46.0,756.0,Sandy Soil,sweetpotato
22.36103917728202,83.73274411551925,234.00402326069832,6.595172453773913,136.63,110.85,159.12,3.24,Loamy Soil,cabbage
28.714725410039296,54.425844882905025,91.99147792681345,6.818570925205978,54.62,115.824,110.787,0.67,Neutral Soil,mango
29.29,60.29,207.24,5.33,39.0,29.0,47.0,798.0,Loamy Soil,cassava
27.61212494936166,75.24083281362346,52.744227296835,7.126711326279174,77.64,59.7,101.61,2.76,Loamy Soil,garlic
30.3,68.2,76.6,6.18,84.42,85.5,144.71,3.3,Silty Loam,shallots
24.846441609777038,70.08145651436266,187.85361443062413,6.367319079254601,146.85,110.58,164.68,2.83,Silty Loam,chilli
33.70355668120502,68.56991340970161,96.22365438031817,6.395635886239809,18.19,53.72,86.86,1.2,Sandy Loam,peanut
26.6333118,84.31756844,56.31866159,6.560443519,57.03,87.55,57.08,1.85,Loamy Soil,watermelon
25.66591329829069,71.02207070000236,39.83845247099095,7.553821821987519,84.14,70.72,119.32,3.1,Loamy Soil,garlic
26.312410074936707,87.62228081403778,42.984115049948095,6.7321446007752135,56.13,107.99,56.25,0.68,Neutral Soil,watermelon
26.471801921379154,84.00100141707019,187.39125905491014,5.93451273070831,69.96,56.49,64.9,1.11,Peaty Soil,rice
22.809712289850502,66.94910071489656,161.8039194239146,6.706380860786353,65.0,124.75,144.09,1.7,Loamy Soil,coffee
20.754920957849652,82.51277245490913,243.33545657757418,5.738098647165239,69.6,50.41,66.18,2.32,Peaty Soil,rice
29.637409992738455,74.92613598646432,90.58479039935264,6.356538076632497,27.11,66.2,83.61,1.66,Loamy Soil,peanut
27.8328792856075,78.2448471636394,160.22072060592066,6.8499571317838175,25.99,42.56,72.25,2.41,Silty Loam,soybean
28.06352784876802,78.15961691168356,160.24751022756342,6.684121683548542,32.15,59.66,62.84,2.52,Clay Loam,soybean
24.08,57.51,105.77,5.69,45.0,34.0,37.0,700.0,Loamy Soil,sweetpotato
25.010827779196795,58.01810948832627,85.71114090566799,6.312930521378066,46.0,38.0,57.0,878.0,Loamy Soil,sweetpotato
30.5,72.8,71.6,6.34,25.37,54.88,77.78,1.52,Sandy Loam,peanut
25.029936555702484,69.34797832359325,117.94200508120764,6.739740444890909,30.03,45.17,79.84,2.02,Silty Loam,soybean
28.749296350937378,70.41314823090273,140.7095092668746,6.291903551901437,24.03,33.9,60.05,1.6,Loamy Soil,mungbean
21.919622789303524,77.8975959837987,169.9331816340721,6.490190287094967,81.96,57.83,68.65,3.24,Loamy Soil,chives
30.26954997713664,82.97011282565835,106.62646220482529,5.68198141121011,101.14,112.41,177.61,2.81,Sandy Loam,chilli
30.870934213314353,67.55231826728651,196.8410183844449,6.480373684886214,31.92,48.5,74.02,1.91,Loamy Soil,soybean
25.75,63.11,104.99,5.56,36.0,19.0,47.0,741.0,Loamy Soil,cassava
29.431936154850487,93.1918812206197,20.625133557319394,6.25244817673553,52.19,66.63,41.63,1.74,Acidic Soil,muskmelon
29.2,72.2,115.7,6.21,19.63,59.85,75.95,1.85,Sandy Loam,peanut
21.70181447,60.47470519,95.71388473,6.708446922,56.98,92.23,83.77,1.14,Loamy Soil,maize
26.084573544605696,62.73574787524395,235.51500230421522,4.733537086190732,74.62,36.14,55.46,1.63,Acidic Soil,tea
23.55,59.47,118.89,6.56,41.0,34.0,51.0,805.0,Sandy Soil,sweetpotato
29.2,69.7,109.9,5.86,17.75,64.08,88.89,2.18,Loamy Soil,peanut
24.378031555823803,61.59132605923516,45.634781749733364,6.243822708412069,108.34,72.77,127.85,3.19,Loamy Soil,shallots
24.9,85.1,169.0,6.8,120.64,81.85,190.36,3.13,Clay Loam,cabbage
24.868345187069792,76.62343433359871,144.99309916895288,6.653477383746084,129.54,105.08,156.59,2.88,Silty Loam,chilli
29.163854812311428,47.898907783629234,96.91414904985788,5.100381334619154,59.5,39.5,45.72,0.95,Acidic Soil,mango
28.22776705,80.6430384,98.00403016,5.758054257,62.39,49.48,50.52,1.48,Acidic Soil,banana
27.0496261647169,57.36898983983338,106.75545841264852,6.345793291130539,32.0,33.0,34.0,689.0,Sandy Soil,sweetpotato
21.44755624046231,64.70820981643973,248.56071118243645,4.7633628594297175,67.42,36.85,56.34,0.87,Acidic Soil,tea
24.413182016986042,94.9514958546711,110.32049659750265,6.503650308113181,62.56999999999999,93.25,73.81,0.71,Neutral Soil,orange
23.066115732667797,84.84094737182912,179.300641306958,6.198281277584646,81.27,46.62,76.94,3.08,Loamy Soil,chives
24.665823111304128,70.02712931654973,84.785342910495,6.349686694585635,100.64,84.01,117.31,2.51,Loamy Soil,shallots
27.77076285,87.09979549,49.50812624,6.402926221,56.65,73.76,51.06,1.46,Acidic Soil,mungbean
29.34081108,94.5513539,28.22908103,6.419083092,54.3405,78.83,46.48,0.66,Acidic Soil,muskmelon
32.9,73.7,131.7,6.03,32.11,55.62,77.48,2.23,Silty Loam,soybean
26.085099820500005,80.42250065617642,134.0208361821644,7.212536043252871,25.68,40.19,59.2,2.34,Sandy Loam,mungbean
25.261366141923254,93.11769655821738,96.73623296774676,6.7430890831871615,62.9,145.72,92.61,1.0,Neutral Soil,papaya
27.5,71.8,53.4,6.42,119.57,66.01,113.4,2.43,Sandy Loam,shallots
24.929693344841382,71.64069954802235,65.83472149884435,7.0510633660610695,71.62,70.72,93.9,2.8,Clay Loam,garlic
27.186215193134334,57.37655225059178,106.55607092672572,6.4238926545088235,31.0,34.0,33.0,689.0,Sandy Soil,sweetpotato
24.958783537700274,56.87280140931206,82.6513934367897,6.89848298154955,50.0,21.0,55.0,821.0,Sandy Soil,sweetpotato
28.778906112330294,82.8062805210998,92.65409097413497,5.743218366091804,62.36,47.35,48.87,2.14,Acidic Soil,banana
23.35905428,83.59512273,188.413665,5.333322606,70.44,45.05,57.0975,1.53,Peaty Soil,rice
29.503014312261087,90.44126676936665,26.815594865167867,6.7863792872662065,56.71,124.0,50.41,1.88,Loamy Soil,muskmelon
29.283805838631846,76.76499101998863,179.46839582490037,5.974032687444541,23.04,42.57,76.39,1.55,Clay Loam,soybean
27.6584009782695,58.15531102278363,157.51251445709528,6.133773684371371,64.05,50.21,64.23,1.0,Acidic Soil,coffee
29.5,70.8,90.1,6.9,34.54,44.04,52.15,1.51,Sandy Loam,mungbean
28.774527210420995,95.14395363880072,23.095152491023054,5.96729736673102,55.34,57.8005,45.316,1.08,Acidic Soil,muskmelon
27.40638635165805,93.53018500142456,26.856521889792713,6.591089068028024,53.79,89.18,45.44,2.18,Neutral Soil,muskmelon
29.12939524,88.48312598,37.23469744,7.085982325,55.22,144.6449,96.52,2.3,Loamy Soil,mungbean
25.41340293714286,57.6692619092024,124.35289065540628,6.066671612273274,63.02,48.04,64.8635,0.68,Acidic Soil,coffee
27.668211426301465,68.39755042420538,106.99009122505298,6.831470441595561,26.36,49.03,71.65,1.93,Clay Loam,soybean
28.130351646998072,92.42407185195856,25.047424802893563,6.107264738215322,53.65,62.8,44.99,0.64,Acidic Soil,muskmelon
32.77103999194068,94.74799228994348,111.32238498514428,6.677213062455832,72.27,101.14,77.88,1.77,Loamy Soil,orange
25.805370165356308,53.36073748110041,136.26302044337632,7.219091585945205,63.33,115.88,138.38,0.79,Neutral Soil,coffee
33.23453301,91.06053924,115.7659902,7.825531916,69.46,63.09,58.7,0.9,Peaty Soil,orange
27.85086216862283,59.483986335860955,142.45667352160686,5.139823010426486,34.0,22.0,35.0,717.0,clay,cassava
32.82792071120916,70.25479394938131,150.37066469586603,6.677697251724128,29.09,46.57,67.18,1.67,Loamy Soil,soybean
35.14955913038424,92.8535301632875,235.7166083932611,6.535729659600769,91.6,93.91,113.52,1.85,Neutral Soil,papaya
32.51247398,94.63707378,51.07048113,6.704204398,58.73,126.0,63.02,0.92,Neutral Soil,papaya
25.452468554036184,84.05668260888798,114.36199423329346,6.018099363806499,61.83,55.88,55.54,2.01,Peaty Soil,banana
17.704760574080176,90.85669199957167,111.99477309959435,7.086973578292815,59.09,145.52791,143.625241,1.55,Neutral Soil,orange
27.6557178,60.50275586,186.5498269,4.800908436,68.17,38.25,51.31,1.51,Acidic Soil,tea
31.347315270651215,49.384425846014764,91.82826079151482,5.734645168964779,54.87,40.82,48.65,2.01,Peaty Soil,mango
26.54659955123671,74.05700750482113,60.21907790883154,6.8647589666666455,108.15,65.64,97.42,3.45,Clay Loam,garlic
28.461479850326665,54.512390790922964,93.09932141517496,6.4262887827700865,56.34,62.19,64.97,2.27,Peaty Soil,mango
26.312564358123268,63.51023113320349,194.12887071665955,5.0549144864488165,25.0,23.0,31.0,732.0,Sandy Soil,cassava
31.290637489925505,92.16825339780551,110.79211665910267,7.1135841662894475,69.39,143.5659,119.01,1.74,Neutral Soil,orange
32.315464755789975,68.86341260144509,97.50255936842647,6.3470365705908,18.27,58.42,90.82,1.66,Sandy Loam,peanut
31.7,74.8,200.6,5.51,130.31,116.63,161.36,1.91,Sandy Loam,chilli
21.16388395269868,56.714674444425924,103.40365194469024,6.013085961604738,33.0,22.0,34.0,704.0,Sandy Soil,sweetpotato
24.822905533636355,56.31870780809415,124.02052446750473,7.300023731725011,61.75,108.07,117.99,0.62,Loamy Soil,coffee
24.18284991918436,69.6337549327839,104.77122180851202,6.680496875958028,60.03,81.92,73.79,2.03,Neutral Soil,maize
23.51,55.19,109.64,5.92,38.0,35.0,39.0,692.0,Loamy Soil,sweetpotato
21.562381345012962,82.73253367463414,275.39352713012096,6.2718379952778935,78.47,63.07,87.12,1.6,Peaty Soil,rice
28.836039376156073,89.58883397355704,50.33984820407035,7.090696293378498,60.41,143.05234,132.95,2.29,Loamy Soil,mungbean
22.84,58.98,117.89,6.84,33.0,35.0,47.0,794.0,Loamy Soil,sweetpotato
24.634798321964357,59.11976738387753,177.82880746153702,4.9442378072625885,65.28,38.55,53.56,2.45,Acidic Soil,tea
26.28319601259378,81.59887271894122,205.57843636127404,6.010592389516495,142.33,103.6,157.61,2.89,Loamy Soil,chilli
25.491556645898136,73.25529522388763,49.5680521257726,6.544568653169078,118.39,65.17,136.36,2.57,Silty Loam,shallots
31.0,75.3,121.5,6.45,32.85,47.43,50.42,2.18,Sandy Loam,mungbean
28.50762382884194,92.80318808500508,106.50450378157726,7.009855975022552,67.2,143.19308,146.62143,0.88,Loamy Soil,orange
26.221696835099284,61.725183775320964,68.95086142595503,6.476704882315293,114.83,67.14,134.78,3.22,Loamy Soil,shallots
25.033481645399604,71.60110201667678,150.22141537287405,6.609931745374095,124.88,89.76,173.91,2.35,Loamy Soil,chilli
26.942459960139892,64.716188376184,241.7519085482394,6.989864666635837,35.0,20.0,39.0,819.0,Sandy Soil,cassava
27.479422756342228,90.39153527728075,25.816854463501272,6.379412221014424,56.44,72.91,47.36,1.31,Acidic Soil,muskmelon
24.455287139720117,62.549823367653936,66.95405475359668,6.04993276353707,118.18,74.44,140.57,2.57,Loamy Soil,shallots
24.3281915029972,67.32262936046374,63.485288243662914,7.4267540736337,74.24,55.43,117.43,2.37,Clay Loam,garlic
26.312868603174582,81.03514990141247,161.91937990112527,6.7579449168020025,73.97,55.05,91.67,2.54,Loamy Soil,chives
27.143171287896255,77.73029056153473,145.426552958616,6.866643788518898,27.84,47.45,60.5,1.68,Sandy Loam,mungbean
26.6634609,89.63725244,57.40847165,6.881425746,57.65,147.76686,104.55,2.34,Loamy Soil,watermelon
30.64235871512254,68.0168525541018,110.08358070658225,6.530739354864136,23.84,69.98,82.19,1.18,Loamy Soil,peanut
26.205376692263282,82.78876481417703,115.19006616998666,5.928816996998213,66.87,51.57,54.7,2.48,Peaty Soil,banana
25.742047407831418,72.41786292913758,171.66533524392506,6.313399656508395,146.71,106.23,142.92,2.65,Sandy Loam,chilli
24.859011831514458,87.12240609029303,215.68611174842837,6.775291666631244,128.09,112.33,174.82,3.44,Loamy Soil,cabbage
40.17339008991114,95.16276446647065,184.79458530968776,6.902091255001526,88.41,143.3937,142.0583,2.43,Loamy Soil,papaya
24.754907906986453,55.61639792971378,125.81145593531787,5.945889774579364,33.0,23.0,30.0,837.0,Loamy Soil,sweetpotato
25.66901098,92.04670813,112.5424199,7.408939392,64.77,97.53,76.69,0.86,Loamy Soil,orange
20.363519854703792,56.69198218632006,108.08720886296217,6.705283863297944,56.84,94.0,93.31,2.21,Neutral Soil,maize
29.874427865242087,75.29026251859143,145.6773174166703,6.303184524425622,38.47,46.58,74.13,1.71,Clay Loam,soybean
27.98392787,53.33018851,99.61465679,5.548584852,58.26,41.02,49.15,1.73,Acidic Soil,mango
29.92952483614229,93.59022890027519,22.811934741426384,6.136792293890227,54.28,64.65,44.316,1.22,Acidic Soil,muskmelon
11.628899489054186,92.50693363169833,103.67584510972517,7.620189763333152,58.26,77.41,62.3,1.71,Peaty Soil,orange
20.2800712,83.29114712,263.6372176,5.739175027,74.5,49.82,67.88,1.79,Peaty Soil,rice
24.03965108087568,74.98861742185535,160.66050415664714,6.536836482475445,152.97,118.95,161.15,3.84,Clay Loam,cabbage
28.391394338823883,85.70930382084404,49.615848641239346,6.524708584697777,58.65,74.98,51.81,2.17,Peaty Soil,mungbean
24.226122236607015,63.07443698671983,147.82921432517978,6.348240926818229,61.63,61.91,73.66,1.37,Acidic Soil,coffee
24.07421172496921,84.29525921369044,241.62179849666433,7.408539451166368,78.79,81.19,105.97,1.2,Loamy Soil,rice
28.40282194794534,54.095914741218344,99.72976849375206,5.531760258311425,59.26,43.02,50.15,1.73,Acidic Soil,mango
30.370679997384645,72.5174087954849,82.17509109519254,6.165713136803037,26.81,63.47,83.26,1.38,Loamy Soil,peanut
28.950741517966105,92.31620041012395,28.049992791243948,6.229027632127064,54.29,62.68,46.57,2.38,Peaty Soil,muskmelon
30.426829210238605,49.580204227845336,92.57957594536684,6.393236224094767,55.57,54.62,60.96,2.11,Acidic Soil,mango
28.077003396412323,75.50467423820808,116.78324794717572,5.651718424811061,61.89,44.4,53.46,1.54,Acidic Soil,banana
26.35034208,58.50650238,121.5586297,7.456646097,60.41,68.14,75.22,1.37,Loamy Soil,coffee
22.777324521125127,68.51099946473236,162.70392813258476,6.679369211412727,67.14,98.75,112.75,1.32,Neutral Soil,coffee
29.47619197376613,64.82348724039318,33.71991456974357,6.44898554283032,100.21,67.78,116.68,2.58,Sandy Loam,shallots
26.70206033929663,63.652196684624755,162.00064865094473,6.454476587000432,68.47,67.15,84.09,1.68,Loamy Soil,coffee
21.65594823,61.76715279,241.5411477,4.655763696,67.95,37.9,53.74,1.95,Acidic Soil,tea
22.37560389766994,59.55836601437667,104.73819797822927,6.4510385235738825,31.0,30.0,48.0,818.0,Loamy Soil,sweetpotato
28.79728147,80.45744422,44.30070517,6.725551062,55.7,117.95,61.52,1.88,Neutral Soil,mungbean
28.5132827112587,92.85303528503785,117.71871886272456,6.816457938456067,65.18,142.66,104.2,0.66,Neutral Soil,papaya
25.039041600033986,67.87368993530984,91.45032549323588,6.251692145457437,93.06,87.51,133.79,3.28,Loamy Soil,shallots
28.4034896665143,91.04975343200783,22.320041265051607,6.371730183802778,55.02,66.82,44.89,1.47,Peaty Soil,muskmelon
23.756883051909035,81.85562486079536,249.53373726224493,7.582391648740644,76.14,79.59,107.31,1.88,Peaty Soil,rice
25.31925997509138,83.4864356670216,97.35401100092315,5.533448595962565,61.49,47.42,47.341,1.56,Peaty Soil,banana
23.440046021232884,60.321456978976755,123.49843727572942,6.4139283194244125,62.61,60.41,70.25,1.53,Acidic Soil,coffee
25.91990603072569,90.61553056194028,100.34570168453993,7.495903948003673,61.4,84.64,67.39,2.42,Peaty Soil,orange
28.6,70.6,49.0,7.02,107.37,60.14,126.92,2.54,Silty Loam,garlic
26.4,71.6,78.0,6.32,91.9,77.19,113.51,3.3,Loamy Soil,shallots
24.45378461154517,77.81815365729452,226.9453836940417,6.134679150023259,136.57,107.59,136.06,2.0,Sandy Loam,chilli
28.70411075482346,90.79261581551896,26.470343455938984,6.166374513733907,50.91,63.27,44.32,2.41,Acidic Soil,muskmelon
22.39374692796438,93.23659816294455,110.79751455185709,7.598499787008742,59.86,75.79,66.46,1.09,Peaty Soil,orange
31.53115728083806,73.50406484577425,82.16713824095373,5.9096510078367475,29.08,57.61,74.86,2.05,Loamy Soil,peanut
24.8,79.9,171.2,6.11,139.12,87.85,150.79,3.42,Clay Loam,cabbage
19.74213321,59.66263104,65.50861389,6.381201909,54.4895,58.93,54.12,1.34,Acidic Soil,maize
23.3,58.12,122.95,6.77,37.0,21.0,50.0,812.0,Loamy Soil,sweetpotato
26.662187229598864,84.99466594182675,49.89215976873516,6.493413126105182,54.26,82.84,55.13,0.77,Loamy Soil,watermelon
29.802426789884514,91.521516870063,28.478968067454737,6.728466154126642,55.27,113.12,51.56,1.02,Neutral Soil,muskmelon
30.2,76.3,195.5,6.41,39.74,52.53,69.77,2.59,Clay Loam,soybean
31.9,70.3,152.5,6.17,130.67,117.93,123.12,2.12,Silty Loam,chilli
27.15124563357429,59.98753026617602,158.3203097090691,6.555883254401345,25.0,22.0,41.0,833.0,Sandy Soil,cassava
26.33,63.92,107.03,5.72,37.0,17.0,46.0,652.0,Sandy Soil,cassava
27.99901833,91.64193051,23.28618248,6.547041903,53.32,90.7,46.85,0.57,Neutral Soil,muskmelon
27.449018765020945,83.39096416696513,138.82344211079345,6.741265178253258,21.93,34.43,67.42,2.28,Loamy Soil,mungbean
27.39872329,81.10523402,112.1355384,6.435792374,63.84,73.272,61.791,0.67,Acidic Soil,banana
27.953984290171487,71.38220184688771,84.49558119808665,7.41651189902399,102.98,65.84,122.75,2.08,Clay Loam,garlic
26.83,57.14,105.7,6.41,31.0,34.0,32.0,689.0,Sandy Soil,sweetpotato
21.8719293527962,58.09752820956345,107.26677639753461,5.515994838934895,31.0,38.0,36.0,781.0,Loamy Soil,sweetpotato
28.392505428039293,80.68591243632221,35.87717173021225,6.755989950929952,55.88,142.4896,66.21,1.91,Loamy Soil,mungbean
27.3,68.1,131.5,6.46,24.28,51.02,60.17,1.65,Clay Loam,soybean
25.98282323693668,87.51105375529552,53.807364314003756,6.929882370656877,54.88,147.812772,125.920105,0.94,Loamy Soil,watermelon
27.28691328051961,74.1062373808936,228.4172654318053,6.465754807635494,122.29,90.64,161.61,2.24,Silty Loam,chilli
22.531008755171325,66.14789694909572,88.24839811446927,6.843597736629628,58.29,117.99,95.62,1.02,Loamy Soil,maize
30.2,71.1,117.2,6.32,18.96,55.39,88.33,1.92,Loamy Soil,peanut
27.5,69.0,111.7,6.71,30.54,47.16,79.78,2.02,Loamy Soil,soybean
30.360456465737293,71.12797200939765,118.71176995905125,6.375206317778131,21.96,54.39,90.33,1.92,Loamy Soil,peanut
29.433277753860676,64.34800761941926,145.39000021528182,6.178566259157658,36.0,19.0,37.0,788.0,Sandy Soil,cassava
21.43141728514741,54.95249140342368,222.6743013153441,4.942040623258285,61.61,38.01,54.33,1.78,Acidic Soil,tea
29.380183853308072,65.5681503967291,166.95651863660848,5.215680074691567,41.0,17.0,42.0,792.0,Sandy Soil,cassava
26.217437101747045,68.25527916569484,84.10671085071652,6.120335476949383,93.37,63.99,104.87,3.41,Sandy Loam,shallots
27.0,74.8,71.5,6.15,102.98,85.42,148.43,2.61,Loamy Soil,shallots
29.236648762540227,73.2597062316054,98.79312324820366,7.297478899797516,84.29,55.01,93.61,3.27,Clay Loam,garlic
24.679883584671504,75.50957452182239,164.06947370517193,6.482584848615239,59.96,43.44,74.71,3.77,Silty Loam,chives
27.71462118508473,83.21091068997514,44.685408843981584,6.9160992302723265,57.61,145.297,111.94,1.35,Neutral Soil,mungbean
35.809741675222575,93.50942775953483,141.71787109825655,6.619976320133448,74.14,97.63,86.53,0.99,Neutral Soil,papaya
29.53,62.82,126.31,6.58,35.0,28.0,31.0,691.0,Sandy Soil,cassava
29.395112478890244,67.90711549233455,54.57329147772372,6.158494819325878,24.49,53.15,81.83,1.58,Loamy Soil,peanut
24.20495210903246,70.85101020560282,56.714031246136024,7.247697528747013,72.28,69.66,132.07,3.69,Loamy Soil,garlic
31.74592134,45.56457891,93.75441586,5.667507706,57.47,40.17,49.38,2.41,Acidic Soil,mango
27.778383605291314,55.31418891523861,97.4144602410893,6.148955643960525,55.36,49.91,55.9,0.6,Acidic Soil,mango
27.232355391160745,74.34816169590003,218.415062484418,6.539929698087344,126.88999999999999,108.57,149.81,2.32,Loamy Soil,chilli
25.219359878387365,88.36381906651015,56.84907031694707,6.598924529170429,56.04,94.32,56.47,2.03,Neutral Soil,watermelon
22.21738222,72.85462807,106.6213157,6.80163854,59.59,140.18,111.67,0.97,Neutral Soil,maize
26.992259056848006,78.47075388299037,143.36602934166888,6.382431290242033,22.93,45.0,63.06,2.37,Loamy Soil,soybean
28.411468201860522,79.46238296582496,119.58590007879849,5.671795744368378,66.72,50.22,51.2,1.92,Peaty Soil,banana
27.314445918287067,53.46142630803631,178.96960554823727,6.910870137917048,66.82,148.11743,145.5169,0.52,Neutral Soil,coffee
21.77689322,57.80840636,102.0861694,6.158830619,57.14,50.62,56.18,0.99,Acidic Soil,maize
24.119315339046175,54.80779638517396,122.9442185876078,6.056255826321467,39.0,26.0,30.0,837.0,Loamy Soil,sweetpotato
29.03663629005748,81.50110307379862,105.65677270123132,6.525197038695363,29.54,35.89,48.31,2.23,Loamy Soil,mungbean
27.25615219975485,76.88849553432578,145.6946872407208,6.514757208416359,30.17,34.68,68.46,1.97,Sandy Loam,mungbean
25.7131428,80.45467276,43.08961827,6.190015912,54.94,59.72,47.09,1.27,Peaty Soil,watermelon
28.510163355184865,64.55631635936075,225.31809688178777,4.918103580062694,31.0,27.0,49.0,746.0,Sandy Soil,cassava
23.041939616600967,81.26836612098481,247.3279570947142,6.498460321841864,74.83,72.19,100.18,1.48,Peaty Soil,rice
31.506236158772747,46.30764297437953,89.63779593518215,4.69950710230226,58.43,36.39,47.52,1.14,Acidic Soil,mango
22.194125266864127,66.43295073405095,87.84901222104702,6.764672952542096,59.29,120.99,92.62,1.02,Loamy Soil,maize
27.42724734856953,68.33703716800761,98.08081810224184,6.1117920653688875,102.86,70.09,110.82,2.66,Silty Loam,shallots
23.263786111496117,51.81969763685611,132.17313813877934,6.921104925731461,58.605,149.07043,142.258,0.88,Loamy Soil,coffee
25.95045898,57.85413835,239.653142,4.880839873,69.99,38.19,55.08,0.59,Acidic Soil,tea
25.7,78.0,183.7,6.93,37.27,49.07,79.97,1.82,Clay Loam,soybean
22.645912395150166,60.9280536769557,67.10545417718264,6.036914434269661,55.05,46.66,49.04,0.71,Acidic Soil,maize
28.446592314686594,85.29001390853789,204.88863327180425,6.146659277092472,77.03,56.93,77.59,3.71,Silty Loam,chives
26.16211094,61.97787559,227.9964223,4.911637119,70.54,38.9,54.56,1.67,Acidic Soil,tea
23.56783093780957,83.59323157348955,187.6101140447534,5.242224617880442,71.44,45.05,56.0975,1.53,Peaty Soil,rice
28.69818144,47.71875722,99.642454,4.754435025,57.58,36.38,45.92,1.34,Acidic Soil,mango
26.048012912080576,63.79525665275589,186.28468567503504,4.600135527535787,64.79,36.19,50.53,0.72,Acidic Soil,tea
23.724043630455096,91.70189923716045,206.7491970381947,6.465931308369968,77.31,85.9855,95.29,0.67,Neutral Soil,papaya
28.46512706192456,77.25503111572678,223.94955478128335,6.266183139164328,146.91,93.95,185.91,2.61,Loamy Soil,cabbage
28.06129304527648,92.74813944107042,25.647520111486575,6.650249459112749,51.58,93.51,49.42,1.73,Neutral Soil,muskmelon
26.6,80.5,264.0,6.37,71.31,41.29,75.79,3.06,Loamy Soil,chives
25.62088049115581,92.61853216836404,111.66310360444724,7.491233120292574,66.77,95.53,76.69,0.86,Loamy Soil,orange
25.10787449,56.50010826,78.16077693,5.790770203,56.1,43.89,48.62,1.63,Acidic Soil,maize
26.531521845432174,58.24424426307218,121.7154322106799,6.029516144055752,50.0,20.0,50.0,842.0,Sandy Soil,sweetpotato
29.227884921202683,78.28672701473356,98.10994410340366,5.585343433941235,60.58,45.388,51.341,0.87,Acidic Soil,banana
24.941947028777452,59.51308120288194,76.02457667494814,6.331373197904918,49.0,38.0,34.0,720.0,Loamy Soil,sweetpotato
23.241128595467863,60.053677442048496,77.53005420873339,5.678480513085788,47.0,38.0,36.0,760.0,Loamy Soil,sweetpotato
25.613631052551487,76.05294964052212,144.28947650562276,5.962565486972859,40.04,52.86,70.63,2.56,Loamy Soil,soybean
25.027017776007057,81.20690108627964,98.40217243804243,5.909370357468786,58.12,52.04,49.06,1.98,Acidic Soil,banana
25.5200655108381,75.01987464344472,137.92277107455595,6.905841739180869,31.46,45.22,67.63,2.4,Clay Loam,soybean
28.403195547446394,63.65399089502461,110.99455114019187,5.448648306633361,41.0,25.0,32.0,746.0,Sandy Soil,cassava
28.01717811382507,88.02299405215247,230.96422390068892,6.581220977520922,90.05,52.52,78.19,3.57,Loamy Soil,chives
27.83729954409814,70.67719687034425,79.0094218057838,6.698247522388747,29.27,47.31,59.18,1.9,Sandy Loam,mungbean
28.60252987076716,76.55014234271454,173.22732862958958,6.189856696277525,22.35,47.66,67.03,1.92,Loamy Soil,soybean
21.552180820731756,81.35787463355292,210.41024252092978,7.0714422569497195,67.48,140.6822,145.1364,0.95,Loamy Soil,rice
28.84089658748531,77.67861811725996,118.9273413127143,6.63841934307638,26.29,34.05,60.18,2.13,Sandy Loam,mungbean
28.735146095510906,79.61742261589795,116.53549075464107,5.995457100726913,66.9805,51.56,54.56,1.41,Peaty Soil,banana
29.9,71.7,42.0,6.18,87.89,75.47,129.03,2.98,Sandy Loam,shallots
28.77653519,86.69133979,56.12443206,6.983130466,57.78,148.423,144.2236,0.85,Loamy Soil,mungbean
42.897622032384554,94.10984353734155,77.79723202187766,6.763640400652563,64.75,123.94,73.03,0.73,Neutral Soil,papaya
27.81251452,82.69285419,99.20961514,5.80766417,62.68,50.81,51.09,2.02,Acidic Soil,banana
35.74271483294386,54.539758920944664,90.89459409153345,6.341680906107386,59.709,59.56,62.57,0.91,Acidic Soil,mango
31.942114219684374,77.34475058945274,127.53315756497048,6.273115083534756,28.92,43.76,57.44,1.59,Loamy Soil,mungbean
27.1,75.3,149.8,5.62,111.33,98.87,151.19,2.99,Sandy Loam,chilli
29.175801101861396,78.73239384879119,89.54730869483957,5.740290559127984,62.36,45.64,47.341,2.46,Acidic Soil,banana
24.724522430359734,93.03487926492649,136.88090564342306,6.5924701067706595,68.54,115.11,96.72,2.24,Neutral Soil,papaya
23.14333704141594,53.25882960936024,151.15327008486648,6.669034271666408,63.44,98.97,127.32,1.8,Neutral Soil,coffee
29.71630053935771,63.73534075712364,62.494959727843614,5.974311362966296,91.88,65.11,103.11,2.08,Silty Loam,shallots
31.7,71.7,103.7,6.54,37.21,50.71,66.4,1.7,Loamy Soil,soybean
23.890899401577812,69.1244953441486,97.94580478186283,7.053977369745255,104.8,66.3,115.14,3.65,Clay Loam,garlic
23.764040119605927,60.60697076065587,160.88763742748858,6.9233925766914926,66.15,140.80902,145.79,1.51,Neutral Soil,coffee
30.854540851019753,71.5504277117021,66.6380301174331,6.047472646899135,22.0,68.79,74.14,2.09,Loamy Soil,peanut
25.0,81.3,167.6,6.52,149.06,97.9,127.07,2.94,Loamy Soil,chilli
31.25160740062714,72.34622504636272,64.98670202853862,6.0759701052196675,22.0,68.79,73.14,2.09,Loamy Soil,peanut
28.7,84.8,82.5,6.23,24.32,45.15,53.57,1.51,Loamy Soil,mungbean
18.196267508091932,61.43235971474577,94.00496074909324,6.657186228336467,57.96,82.64,74.36,1.83,Neutral Soil,maize
38.879532992631255,93.37275166433602,121.4409013823301,6.497242485531089,75.87,94.42,78.92,1.04,Loamy Soil,papaya
25.826818866138968,67.39418293338905,71.1539619386387,7.310518750946308,103.0,61.5,92.08,2.58,Clay Loam,garlic
29.47741671,91.57802915,111.1727497,7.129136941,66.67,140.91802,145.625241,1.62,Neutral Soil,orange
24.869195595150995,62.89372031678756,212.81098714276672,4.550016559183147,68.21,38.6,49.46,0.58,Acidic Soil,tea
22.1,89.3,293.7,6.76,86.4,41.66,76.09,3.07,Silty Loam,chives
28.9,72.7,233.5,6.67,62.97,44.88,99.01,2.85,Silty Loam,chives
27.73329078,81.13903037,44.17580911,6.272343025,55.52,64.7525,49.36,2.01,Acidic Soil,mungbean
26.721640711421433,76.7433379826142,113.13346399843111,5.6910050115133295,143.32,119.29,127.67,2.81,Silty Loam,chilli
25.627527040502425,69.93543117576488,49.436399014009716,6.605471515851828,92.7,51.96,122.01,2.68,Clay Loam,garlic
29.25649321,81.97952224,42.02483277,6.86483915,55.6,145.757,81.46,0.73,Neutral Soil,mungbean
30.917299206582843,47.23303612224541,91.73866786748076,6.220645828966377,59.37,47.28,57.92,1.2,Acidic Soil,mango
29.68804916588554,72.61322464978535,87.36267856785368,6.567196533096591,20.79,29.69,67.12,2.38,Sandy Loam,mungbean
26.93892804436253,71.86225239129328,140.75813802813255,6.2952643606837855,22.71,42.39,54.51,1.98,Loamy Soil,mungbean
28.67208915,82.20793613,94.37987496,5.725418961,62.36,49.35,49.87,2.14,Acidic Soil,banana
30.623234832111574,48.05711322908549,93.16127160147346,5.761412668390996,58.78,43.78,50.11,0.52,Acidic Soil,mango
18.11997732461464,71.89973523333673,89.1553237522022,5.6667540697604695,54.31,43.95,48.23,2.37,Acidic Soil,maize
27.953213464770876,91.02347215850527,21.3154803346986,6.304927105035199,49.97,68.03,45.85,2.45,Acidic Soil,muskmelon
27.14954395608547,77.72597475383974,117.40677604703532,6.2286103976135445,32.34,42.0,76.23,2.59,Silty Loam,soybean
28.127583236049052,87.990559411025,36.1376408699194,7.182622965689708,52.11,148.467,70.64,1.08,Loamy Soil,mungbean
29.422380898751637,76.94698655524708,101.6753276510221,5.7341257415069915,64.34,49.31,53.27,2.49,Peaty Soil,banana
28.28923064637242,78.39085752617244,101.85761638739979,6.258997369914378,63.53,64.38,61.41,1.15,Acidic Soil,banana
23.430140382178894,81.42248861934624,242.96923408327703,5.040754737402655,78.53,40.919,58.0975,0.93,Acidic Soil,rice
28.50416396,93.46806467,24.20007242,6.565312653,53.58,94.51,47.42,1.73,Neutral Soil,muskmelon
28.366772070502527,83.78534751322287,50.051433714377666,6.506425693850181,53.38,89.18,55.59,0.76,Neutral Soil,mungbean
30.1,74.7,92.4,6.41,25.11,66.2,81.61,1.66,Loamy Soil,peanut
32.57531827141384,69.80321081308611,78.42304257420798,6.210638213708874,23.41,54.04,78.25,1.74,Loamy Soil,peanut
25.305385760116437,79.37747533589346,125.44612779325041,6.621384213421111,21.19,49.05,58.78,1.93,Silty Loam,soybean
27.84026517,89.71960682,52.84626009,7.063022095,57.36,148.807266,141.1672,1.61,Neutral Soil,mungbean
24.28486954178454,88.72033071214076,49.04679587315791,6.148071050949171,55.92,57.51,48.15,2.45,Acidic Soil,watermelon
20.38894200009078,64.9732544994009,78.19576456516188,6.759530331948795,55.85,91.6,69.76,1.37,Loamy Soil,maize
22.65086971111284,56.4848141714221,102.68391740161181,5.796196817569544,60.27,46.03,50.21,0.88,Acidic Soil,maize
26.450879869124957,83.91703451847911,184.25016246915132,7.060936314666837,73.93,146.45895,143.872,1.24,Loamy Soil,rice
26.109617116564706,66.50330241626648,70.48775555271175,6.516089791244102,94.56,85.21,123.38,2.16,Sandy Loam,shallots
27.762603017964864,53.18735260560663,90.55868852764017,5.726625505306359,56.58,43.94,49.95,2.47,Acidic Soil,mango
29.73019662,90.97015715,20.75707821,6.342573112,53.08,71.51,44.16,1.47,Peaty Soil,muskmelon
28.3585608687952,71.69551854244617,173.06746319405394,6.704371111932014,98.45,95.28,131.1,2.48,Silty Loam,chilli
26.083783877484418,64.3651078974539,178.28484818346166,4.846621613146549,66.76,36.73,48.82,1.97,Acidic Soil,tea
26.220264397377626,75.5638344350815,167.4585010123245,6.877072098225958,62.77,45.93,71.45,2.89,Silty Loam,chives
25.44,55.24,80.53,5.77,31.0,31.0,43.0,767.0,Loamy Soil,sweetpotato
23.395854882915117,68.5397767887978,56.19480074994114,6.75305405968394,69.13,65.39,108.05,3.59,Silty Loam,garlic
24.26,59.84,109.78,6.96,36.0,34.0,34.0,845.0,Loamy Soil,sweetpotato
22.94989799976849,94.30529743924504,111.30242327970763,7.53941422296481,61.98,86.6,70.78,1.0,Neutral Soil,orange
27.620625046967206,89.84815097892015,26.85871958206529,6.1864301175673795,56.95,63.01,43.5,1.51,Peaty Soil,muskmelon
23.57943626,83.58760316,290.7103425,5.85393208,81.9,51.88,73.89,0.83,Acidic Soil,rice
25.62559115889321,81.94417804949195,52.51689549937932,6.304731512638559,58.43,65.02,48.05,2.27,Acidic Soil,watermelon
27.58103975,64.47858698,192.7121236,6.937352845,67.611,146.55164,148.114,2.25,Neutral Soil,coffee
26.231565790799294,62.33855163478983,199.37767420555238,4.461531561508137,71.11,39.6,52.81,0.85,Acidic Soil,tea
33.476590216414365,92.93510612747268,87.71881781660937,6.682082061776316,62.94,151.099313,89.18,1.07,Neutral Soil,papaya
27.68515114,81.94268594,54.62243308,6.272343025,56.88,64.7525,49.42,2.36,Peaty Soil,mungbean
43.38985111216645,89.90587175367718,235.57312504919108,6.547317974315254,93.627,97.74,121.79,1.22,Neutral Soil,papaya
28.1,73.7,109.6,6.68,108.37,62.53,91.78,2.32,Clay Loam,garlic
24.1472678122832,58.1472415755649,87.10443340879931,6.405073327937433,42.0,38.0,54.0,878.0,Loamy Soil,sweetpotato
25.3,60.2,56.2,6.48,118.54,61.55,104.49,2.11,Loamy Soil,shallots
24.6,68.2,53.3,7.06,101.26,63.51,118.35,3.01,Clay Loam,garlic
27.581705154687615,75.66576948123154,110.10360211629182,6.1233684397854775,62.7,58.99,60.5,2.08,Acidic Soil,banana
25.2990432,94.55455292,117.9733424,7.260416405,65.75,139.4,100.4,1.74,Neutral Soil,orange
25.105480534461677,67.22207209231637,78.57905862291138,6.315354235176337,80.98,81.73,115.38,3.28,Sandy Loam,shallots
25.549167043280303,92.5946834115498,115.50144230132636,7.200060372181715,67.79,141.6889,143.1539,2.38,Loamy Soil,orange
32.12441978679214,48.89964476011263,92.33038498684954,6.304140911786276,55.72,54.8,59.99,1.79,Acidic Soil,mango
29.327433052744077,84.94600819441747,53.90730302533871,6.923159480750072,58.36,150.589,145.764698,0.61,Neutral Soil,mungbean
31.197417144009197,70.99730758447487,113.05020052090919,5.864167667969173,23.71,64.07,88.69,1.02,Sandy Loam,peanut
26.174278111827658,85.57484546190963,49.019871115955056,6.121130574555723,57.06,59.34,48.95,1.35,Peaty Soil,watermelon
25.266766619005224,76.2274037860698,132.6169916128631,6.665877843726996,136.18,97.08,132.48,2.16,Sandy Loam,chilli
23.86330467,83.15250801,285.2493645,5.561398642,81.45,47.34,66.44,1.16,Peaty Soil,rice
31.86641378,52.19331595,98.46768642,5.064613314,59.1,38.09,46.78,2.18,Acidic Soil,mango
38.08210017057729,92.82609178515477,158.84208800005456,6.883550867701326,83.67,150.064,142.952,1.74,Neutral Soil,papaya
24.221235937448416,58.19112792043041,103.85967761115485,5.645353600219748,47.0,34.0,39.0,700.0,Loamy Soil,sweetpotato
26.81247162425139,86.6517538313444,53.62227870268172,6.865789018883486,59.72,145.2588,96.41,1.0,Neutral Soil,watermelon
26.97145094089352,58.80697033344896,72.19618755319811,6.860831542246419,49.0,33.0,42.0,792.0,Loamy Soil,sweetpotato
26.37459920573824,73.12217453675473,73.09152189430306,6.662691272332945,103.69,61.03,127.09,3.48,Sandy Loam,shallots
26.21009246,82.34429458,112.0700033,6.313197204,63.44,65.97,61.76,1.95,Acidic Soil,banana
23.85340379,90.15354599,103.923226,7.474710503,62.41,86.94,69.19,1.38,Loamy Soil,orange
21.9348235,63.90516342,247.2123321,4.832617563,69.42,38.85,55.34,0.87,Acidic Soil,tea
27.1,74.7,142.8,6.8,149.55,95.59,167.99,2.89,Silty Loam,chilli
24.73047291597782,62.93467825189152,48.0610593454326,6.337026872990855,106.34,75.77,124.85,3.19,Loamy Soil,shallots
20.826961547745356,57.641931789479806,200.610473902336,4.576741467618081,65.45,35.04,52.84,1.65,Acidic Soil,tea
28.784691164233614,84.05614038031113,52.49754589653198,7.08930896662397,54.36,148.589,144.764698,0.61,Neutral Soil,mungbean
23.0,83.6,203.7,6.54,130.46,104.03,158.51,3.29,Silty Loam,cabbage
32.03199210535853,73.22379222988585,108.84955791946008,6.15170406402089,20.73,53.31,75.68,1.93,Loamy Soil,peanut
29.68361658,87.93598094,41.82490236,6.990095452,56.07,148.098,140.61351,1.13,Loamy Soil,mungbean
26.092984928908106,73.73519731596858,35.31213755485387,6.333922997492609,92.98,78.28,110.4,2.9,Sandy Loam,shallots
28.96361426,93.88482153,23.56130173,6.469983276,53.56,83.14,45.93,1.63,Acidic Soil,muskmelon
26.11440416,87.64081095,58.48160844,6.29542477,57.44,67.32,51.07,1.49,Peaty Soil,watermelon
22.24106122,62.85507946,244.6364888,4.553135524,69.0,37.71,53.33,1.88,Acidic Soil,tea
15.87976379877495,94.46848931701126,100.04403451598387,7.63718022649764,56.31,78.39,63.11,2.1,Peaty Soil,orange
29.1,73.9,223.5,6.9,64.59,50.71,91.19,3.87,Loamy Soil,chives
28.933548902184288,63.78319785642044,224.9924276981402,6.2786897205251435,33.0,24.0,23.0,668.0,Loamy Soil,cassava
24.299050749739823,66.74851161876245,99.27368695494876,7.421571358043742,82.85,62.29,130.35,2.48,Silty Loam,garlic
28.5,65.9,80.4,6.22,19.82,61.56,75.74,1.11,Sandy Loam,peanut
22.70883798,82.63941394,271.3248604,5.70080568,78.29,49.08,67.85,1.78,Peaty Soil,rice
25.621311347343536,68.4561383940633,99.7482152285965,6.376776522247073,92.58,85.6,106.83,2.41,Sandy Loam,shallots
26.87502264273264,77.88456332542273,101.70553172338447,5.897522209794401,64.88,49.79,52.26,0.86,Acidic Soil,banana
27.974584340260805,54.05314566732761,139.66741035048082,7.222802450912811,63.72,109.53,128.93,1.23,Neutral Soil,coffee
26.59386409,81.40740301,109.9825551,6.242528278,63.23,62.24,59.36,1.41,Acidic Soil,banana
22.748270008989802,81.21703888805317,225.44495100686197,6.404008265567137,174.16,119.15,191.99,3.99,Clay Loam,cabbage
27.8,79.5,294.4,6.92,70.54,54.22,93.04,3.92,Loamy Soil,chives
24.944865587931083,87.43183690808138,214.07711484301308,6.784522205170364,128.09,116.33,173.82,3.44,Loamy Soil,cabbage
25.826622021192613,72.8958744284065,72.36268339363208,5.868119630084508,57.88,50.03,50.06,0.83,Acidic Soil,maize
31.91759961761807,70.40016104177802,87.2802023867071,6.157717725361162,107.6,61.07,108.07,2.93,Silty Loam,shallots
29.508631410785284,92.71460143885932,21.14049210143291,6.339348375842466,55.18,68.16,44.02,2.37,Acidic Soil,muskmelon
24.362230460878546,79.47125443726159,170.71170579424592,6.158900294549813,137.12,88.85,151.79,3.42,Clay Loam,cabbage
38.88791497765269,91.8058856253191,107.58350813320605,6.918745636830421,74.0,144.029,145.437,1.1,Neutral Soil,papaya
24.952251178055636,83.57733030051047,184.0080625545176,6.690242574817927,71.53,126.99,133.14,2.02,Loamy Soil,rice
31.556163499130815,70.94490890466984,104.04683172376232,6.515479229137782,36.21,50.71,67.4,1.7,Loamy Soil,soybean
20.01799525610056,81.75769095564176,244.23563630369716,7.502242237282627,74.86,69.62,96.17,2.24,Peaty Soil,rice
30.76673658224975,93.11254519347482,107.31724432247414,6.134937005043735,66.14,56.7865,53.1455,2.25,Acidic Soil,orange
26.087753474734587,70.97020005966715,159.50864441466064,6.843774419075686,31.54,50.02,69.02,1.63,Silty Loam,soybean
29.17220859,92.21405224,21.30290472,6.293486295,53.18,69.16,44.02,2.37,Acidic Soil,muskmelon
27.380556612314606,60.509669745425846,191.9355177598624,6.567236470324105,65.46,67.45,87.64,1.94,Acidic Soil,coffee
23.624471238655588,89.58342891125781,103.78359035059172,7.5221311080257784,65.41,88.94,70.19,1.38,Loamy Soil,orange
27.59259521682356,75.96673683220963,106.88917035711204,6.580567891062159,22.76,44.79,64.5,2.08,Sandy Loam,mungbean
21.993234868549735,81.29534614291046,188.54358859918855,6.246259556234554,154.51,111.2,161.06,3.73,Clay Loam,cabbage
29.84608396109804,86.6991040351335,59.23509280808504,6.342066036487806,59.241,75.1,51.01,0.76,Acidic Soil,mungbean
33.83508569,92.85470152,203.4044028,6.986413574,85.5,146.66082,146.4531,0.72,Loamy Soil,papaya
27.125790004678244,72.87808988178936,116.18255331284175,6.918664805932182,25.94,39.85,66.08,2.45,Loamy Soil,mungbean
31.53974297598801,78.89829466216648,199.7071427324187,6.938437075477375,30.95,52.7,77.09,2.38,Loamy Soil,soybean
25.5,75.8,272.5,6.95,63.79,44.27,83.34,2.88,Silty Loam,chives
25.724367207863136,81.9573865754467,206.40065880448586,5.924575886463047,144.33,103.6,159.61,2.89,Loamy Soil,chilli
27.9525480401246,94.10399756453884,29.928273331751164,6.778553254187565,54.05,133.7555,54.986,0.89,Neutral Soil,muskmelon
28.94263881038937,84.23569279683008,110.9319485146987,5.695428893787973,66.9,46.83,50.0,1.27,Acidic Soil,banana
26.4743225026892,75.81267149527585,170.56388750115934,6.284683692780577,29.14,57.78,67.76,2.63,Loamy Soil,soybean
27.63,60.91,159.95,6.56,23.0,20.0,41.0,833.0,Sandy Soil,cassava
29.119038838171257,70.55713693693333,110.362452011495,6.213867261835658,22.29,52.28,84.26,1.65,Sandy Loam,peanut
27.30008597,90.80015308,25.09484511,6.040559392,53.46,58.8005,43.46,1.3,Peaty Soil,muskmelon
26.845256324972247,73.72566553387989,103.96602615254467,6.742647373717051,22.34,49.48,59.59,1.66,Loamy Soil,mungbean
38.313288078403765,93.01163531061802,216.3287187707854,6.755305041118683,94.5,144.36,146.115295,1.85,Loamy Soil,papaya
25.614756019055946,60.76621911137869,196.63829314307122,6.259226908629724,70.34,55.41,75.01,2.02,Acidic Soil,coffee
26.33,59.3,95.6,5.91,33.0,35.0,36.0,715.0,Sandy Soil,sweetpotato
20.41683147,62.5542482,65.27798457,5.855442401,54.63,46.4,47.6,0.62,Acidic Soil,maize
30.270001075822666,70.70432248169608,54.39686360851116,6.673249737658293,90.13,75.56,110.06,3.37,Sandy Loam,shallots
21.68623299,55.48736922,156.5019951,4.524333644,61.687,37.04,49.0795,1.92,Peaty Soil,tea
27.2,69.4,93.7,5.82,26.98,55.47,73.04,1.06,Loamy Soil,peanut
35.052679156248416,52.70401664776818,92.58727481191082,5.104285466962455,61.42,36.12,44.27,1.61,Acidic Soil,mango
28.3,64.83,124.93,6.38,22.0,28.0,35.0,765.0,Loamy Soil,cassava
34.91135586291813,49.633224336693885,90.06164431163019,6.415974555077096,59.66,56.98,60.87,1.36,Acidic Soil,mango
31.27084480798842,75.20582972904887,122.23707070047428,6.52731379935108,33.85,48.43,52.42,2.18,Sandy Loam,mungbean
27.4,81.6,121.9,6.76,25.01,43.13,61.64,2.5,Loamy Soil,mungbean
26.600039763946086,78.6381620366767,153.71612671290612,6.5823667087933275,154.6,96.12,173.29,3.3,Clay Loam,cabbage
25.77175115,73.59052499,107.4931917,6.524478032,60.1105,76.74,70.14,0.95,Loamy Soil,maize
33.5,73.8,70.9,6.3,21.66,64.6,78.12,1.82,Sandy Loam,peanut
23.935031553165736,51.941300030562836,130.27367425797843,6.965438447375948,58.605,146.07043,139.258,0.88,Loamy Soil,coffee
29.87331077,90.60932469,24.69720481,6.186770318,53.71,63.43,44.05,0.6,Acidic Soil,muskmelon
31.578672401107745,53.23284115108321,91.05551615432245,6.745090132592925,55.14,115.05,102.41,1.98,Loamy Soil,mango
29.520657962339723,72.68905407748922,101.41061025622788,5.920488715745821,149.8,97.27,162.55,1.97,Silty Loam,chilli
27.521334499356566,86.45764742202967,43.3722137982287,6.2718692093515065,53.98,69.84,51.37,2.06,Acidic Soil,mungbean
26.825994171064085,86.24501528267055,48.539959099137846,7.193181921796245,58.6,140.154,90.36,2.49,Loamy Soil,mungbean
21.31388231,57.31785638,198.6421842,4.557047544,63.45,37.04,50.84,1.65,Acidic Soil,tea
24.28888877,84.18406764,53.78929956,6.423898762,56.05,73.84,52.45,2.49,Acidic Soil,watermelon
27.36559349,62.74215557,192.9191932,4.606762414,68.4,37.86,50.75,2.49,Acidic Soil,tea
27.465437279772136,61.23381533234997,195.4619011249641,6.825263456319512,67.611,113.57,147.0319245,1.44,Loamy Soil,coffee
28.13706914726134,90.44863416229514,21.261134690651673,6.607814053375129,51.2,121.48,50.09,1.41,Neutral Soil,muskmelon
26.1,68.7,82.3,6.58,105.93,72.41,93.33,3.48,Silty Loam,garlic
20.41447029,82.20802629,245.1511304,7.592490617,72.86,71.62,95.17,2.24,Peaty Soil,rice
23.25084911689821,81.36517498769355,165.1386279150461,6.539804645313665,137.2,119.31,170.08,2.67,Loamy Soil,cabbage
30.84835031,92.86773675,107.4142681,6.388617138,67.1,75.57,63.43,0.67,Acidic Soil,orange
32.9,69.3,163.6,6.19,34.08,59.26,64.72,2.17,Silty Loam,soybean
33.16871187611512,77.46687069298086,128.8867777734266,6.504535375399686,28.47,60.46,79.75,1.93,Clay Loam,soybean
27.769052532540023,82.44602843772226,38.96470791215087,6.226776743759995,57.88,66.78,51.36,1.98,Acidic Soil,mungbean
23.997881431181774,76.62944084943332,207.96822661909493,6.023550424926914,162.22,85.4,195.55,2.6,Silty Loam,cabbage
31.9,75.0,134.3,6.98,25.92,47.42,50.06,2.35,Sandy Loam,mungbean
28.14068910546537,73.77308343083101,31.732740105067553,6.615602987753612,115.56,74.44,131.66,3.12,Sandy Loam,shallots
25.1,81.0,198.6,6.04,137.63,81.54,178.32,1.87,Loamy Soil,chilli
28.59728952930419,64.08453318474922,81.5440774879034,6.073929017012029,115.61,84.2,141.74,2.73,Silty Loam,shallots
27.647259674568744,70.53304283376359,290.9991871022951,6.763057343510821,63.56,56.06,77.39,3.96,Loamy Soil,chives
21.199725781150374,60.00473833166114,242.70070523741066,4.446342939961167,64.28,35.38,55.15,2.09,Acidic Soil,tea
26.57719581886874,57.78105339156503,105.76839515794093,6.384257598368594,29.0,36.0,33.0,689.0,Sandy Soil,sweetpotato
29.933030988651662,73.13695968053953,51.26807189515451,6.745166880636608,110.47,86.8,140.56,2.04,Sandy Loam,shallots
25.4,73.1,45.1,7.16,107.34,59.15,92.36,3.13,Silty Loam,garlic
27.23427083113292,88.5808986756583,60.43722209653561,6.329026231573279,55.6525,66.29,49.56,1.49,Acidic Soil,watermelon
29.030471169668363,91.73687756643115,27.039936836003204,6.160439598634488,56.29,60.68,45.57,2.38,Peaty Soil,muskmelon
25.69026930581387,70.11852966496795,41.456680749564434,7.409827047678077,86.14,70.72,119.32,3.1,Loamy Soil,garlic
29.795245497263764,87.60949736850479,55.44463744234738,6.486543198773321,60.17,88.54,54.91,0.69,Neutral Soil,mungbean
25.60429391972862,83.24000943767733,231.38573745985548,6.7434524226797645,143.74,92.6,161.25,3.55,Clay Loam,cabbage
24.34548900872522,87.0063920801389,45.90429828495665,6.360602815922666,56.27,79.65,49.85,1.03,Acidic Soil,watermelon
27.56187971635642,66.96780091862034,48.17384482132642,7.127805518751441,72.95,62.26,94.68,3.06,Silty Loam,garlic
28.0,70.2,80.5,6.64,28.27,45.31,61.18,1.9,Sandy Loam,mungbean
40.21199348,94.50766912,186.6762324,6.986413574,89.41,144.3937,144.0583,2.43,Loamy Soil,papaya
25.07505845094808,81.89491534631802,199.94942863268,6.036861527088943,136.63,80.54,177.32,1.87,Loamy Soil,chilli
31.949683214317332,52.79861623794515,91.60673147186783,4.718623968099952,61.64,35.92,43.3595,1.21,Acidic Soil,mango
27.22896616475798,71.98224255862723,99.46335685151602,7.380553520676185,85.5,75.08,132.56,2.27,Loamy Soil,garlic
28.52692550493058,75.47777659803461,84.79607257295953,7.408383050448309,80.72,52.67,96.99,2.4,Clay Loam,garlic
27.225505119624504,82.64603939751278,277.3512878519005,6.064492266335757,79.72,57.18,73.45,2.67,Silty Loam,chives
31.704643280496093,63.01468558186631,89.20110699852805,6.614921031731811,91.71,68.03,133.62,2.65,Silty Loam,shallots
26.91173858017452,83.4591716629302,41.61920966495139,6.132135977995422,57.03,58.15,47.7315,1.59,Acidic Soil,watermelon
42.94110805,93.10887229,103.8235658,6.608667684,73.46,101.38,75.37,1.53,Loamy Soil,papaya
33.37386201747931,80.25777596851333,105.70985627027584,6.769331210584567,27.83,57.04,63.7,1.76,Clay Loam,soybean
30.421702111383826,74.76667626853714,124.1684982521591,6.41786243049263,34.7,48.28,58.3,2.0,Loamy Soil,mungbean
23.79746068,73.59052499,91.76337172,6.252797548,59.08,60.04,56.37,2.17,Acidic Soil,maize
28.887604550123246,48.40073200006435,98.11260569388266,4.692560525315655,56.58,35.38,43.92,1.34,Acidic Soil,mango
26.798000760890016,71.12957646158709,78.05469944608757,6.403497655087726,88.9,78.19,111.51,3.3,Loamy Soil,shallots
24.97001085836377,60.24943933687848,54.489344878041926,6.470388705989717,116.54,63.55,106.49,2.11,Loamy Soil,shallots
21.20026762621956,63.007756607381715,225.07106190387165,4.80859007961788,64.67,40.59,51.69,2.42,Acidic Soil,tea
28.286237821849216,89.1069880127167,54.885744442545736,6.237029924229674,55.78,70.19,52.13,1.06,Acidic Soil,mungbean
27.233524293825123,77.36608226839931,191.9540498062558,5.900113427251634,140.27,100.66,166.13,2.98,Clay Loam,cabbage
29.636070096862824,66.15280829109413,92.84836875884464,7.212755399705464,88.91,61.71,123.67,2.79,Loamy Soil,garlic
23.44676801,84.59609431,283.9338466,6.215109715,81.36,62.41,88.23,1.19,Peaty Soil,rice
29.420120757186044,88.34009756618441,222.2655047847942,6.869102394116675,78.48,47.97,95.18,3.07,Loamy Soil,chives
29.12896759303074,92.66234027919052,29.667724518922814,6.08153703683107,56.34,61.6,46.2,1.5,Acidic Soil,muskmelon
30.4,71.9,83.5,6.26,25.81,64.47,85.26,1.38,Loamy Soil,peanut
17.55556718026972,91.33941219543003,109.43367632907982,6.679243687335697,58.96,97.04,75.43,0.84,Neutral Soil,orange
32.958980678417085,69.36444864019447,55.217645121009774,6.343319742039221,17.2,61.3,86.0,1.27,Sandy Loam,peanut
31.325054406216697,71.73372137179726,103.28577297740968,6.7980378236103425,19.82,43.89,77.51,1.92,Loamy Soil,soybean
31.80086952779003,71.94989070790116,74.63719397862401,6.173945543420315,104.91,81.9,131.99,3.08,Loamy Soil,shallots
32.58289119082967,77.86390085714687,124.67296492020955,6.760699353418529,27.57,56.97,71.2,1.6,Clay Loam,soybean
31.034058017664524,75.63217361486518,179.16830788616724,5.870058284432498,116.02,118.39,165.05,2.4,Sandy Loam,chilli
30.602522957014262,48.73935525432914,95.03621059219267,5.724315660008231,59.78,40.78,48.11,0.52,Acidic Soil,mango
29.264444175455953,70.36853980445973,142.1767514070293,6.279841527659857,30.03,35.9,60.05,1.6,Loamy Soil,mungbean
27.299088582069317,86.65087257205317,187.47283861483382,6.938024006636433,83.48,43.64,80.71,3.86,Silty Loam,chives
29.2,65.9,107.6,6.53,95.43,62.77,96.52,2.32,Loamy Soil,garlic
26.237563802915915,61.54956460028065,114.14845252145359,5.226754385157457,34.0,26.0,36.0,689.0,Sandy Soil,cassava
29.55619240110948,73.59116020186174,109.20560621646962,6.315535648378931,30.82,64.07,74.34,2.16,Sandy Loam,peanut
34.05296914,92.05811721,116.8020848,6.725600855,69.476,130.65,96.76,1.25,Loamy Soil,orange
23.430643407841725,68.13903841748572,105.49876267140459,7.027797153754324,106.79,72.79,90.45,2.39,Loamy Soil,garlic
27.486858343510285,62.66913334654322,194.47088290823265,4.542500866337072,68.4,39.86,48.75,2.49,Acidic Soil,tea
26.21667586,81.01009354,54.65423596,6.32281728,56.45,65.89,50.76,2.02,Peaty Soil,watermelon
29.478611423014193,49.752687773410216,96.81375873727292,6.718981652391569,56.8,115.824,109.787,0.58,Loamy Soil,mango
31.3,68.2,193.5,6.97,24.75,45.68,78.01,1.65,Silty Loam,soybean
26.471443137786608,84.03197269873405,248.70906846825412,7.515655603344065,77.6,73.75,102.19,1.12,Peaty Soil,rice
28.781228173404436,93.23708563962614,211.10179789241548,6.931609068061819,84.92,144.00519,148.184,2.1,Loamy Soil,papaya
27.892993317734053,80.70841626859485,92.55833473536907,5.747920242324806,62.66,48.23,48.08,2.06,Peaty Soil,banana
25.70787319914215,61.81966281151295,192.9418780291007,5.60178272396765,32.0,20.0,22.0,627.0,Sandy Soil,cassava
27.01030506230254,63.11536508921783,121.64387869340163,5.306152850053209,32.0,22.0,48.0,750.0,Sandy Soil,cassava
25.016874336720587,60.08552214830175,86.73249328174214,6.196191488151039,41.0,28.0,61.0,712.0,Loamy Soil,sweetpotato
26.7320648,81.91411159,290.6793783,7.069172227,83.536,141.6931,147.520955,2.15,Loamy Soil,rice
23.48432696433342,60.31956177034131,76.18102792964895,5.679477897185143,46.0,35.0,36.0,760.0,Loamy Soil,sweetpotato
25.642123470004584,60.57274742013663,191.29220153748713,7.453075223729483,64.35,67.87,92.32,0.79,Loamy Soil,coffee
30.45137620163631,66.86382287184111,85.76708965147121,6.073899116366064,23.35,58.63,84.66,1.15,Sandy Loam,peanut
28.006500864493894,71.06571985449443,224.2543618586437,5.916422713119789,63.54,42.04,96.17,2.72,Loamy Soil,chives
20.57981887,65.34583901,78.34604471,6.671085817,55.85,89.6,71.76,1.37,Loamy Soil,maize
28.984100704536043,83.14740160804648,238.13546360181059,6.8987097627431755,85.55,51.82,77.22,3.66,Silty Loam,chives
23.23,59.69,76.53,5.65,49.0,37.0,35.0,760.0,Loamy Soil,sweetpotato
27.82424457,90.56698742,21.19014526,6.266208727,52.97,67.03,43.85,2.45,Acidic Soil,muskmelon
29.482737271419914,75.2232099380716,146.5797406078552,6.002338171760573,40.9,45.51,60.74,1.8,Silty Loam,soybean
26.14617591976484,80.26334397437259,208.33552104665355,7.01151588909122,75.11,144.69303,149.520955,1.54,Loamy Soil,rice
32.26935342,53.56092806,95.94035356,5.870116071,59.21,44.22,51.32,1.27,Acidic Soil,mango
22.6,84.6,234.2,6.57,137.63,110.85,159.12,3.24,Loamy Soil,cabbage
34.39626162908397,93.41914218542543,125.55663556309452,6.747945233466502,70.69,132.7,102.84,1.43,Neutral Soil,papaya
28.9,82.9,236.7,6.88,86.55,52.82,79.22,3.66,Silty Loam,chives
31.447225813080575,73.06983045250378,62.62821810643006,6.516036124231016,24.52,62.5,79.18,1.45,Sandy Loam,peanut
25.6217169,66.50415474,105.4654703,6.047906679,59.98,50.96,54.77,1.88,Acidic Soil,maize
25.3310446,84.30533791,41.53218699,6.904241707,54.9395,145.53795,97.83,1.58,Neutral Soil,watermelon
31.3,68.9,66.5,6.03,18.84,68.75,77.27,2.11,Loamy Soil,peanut
18.96964497805509,62.67808958751836,66.12534008442302,5.939034237612301,51.4895,49.27,50.47,2.12,Acidic Soil,maize
22.137062921790935,89.43608809934074,293.7346864228099,6.67844702340975,87.4,40.66,77.09,3.07,Silty Loam,chives
28.05457761,94.79016045,21.84869328,6.327210469,53.23,72.28,44.33,1.35,Acidic Soil,muskmelon
26.845045517353704,54.85391777031681,139.10528694813974,6.851009900359564,62.71,142.40874,140.5751,2.29,Loamy Soil,coffee
27.05,62.1,192.68,5.4,30.0,24.0,37.0,842.0,Sandy Soil,cassava
36.65439037624803,92.63121190702986,139.192787632187,6.9827093495835015,74.51,151.08977,145.2852,1.78,Loamy Soil,papaya
29.00778305493235,79.60289601669052,166.51505886468576,6.042073680905385,88.41,56.78,92.62,2.89,Loamy Soil,chives
28.42437580630015,59.93482504044239,112.02015871232393,6.530244328925282,39.0,26.0,27.0,837.0,Sandy Soil,cassava
28.12971499,93.3210737,117.8201907,6.519371846,67.18,86.9855,71.59,2.31,Loamy Soil,papaya
29.7,67.3,58.9,6.48,80.85,86.23,147.9,2.9,Sandy Loam,shallots
27.3,70.7,227.4,6.93,61.71,56.42,84.71,3.68,Loamy Soil,chives
24.169367163942134,91.79841179531606,63.325927877985364,6.580028761364586,57.93,97.47,57.98,1.62,Neutral Soil,papaya
24.88921174,81.97927117,185.9461429,5.108527114,71.08,42.919,57.0975,1.29,Peaty Soil,rice
26.347448603295266,84.67437920016883,44.606667274448,6.434642487134791,54.51,78.89,52.92,0.68,Acidic Soil,watermelon
28.129696384324454,81.38185644486217,45.64944189034878,6.37129226788107,53.52,64.7525,51.36,2.01,Acidic Soil,mungbean
30.05743430604856,49.17543819442725,93.30049759144019,6.357076425038913,54.57,54.62,61.96,2.11,Acidic Soil,mango
25.26512664615702,84.55409686223736,90.68499366997067,6.231253937686024,61.84,61.64,55.15,1.05,Acidic Soil,banana
29.02920036992227,83.46023595053381,58.129327090804615,7.009327444042684,55.46,143.37079,141.38227,2.29,Loamy Soil,mungbean
27.007802332879752,84.33485972518366,55.130252615962405,6.61400795880635,58.03,85.55,57.08,1.85,Loamy Soil,watermelon
27.939494630129047,53.512416947813165,97.11430568134818,6.041421356607167,60.36,47.91,56.9,0.6,Acidic Soil,mango
26.154136016846028,93.63192381332942,240.47938505242143,6.7110526932800205,81.64,141.15,139.9094,0.71,Loamy Soil,papaya
22.873202119953124,91.14449685367464,118.27453472355083,7.542616515735302,61.47,76.07,68.54,2.08,Peaty Soil,orange
26.215802659372624,72.65551681837455,79.77579833743398,6.158607225225898,55.35,58.67,56.14,1.44,Acidic Soil,maize
24.996712760324872,56.36075072174291,104.85826258003236,6.418684655477662,35.0,29.0,47.0,818.0,Loamy Soil,sweetpotato
24.901679028822084,68.23262071609291,196.40461615241148,7.053900664800451,68.611,146.0820435,148.02861,0.99,Loamy Soil,coffee
26.42313317,83.6995044,95.12322062,5.915546415,61.69,53.15,51.7,1.11,Acidic Soil,banana
28.2,65.2,193.3,6.06,23.25,49.35,65.14,2.61,Loamy Soil,soybean
16.62800565755772,92.36625184860532,106.7139343591431,7.776154157097809,59.81,58.7865,53.1455,1.21,Peaty Soil,orange
31.6,84.9,233.1,6.54,104.28,88.7,172.45,2.42,Silty Loam,chilli
26.174736423038343,61.950594811805374,215.2818634738061,6.708495203520864,37.0,20.0,29.0,767.0,Sandy Soil,cassava
24.62988996595034,84.2410101069933,229.11588401064165,6.701630439207346,79.22,111.64,136.65,2.34,Loamy Soil,rice
28.21364394125205,60.39426137122895,231.37530856829846,5.352318319333297,39.0,19.0,22.0,618.0,Sandy Soil,cassava
23.0,85.7,179.9,6.13,81.27,45.62,75.94,3.08,Loamy Soil,chives
25.40938360177483,65.7487623028011,62.388198136016385,6.461215838441057,53.74,65.3,57.29,1.66,Acidic Soil,maize
30.831722736222883,47.08524261787458,95.4489101741972,6.603017389428136,57.84,58.0,67.53,1.51,Loamy Soil,mango
33.36140093,45.56457891,98.81596545,6.13526938,58.25,45.62,55.24,1.86,Acidic Soil,mango
22.963279791803668,59.93721535677476,119.54724341699921,6.9140779968543145,30.0,35.0,46.0,794.0,Loamy Soil,sweetpotato
32.17926082105639,78.57011774147959,86.1871820147885,6.451871110981495,27.52,31.81,55.17,2.25,Loamy Soil,mungbean
26.228268511589828,80.70711945776753,52.67341206450134,6.852338078899896,59.2,148.812772,123.920105,1.6,Neutral Soil,watermelon
26.7,79.3,137.1,7.18,24.46,37.73,53.19,2.08,Sandy Loam,mungbean
20.77576147,84.49774397,240.0810647,6.244841491,73.41,63.57,82.39,1.21,Peaty Soil,rice
22.95649075,63.8120111,232.0792469,4.929663336,68.89,39.0315,54.95,0.94,Acidic Soil,tea
26.233739746910416,71.37972496082122,129.88934109534995,5.969980045178466,33.24,47.91,77.25,1.62,Clay Loam,soybean
33.504625993064586,90.74133550988246,234.99987721660415,6.7909456657730995,90.61,124.29,146.69,1.9,Neutral Soil,papaya
24.029786424893533,91.59962684105277,102.24982530494842,6.893631878534422,59.5,143.1435,145.625241,0.85,Neutral Soil,orange
24.5,74.9,59.6,6.6,72.19,58.92,134.81,2.24,Silty Loam,garlic
26.7,88.0,270.5,6.36,83.7,47.22,87.03,2.51,Silty Loam,chives
26.581513318720436,73.22999872734837,62.8259009892095,6.881238552340236,108.15,64.64,98.42,3.45,Clay Loam,garlic
21.973153093084647,56.617967415859816,154.84623509769523,4.685633995076611,59.687,36.53,48.0795,1.87,Acidic Soil,tea
26.82060057,86.25426228,58.99310824,6.727468157,57.6525,124.95,69.24,1.21,Loamy Soil,watermelon
29.6,69.4,69.2,7.15,109.05,50.93,91.52,2.59,Loamy Soil,garlic
26.872576142890736,91.00604408409276,20.794219381501314,6.11232979675766,55.97,62.07,45.316,1.05,Acidic Soil,muskmelon
31.27182876864089,82.78322098367819,218.0560954754293,6.560558680542319,139.29,96.76,164.94,3.12,Sandy Loam,chilli
24.0,68.5,85.5,7.01,98.11,51.82,108.46,3.54,Clay Loam,garlic
23.5,80.2,176.6,6.07,155.2,119.66,167.32,3.97,Silty Loam,cabbage
26.47416176117311,78.04402679772599,146.6473465682062,6.879405162861922,28.84,50.45,57.5,1.68,Sandy Loam,mungbean
25.64004392,61.03273481,194.9221468,6.217974349,67.34,53.41,74.01,2.02,Acidic Soil,coffee
33.4,65.6,84.6,6.14,23.15,60.54,81.62,1.59,Loamy Soil,peanut
27.302196964272863,91.13301534889996,22.61699265107051,6.6790921473247655,52.32,135.7555,53.87,1.47,Loamy Soil,muskmelon
29.164204648395643,79.81946341552299,118.0078443931938,6.021510352704587,64.9805,55.56,55.56,1.41,Peaty Soil,banana
25.68269834413067,65.72039206737479,172.03860579895047,6.146046201527922,21.95,45.83,64.73,1.65,Clay Loam,soybean
31.63044432922561,76.17655812086694,127.99855546594524,6.3442357949408565,31.92,46.76,60.44,1.59,Loamy Soil,mungbean
29.057047886714642,83.45769255548859,110.46250688709209,6.68033860122583,116.17,85.9,122.17,2.76,Silty Loam,chilli
22.041755467525682,67.74104941414369,64.46945877687868,6.509610097780296,53.48,69.92,55.81,1.54,Acidic Soil,maize
25.1,72.5,67.6,6.97,70.62,72.72,93.9,2.8,Clay Loam,garlic
24.43011925,66.02411187,181.6368274,7.231166546,66.28,115.68,144.77,1.47,Loamy Soil,coffee
24.915770130717792,56.638013709722216,185.74474806162786,4.835505651120885,66.27,38.59,52.32,1.73,Peaty Soil,tea
29.58573227823844,64.9556202303601,50.47067053459848,6.399621049277348,30.87,56.08,81.48,1.05,Sandy Loam,peanut
25.762932156561693,63.659782426500435,237.0128501178305,4.717284051442439,73.62,37.14,52.46,1.63,Acidic Soil,tea
31.705818273593554,77.88651344589387,141.64942578385958,6.563062191894,27.95,32.44,62.31,1.97,Sandy Loam,mungbean
25.19640218,83.55829874,115.8586081,5.703381728,63.55,49.33,51.91,1.97,Peaty Soil,banana
25.6,72.1,51.7,6.99,77.44,58.98,115.64,2.18,Silty Loam,garlic
34.460736714882145,49.325460401007476,91.85400315677535,5.788772071453577,56.59,42.86,48.56,0.92,Acidic Soil,mango
22.37008324642796,87.5221995433213,188.2848013505958,6.271605368778772,130.8,113.18,154.4,3.87,Silty Loam,cabbage
27.35152643,55.99375012,148.9812525,7.13411409,62.68,146.68449,146.5351,2.3,Neutral Soil,coffee
33.52552424835786,69.95466151857096,83.05884979297382,6.3506791588547955,21.67,58.06,79.66,2.19,Loamy Soil,peanut
29.559081580502696,94.36270147418927,19.24643704725137,6.3066558860365705,53.19,65.63,43.63,1.74,Acidic Soil,muskmelon
25.193784346135907,78.64461444640837,105.44002832450323,5.578436278375641,59.75,46.17,48.15,0.92,Acidic Soil,banana
23.79930024438441,89.25750670924796,180.74718031237063,6.743675137409692,132.19,95.27,161.2,3.49,Loamy Soil,cabbage
24.73130401610919,60.49837936155495,191.3972755242709,5.637207634907473,30.0,20.0,49.0,697.0,clay,cassava
29.3,82.3,201.7,6.37,100.68,109.14,145.11,2.02,Sandy Loam,chilli
25.310848080692136,63.84677028884171,220.1449114123099,6.043677509149744,20.0,15.0,47.0,796.0,Sandy Soil,cassava
27.643300821740684,68.77853505917089,65.48214295081954,6.6821955107694055,88.64,80.17,107.61,2.4,Sandy Loam,shallots
26.28845991,83.390039,113.8729798,5.891458107,63.87,52.57,53.7,2.48,Peaty Soil,banana
28.2,83.4,122.5,7.05,27.54,44.18,62.85,1.57,Loamy Soil,mungbean
25.19008683,60.2001687,72.12375573,5.919045532,56.08,46.71,48.9,0.87,Acidic Soil,maize
23.24329609302521,82.10616266967568,264.79967279437415,7.612426241964778,78.77,60.39,83.89,1.8,Peaty Soil,rice
28.91105641,90.78413842,23.44398467,6.425930938,53.42,77.44,45.45,1.12,Acidic Soil,muskmelon
27.11030175,86.89934108,50.46746116,7.12851089,56.6,142.154,92.36,2.49,Loamy Soil,mungbean
22.0,71.9,260.6,6.58,88.16,44.81,97.7,3.15,Loamy Soil,chives
25.560941681412054,68.48707374890898,193.94013607225887,7.026316131547747,66.611,146.0820435,147.02861,0.99,Loamy Soil,coffee
32.56349607408464,73.28491918147883,179.3339120216484,6.247864238531279,32.41,55.55,62.73,1.75,Clay Loam,soybean
29.185435903603775,86.15405178414342,51.34020070849424,6.472290651062636,60.29,72.96,49.82,0.54,Acidic Soil,mungbean
26.650199107931215,85.33207778909977,222.52860540520547,6.22635185927577,175.19,98.99,185.16,2.9,Clay Loam,cabbage
19.333288625301513,92.73977041914009,117.45511396200521,6.125302500259808,62.67,63.19,60.89,1.7,Acidic Soil,orange
27.54823036,62.88179198,181.4170812,6.123796057,67.46,51.53,67.61,2.39,Acidic Soil,coffee
25.48591986,81.40633547,185.197438,5.935344406,71.05,52.94,62.87,2.13,Peaty Soil,rice
28.639011429245784,73.39160099353235,69.39434916976396,5.994875421443077,19.25,59.54,73.66,1.3,Sandy Loam,peanut
27.79906395920008,81.77671435616284,46.0170320240594,7.164618879539717,56.0,147.807266,136.23,2.17,Neutral Soil,mungbean
23.048415213215684,80.8234386605205,196.86042797047827,6.18251501826494,148.94,86.15,190.39,3.63,Clay Loam,cabbage
29.2440638,77.32017166,90.80524328,5.707488987,61.39,47.95,49.35,0.67,Acidic Soil,banana
24.89499502064612,82.20540815240375,183.3999035124072,6.742521488418597,73.53,123.99,133.14,2.02,Loamy Soil,rice
28.30355158091848,51.13145397053921,95.02935398099122,5.4994211359204925,56.71,40.73,49.22,0.66,Acidic Soil,mango
22.61359953,63.69070564,87.75953857,5.749914421,57.02,45.28,49.36,2.33,Acidic Soil,maize
27.965119948548846,71.8352124719383,31.038455402580528,6.018640490022497,94.63,84.89,115.83,3.34,Silty Loam,shallots
24.794682042118993,61.50836965206495,147.3415556473996,6.439775902147854,38.0,31.0,33.0,770.0,Loamy Soil,cassava
29.180643624819076,62.7653237608599,236.6557917193908,6.107661473377537,36.0,21.0,43.0,643.0,Sandy Soil,cassava
33.81445246420129,90.03142225203213,100.48119924215325,6.889933277251699,64.99,147.446,115.24,0.64,Neutral Soil,papaya
26.291093469518586,61.24313954769745,170.51005224206338,4.958600617229209,68.04,36.8,52.89,2.25,Acidic Soil,tea
25.93562683915416,74.12822621561436,190.73832672819552,6.1215248324908975,25.78,57.59,60.49,2.48,Loamy Soil,soybean
27.79,64.35,174.65,5.12,24.0,22.0,39.0,833.0,Sandy Soil,cassava
35.122572264035526,50.81826427243773,98.32816024589374,5.205527674329788,62.65,36.39,47.06,1.62,Acidic Soil,mango
30.0,67.8,96.2,7.0,107.23,78.76,97.32,3.11,Loamy Soil,garlic
27.3,83.4,277.9,6.15,79.72,59.18,72.45,2.67,Silty Loam,chives
27.4794920870891,72.85231936838909,258.56415902811744,6.709979585001749,83.41,54.56,81.76,3.13,Silty Loam,chives
26.65,58.97,71.01,6.82,49.0,34.0,44.0,792.0,Loamy Soil,sweetpotato
22.02720976,65.35549924,83.73280082,6.272417541,56.7,56.95,55.34,1.44,Acidic Soil,maize
23.1,72.9,95.4,6.98,105.69,65.25,137.21,3.7,Clay Loam,garlic
27.8,68.5,101.8,7.38,70.01,62.56,121.6,2.94,Clay Loam,garlic
25.61262982949519,67.85294810902923,95.35868922363065,6.560013766268442,58.3,77.67,73.09,1.26,Neutral Soil,maize
25.65553461,83.47021081,217.3788583,7.120272972,75.86,147.45895,144.523,1.74,Loamy Soil,rice
27.66490238960443,93.0809106889325,25.403740303282156,6.4104937688282435,56.92,85.22,47.31,0.74,Loamy Soil,muskmelon
25.391573699472154,79.29881573839296,181.76662785910452,6.453933795252969,86.03,47.83,90.36,3.3,Silty Loam,chives
24.110206978378056,59.66591431993184,176.65870261897808,4.799527359007862,63.11,35.89,51.47,1.37,Acidic Soil,tea
23.111087320714987,89.77541474873237,117.97809864968255,6.464603485884989,60.37,74.9,66.8,1.81,Acidic Soil,orange
24.670035425034698,65.90207463181346,98.0021322223808,7.429682860817216,86.85,61.29,133.35,2.48,Silty Loam,garlic
26.843215084102102,84.14010799812327,42.30481195769733,6.206927866657911,57.09,62.63,45.26,2.27,Acidic Soil,watermelon
32.25262446827722,47.78906326556857,89.64909307745471,5.41606002643541,54.88,41.06,46.68,1.91,Acidic Soil,mango
26.38291859819252,75.39787849596988,79.60365483710312,6.438998935263426,28.37,36.32,55.54,1.78,Loamy Soil,mungbean
28.805017979622324,83.19605611904481,92.60224285022983,5.790620280026616,63.36,48.35,49.87,2.14,Acidic Soil,banana
28.2,66.3,111.0,6.25,15.92,56.2,72.67,2.13,Loamy Soil,peanut
22.84154430245771,60.24565593121421,94.65111314132304,5.412509209405333,49.0,24.0,46.0,849.0,Sandy Soil,sweetpotato
25.14736487,84.51753456,110.4408803,5.738678895,63.06,50.21,51.67,2.38,Acidic Soil,banana
24.0,89.8,177.3,6.38,149.91,90.46,173.62,3.68,Clay Loam,cabbage
27.1994597,78.8086068,99.72430835,5.91505509,61.88,51.79,52.26,0.86,Acidic Soil,banana
27.6,75.1,289.4,6.38,82.14,41.94,71.45,2.5,Silty Loam,chives
27.4,76.7,205.6,6.29,146.74,101.59,163.24,3.34,Silty Loam,cabbage
26.45152337310959,82.86862548903979,112.92501577373918,6.155991854527395,65.49000000000001,60.08,58.17,0.61,Acidic Soil,banana
22.605709566215392,62.37888918846697,70.42511738007691,5.577796549963647,53.7,42.825,48.84,0.81,Acidic Soil,maize
22.7,87.1,187.5,6.27,127.8,112.18,152.4,3.87,Silty Loam,cabbage
28.309749937100204,51.39205493608576,94.0969293637585,5.531962811844613,58.71,40.73,47.22,0.66,Acidic Soil,mango
28.14592413319037,51.582076134644545,99.79903636725395,6.492343701155271,58.05,59.61,66.48,1.78,Peaty Soil,mango
29.324782546297634,86.08279673339601,53.533522180765736,6.626550207344615,59.5,96.36,56.7,1.04,Neutral Soil,mungbean
23.88163757053773,89.61071803646126,178.12489208491684,6.462228250737439,152.91,89.46,173.62,3.68,Clay Loam,cabbage
28.18638024614516,71.51587339655603,99.54473535172843,6.19907396981725,147.05,102.43,127.51,2.86,Silty Loam,chilli
30.4,71.7,68.4,6.27,15.05,63.94,74.92,1.75,Loamy Soil,peanut
27.62749466,86.49366929,39.26137642,6.605733068,55.21,95.81,53.28,2.09,Neutral Soil,mungbean
27.409821845926277,79.25088998064201,91.17940953865411,6.21978534281951,58.99,62.75,57.09,1.14,Acidic Soil,banana
24.3,62.4,47.0,6.25,107.34,73.77,125.85,3.19,Loamy Soil,shallots
23.353656860930943,83.82483924434686,149.37064486694678,6.71901558210544,144.43,97.15,186.76,2.86,Clay Loam,cabbage
11.89925671,91.34663797,103.5771468,7.291405641,56.2595,124.04,87.39,1.07,Loamy Soil,orange
26.4,88.9,192.9,6.22,175.36,118.19,194.84,3.92,Clay Loam,cabbage
29.67436681943288,81.23081190480464,44.04720368722047,6.854191471604929,52.92,147.36,92.99,0.79,Loamy Soil,mungbean
29.613752737228804,82.20580209827045,123.75678442712139,7.003034909621985,26.25,39.81,53.25,2.14,Loamy Soil,mungbean
29.52394561984383,74.15007883061807,97.89844604950261,7.479440564102802,84.0,78.06,108.22,3.08,Silty Loam,garlic
27.533476994536578,67.02856538029522,85.27594301516936,6.814461051479435,82.92,54.91,115.21,3.58,Silty Loam,garlic
25.13,64.45,153.94,6.33,26.0,24.0,27.0,678.0,Sandy Soil,cassava
33.25939065394671,44.64517192878796,97.05201408479266,6.751479964163102,56.3,114.824,108.787,2.43,Neutral Soil,mango
25.40909896,82.36208097,112.9794804,6.176644228,63.14,60.01,58.3,1.28,Acidic Soil,banana
23.445525356258276,55.74302027871007,156.02503085591175,4.863395818900007,59.687,36.08,48.0,2.48,Acidic Soil,tea
27.337271365181977,90.94978729855927,20.038374489215116,6.476171874659224,53.98,72.54,42.68,0.69,Acidic Soil,muskmelon
32.678222442709924,46.93545427282528,89.31873940140721,5.456257964970376,60.88,39.06,47.68,1.91,Acidic Soil,mango
21.99,58.82,109.1,5.54,34.0,38.0,36.0,781.0,Loamy Soil,sweetpotato
27.145420494573383,56.703189848800676,104.22638966911313,6.462513225522414,33.0,35.0,33.0,689.0,Sandy Soil,sweetpotato
23.16,56.76,120.3,5.64,36.0,25.0,32.0,773.0,Loamy Soil,sweetpotato
26.940657432532166,80.75895154598469,264.0533315239092,5.476412724648556,82.75,45.13,59.86,2.08,Peaty Soil,rice
29.383806177365027,78.59627617732865,93.0249380024453,6.310709091527655,59.79,63.16,56.17,0.54,Acidic Soil,banana
23.32339910650677,73.05478901509828,93.2791534536097,5.908519090900491,58.97,50.21,48.96,2.36,Acidic Soil,maize
23.389570793293537,56.73665221465904,155.26430626613876,4.942581447329544,61.687,40.08,51.0,2.48,Acidic Soil,tea
28.05484146,78.04602887,108.3957179,6.435792374,63.19,73.26,61.791,0.53,Acidic Soil,banana
23.3,66.3,57.3,7.33,98.05,71.72,127.99,2.64,Clay Loam,garlic
27.75743640928687,81.86587739937843,90.90453432174736,6.52780666799224,61.48,74.272,59.59,1.71,Acidic Soil,banana
28.06903173,92.91487288,114.1339416,6.116508709,66.54,60.3,56.54,2.16,Acidic Soil,orange
22.68319059,83.46358271,194.2651719,6.604993475,70.43,93.39,105.57,1.52,Loamy Soil,rice
25.87885960029775,67.28690314870273,131.20010597265312,6.8812132590843405,34.7,57.53,78.04,2.03,Loamy Soil,soybean
27.886967239252492,82.59302229024738,120.59053882146256,7.040451746305448,30.54,43.18,64.85,1.57,Loamy Soil,mungbean
28.046752762291923,92.531691555309,20.750972226337648,6.683070081975056,51.97,125.71,51.42,1.33,Loamy Soil,muskmelon
31.0,61.5,78.9,6.47,95.59,89.63,133.76,3.2,Loamy Soil,shallots
28.60901145,86.99495766,37.23469744,7.155685016,55.11,147.467,71.64,1.08,Loamy Soil,mungbean
20.58314011,69.00128641,66.29390357,6.499936446,55.23,71.4,57.68,1.02,Acidic Soil,maize
23.342927843715593,85.34827351769552,244.03110966307082,6.281760642623161,144.0,99.1,200.61,3.17,Loamy Soil,cabbage
26.9,88.6,170.5,6.0,76.19,59.95,99.32,2.65,Silty Loam,chives
27.537309835006592,91.61167308749647,19.211058266196062,6.4299349813390645,53.97,72.51,42.15,0.78,Acidic Soil,muskmelon
29.87386051,94.0371147,21.0000988,6.135996372,53.28,62.65,43.316,1.22,Acidic Soil,muskmelon
26.7,73.5,93.0,7.23,84.94,57.75,130.11,3.02,Loamy Soil,garlic
28.87909723391375,92.88211964221763,23.673803448053178,6.579720214635187,51.58,92.51,45.42,1.73,Neutral Soil,muskmelon
28.44524991,82.67639542,58.18713162,6.684381357,57.6,108.59,64.58,1.69,Neutral Soil,mungbean
24.990764392880276,58.52491212384908,83.70934550941384,6.319030512808675,42.0,37.0,54.0,878.0,Loamy Soil,sweetpotato
21.411609349848877,55.23865107097284,106.97408090702669,5.999155658335,37.0,23.0,32.0,704.0,Sandy Soil,sweetpotato
27.812010393071855,82.77818758396724,50.53777588769698,6.528715955057112,53.42,78.7,53.69,2.3,Acidic Soil,mungbean
24.278266795651135,56.253693153535956,135.7787186797352,7.320612043656284,63.62,89.78,101.71,0.6,Neutral Soil,coffee
28.43350264272683,80.75411004974433,140.77453400863618,6.704203684867864,28.04,44.14,58.49,1.65,Loamy Soil,mungbean
26.22367404,62.26594559,193.7461968,6.979590627,67.58,140.3331,145.92345,1.06,Neutral Soil,coffee
26.690633733650564,81.61403129125482,283.2202239895742,5.023544127425992,82.536,44.919,59.05,0.9,Acidic Soil,rice
27.063313558997006,68.5799023584121,193.63927264886408,6.42473471573117,68.611,59.5,79.37,0.84,Acidic Soil,coffee
25.04,55.6,83.98,6.85,35.0,35.0,46.0,756.0,Sandy Soil,sweetpotato
35.99043839278822,48.82212667059616,99.78899253047184,4.668339533477521,61.53,34.324,43.3595,1.58,Acidic Soil,mango
27.458244021204013,76.85562491049751,104.17251696726922,6.048064537656422,61.05,52.83,52.14,1.47,Acidic Soil,banana
21.49118657,93.43949693,101.4819888,6.41354791,61.32,77.8,63.07,2.3,Acidic Soil,orange
33.96161478365331,53.62091137776938,90.34142467510422,6.287855517825898,58.14,54.48,57.4,2.15,Acidic Soil,mango
26.60910297535596,78.11880138617909,137.03392295276254,6.917926537129725,33.13,58.67,75.88,1.77,Loamy Soil,soybean
27.65595546851159,85.32105416571596,52.938210949015144,7.17466269705634,55.94,143.968,76.93,2.03,Neutral Soil,mungbean
39.23342464,91.25589286,64.4478499,6.519779583,62.82,87.01,59.848,1.8,Neutral Soil,papaya
26.511394192773345,75.85885396937152,118.16202834683557,6.1615732051330925,65.35,59.49,58.56,1.97,Acidic Soil,banana
29.467495439930506,74.18281453546507,109.15505278128342,6.349764931036937,25.82,64.07,77.34,2.16,Sandy Loam,peanut
28.950488585652277,88.09280102743122,44.00370050022461,6.454011902127126,53.16,87.92,50.63,2.37,Neutral Soil,mungbean
32.52470543231243,53.34299316159979,95.38569569326873,5.921094989004619,58.21,45.22,49.32,1.27,Acidic Soil,mango
31.09154239,47.02058367,91.46664318,4.791146778,57.43,36.39,45.52,1.14,Acidic Soil,mango
26.08063170521783,83.75271876904817,258.73765650861,7.04904591524033,82.81,145.631,139.52,1.38,Loamy Soil,rice
29.951883547116722,91.49132667370473,24.672147977790925,6.1779129681510545,54.71,63.43,44.05,0.6,Acidic Soil,muskmelon
31.100710152582188,89.84423233768533,109.15968289577309,7.044737920205373,68.07,142.3665,143.20717,1.05,Neutral Soil,orange
29.1,72.0,90.4,7.04,86.14,50.61,106.21,2.73,Silty Loam,garlic
26.1,62.3,84.9,6.54,87.87,78.96,149.34,2.64,Loamy Soil,shallots
43.04747239639537,90.91056151339077,233.7572804397366,6.565621692649793,92.627,98.74,120.79,1.22,Neutral Soil,papaya
27.809562317458948,85.46029794445681,39.6984980623997,6.402921461789755,57.26,73.17,47.36,1.58,Acidic Soil,mungbean
33.69049968406371,92.95851109949449,195.62369599941212,7.019413684272121,84.8,144.77452,146.80693,0.63,Loamy Soil,papaya
25.724685824062604,80.29192922414248,220.23762695087274,6.204388430445242,140.09,120.11,187.92,2.6,Silty Loam,cabbage
30.9,68.3,70.8,6.29,21.72,54.78,82.25,1.99,Loamy Soil,peanut
26.258913087339216,78.36841727688739,131.7114272685208,6.991474774051405,33.11,46.96,70.23,1.78,Clay Loam,soybean
23.43121862,83.06310136,219.9048349,5.286203711,73.78,44.54,57.11,1.89,Peaty Soil,rice
27.610311594147372,80.54286711421524,218.393026011189,6.183821117588341,149.21,88.78,167.58,2.5,Loamy Soil,cabbage
26.89644852151359,83.71069766409856,99.69327901834447,5.694178391196332,60.33,48.57,52.53,0.7,Acidic Soil,banana
26.998935938348144,67.22797377442247,49.93141490675906,7.052809165270993,74.95,64.25999999999999,92.68,3.06,Silty Loam,garlic
25.1,81.1,249.2,6.29,74.34,48.06,84.87,3.4,Loamy Soil,chives
27.737042919340382,70.6870564531113,130.87606836024668,7.0939220770988705,23.37,33.86,48.38,2.05,Loamy Soil,mungbean
29.42017919,83.96754496,117.229079,6.088064451,64.9805,57.62,57.14,2.14,Acidic Soil,banana
28.7,74.7,84.8,6.57,32.39,30.26,69.86,2.07,Loamy Soil,mungbean
28.8,79.5,187.1,5.91,115.07,106.29,156.26,2.95,Sandy Loam,chilli
27.502406640525518,62.51972912909187,111.84176859480868,5.387737373458385,21.0,15.0,26.0,706.0,Loamy Soil,cassava
27.616446406625105,69.45147912230257,114.05974749497436,7.120284388468754,22.77,46.86,50.76,1.66,Loamy Soil,mungbean
26.152034758796113,77.1158187414702,182.52495755324387,6.92167085016849,36.27,49.07,77.97,1.82,Clay Loam,soybean
27.10290353662784,86.10829152527188,235.3030745937667,6.474409860968734,130.8,102.31,155.4,2.76,Loamy Soil,cabbage
22.43610501180379,80.00713776437014,198.6905143422888,6.431440241719808,70.81,69.5,82.52,0.71,Acidic Soil,rice
21.631364511063452,61.23058454542656,220.92363800630108,4.84530856566655,69.2,37.0,55.32,0.76,Acidic Soil,tea
26.352353384827847,88.5650625412865,46.494607778871504,6.539560583768176,57.03,90.78,51.7,2.41,Loamy Soil,watermelon
24.148964668247526,68.19544064537574,54.58005261227301,6.99645401462397,99.26,65.50999999999999,120.35,3.01,Clay Loam,garlic
23.384143340311194,61.14172540144096,105.469750065813,5.90485899497023,56.61,45.42,50.68,1.93,Acidic Soil,maize
26.05968403,52.31098539,161.3432535,6.136286518,62.22,48.17,64.91,0.87,Acidic Soil,coffee
24.02952505,58.84880599,134.6803969,7.303033217,60.58,88.26,99.26,1.51,Neutral Soil,coffee
25.116128237580508,86.75429118116223,50.933618941121416,6.103966830925761,59.14,57.95,45.75,0.99,Acidic Soil,watermelon
23.14720462723791,83.1848312210456,289.4700726879535,5.777090402150588,84.9,51.88,74.89,0.83,Acidic Soil,rice
29.502485517953136,88.58432048857887,56.28184581838802,6.463794055404492,59.17,88.54,56.91,0.69,Neutral Soil,mungbean
29.763132199652233,90.14906605825018,29.395707771732077,6.589870879222899,57.27,112.12,53.56,1.02,Neutral Soil,muskmelon
27.1,67.9,97.2,6.08,105.86,72.09,109.82,2.66,Silty Loam,shallots
29.10403455,79.19588629,92.07835761,6.324270089,61.79,65.16,58.17,0.54,Acidic Soil,banana
26.41825737592495,57.34552193748009,119.45382741886951,6.02041923998138,51.0,20.0,47.0,842.0,Sandy Soil,sweetpotato
31.246790267928862,70.79963609345558,195.40365396246466,5.957584813623428,143.24,104.23,155.68,2.86,Sandy Loam,chilli
27.265590863067782,59.922082233858184,159.20833314514186,6.462007295047571,22.0,22.0,43.0,833.0,Sandy Soil,cassava
26.65,58.97,71.01,6.82,49.0,34.0,44.0,792.0,Loamy Soil,sweetpotato
25.453147095273273,80.37801303987663,255.90820236494233,7.681126242479019,78.83,60.01,84.99,1.15,Peaty Soil,rice
29.79916267584142,74.61338587074786,186.80115738097606,6.663609868718178,32.49,47.11,61.75,2.46,Loamy Soil,soybean
23.39128187,61.74427165,107.3198135,5.871647806,58.61,46.42,52.68,1.93,Acidic Soil,maize
28.997801743593936,84.04595661025041,49.638159843376116,6.799488670060661,58.53,146.097,71.89,1.13,Loamy Soil,mungbean
21.366273719049563,56.27269527995932,222.53789464580893,4.920261587907707,64.61,36.01,56.33,1.78,Acidic Soil,tea
29.4,77.2,231.4,6.43,73.33,43.07,75.49,3.1,Silty Loam,chives
27.645179567819802,78.91248815378867,293.03318682435213,6.866185521212237,69.54,55.22,95.04,3.92,Loamy Soil,chives
17.34083741,93.04897191,112.7194284,7.1917274,60.1,142.446,118.39,1.91,Neutral Soil,orange
27.79161808,92.51054946,26.85422624,6.157724816,53.84,62.95,44.25,1.0,Acidic Soil,muskmelon
25.97981747,71.57476937,102.2662445,6.865447377,60.1105,144.906,141.688,1.52,Neutral Soil,maize
26.74222337780762,51.451665424998495,176.33905874136514,7.5539452714396536,63.57,62.349999999999994,89.79,1.44,Loamy Soil,coffee
21.723124096402103,59.70288656918702,243.61806667629776,4.533373180359445,68.28,36.38,52.15,2.09,Acidic Soil,tea
25.696168080423003,83.87627720054812,217.32856603992795,7.027400451026834,77.86,149.45895,146.523,1.74,Loamy Soil,rice
13.626260063529775,91.14166476485582,107.37668660923613,7.516936819276759,60.36,75.78,61.26,1.62,Peaty Soil,orange
29.705736510087096,70.17938945317464,71.08443623676389,7.104195671263622,111.05,51.93,92.52,2.59,Loamy Soil,garlic
27.31317116,68.4233391,192.4288139,6.348337519,67.611,61.5,79.37,0.84,Acidic Soil,coffee
31.790484120911486,84.36150801377966,206.26231080900976,6.268598042089475,119.49,102.95,132.24,2.94,Silty Loam,chilli
29.09910406,94.22237826,22.52497327,6.741269235,53.43,134.7555,52.02,1.17,Loamy Soil,muskmelon
25.487383995771925,61.129191861942616,237.86469292124212,5.18985352678979,25.0,26.0,40.0,800.0,Sandy Soil,cassava
27.58548913,90.72526502,238.5008779,6.585346229,83.16,95.64,116.69,1.2,Neutral Soil,papaya
28.8,80.3,121.3,6.52,22.44,33.28,66.97,2.06,Sandy Loam,mungbean
26.741961487276185,72.47979482710811,192.82563475718143,6.784592696015741,137.37,112.1,148.16,2.68,Sandy Loam,chilli
25.13735887,89.28272716,43.52897517,6.457216535,55.43,79.35,50.69,0.66,Acidic Soil,watermelon
29.04527019813483,75.1617141069278,87.1284330506126,6.605916502139567,87.56,65.54,125.23,2.75,Silty Loam,garlic
22.347505914360642,94.18991559807759,102.20021316594902,6.135156861193871,62.79,57.7865,55.1455,0.52,Acidic Soil,orange
31.6,67.0,87.6,5.99,20.4,52.86,82.4,1.51,Sandy Loam,peanut
27.613154254343954,90.62228838139681,55.03971701136035,6.405034980954972,60.8,78.82,55.94,0.71,Acidic Soil,mungbean
27.598264447932266,81.48772169149274,210.26313820843217,6.683813354532545,58.95,52.4,96.57,3.01,Silty Loam,chives
23.282491534065834,85.03047023602464,205.9872885232282,6.032463601025485,79.93,49.57,96.85,2.77,Loamy Soil,chives
21.21306973,91.35349216,112.9834361,7.817846496,62.16,63.51,58.42,0.66,Alkaline Soil,orange
24.767734584023966,79.0233478596441,243.29260064062956,6.960415004023383,87.81,60.39,83.62,2.65,Loamy Soil,chives
24.23628946375926,84.54154508930888,56.30841838287587,6.5081665833916285,58.55,73.31,52.1,1.89,Peaty Soil,watermelon
28.26283612036963,91.63123031093097,30.53942570930699,6.169285526057447,54.27,58.24,46.33,0.93,Acidic Soil,muskmelon
25.742813693877874,62.362224313474755,174.53033653664377,5.042392728603262,36.0,20.0,23.0,607.0,Sandy Soil,cassava
27.431278018417263,79.50677085963184,296.1809788713338,6.859204730929364,70.54,56.22,91.04,3.92,Loamy Soil,chives
27.94214567664382,65.3447616678274,123.03465051325634,6.295738255142324,24.0,29.0,33.0,765.0,Loamy Soil,cassava
24.613240806993282,84.87981977828456,40.5691954247723,6.12836481465694,56.9395,62.2,45.11,2.2,Peaty Soil,watermelon
28.3,70.1,125.7,7.03,32.73,36.31,67.34,2.17,Loamy Soil,mungbean
25.615894254349772,75.17190336011316,103.50659065713478,5.688922399264661,61.09,47.388,47.72,2.08,Acidic Soil,banana
31.83625315018244,69.57808899787274,246.05266185296387,6.456867283459829,128.41,97.28,135.7,1.9,Loamy Soil,chilli
26.03967219,83.9862443,43.87712348,6.277484043,55.33,64.87,48.1,2.16,Acidic Soil,watermelon
26.22005978,80.90127035,49.08553937,6.093814669,55.78,58.0505,47.22,1.9,Acidic Soil,watermelon
24.88560717003877,65.10362760367696,62.01417200630233,6.357465502335812,57.74,65.3,55.29,1.66,Acidic Soil,maize
28.738684156161415,72.75171241042611,168.92781415859594,6.040315839745866,130.83,84.13,138.92,2.25,Loamy Soil,chilli
23.402546843081527,59.343298082261875,75.7444981085134,5.649512489089958,51.0,38.0,35.0,760.0,Loamy Soil,sweetpotato
29.7,74.7,89.1,6.07,101.65,62.11,132.56,3.49,Silty Loam,shallots
25.910944979908503,72.37114831939729,76.2872830750235,6.33096232461372,94.9,78.19,112.51,3.3,Loamy Soil,shallots
24.98,59.43,84.77,6.26,38.0,27.0,59.0,712.0,Loamy Soil,sweetpotato
31.790828255502962,64.80474916931473,99.64063747980599,6.313944818809217,15.08,67.74,79.73,1.87,Sandy Loam,peanut
27.254107517437518,69.54254936028435,58.5843467257992,6.324078824659623,101.88,66.68,121.37,3.27,Loamy Soil,shallots
29.0,86.9,177.3,6.19,87.29,42.73,89.88,3.46,Loamy Soil,chives
25.4,83.4,264.2,6.58,66.94,44.59,94.65,3.12,Silty Loam,chives
25.89324224980816,91.47329957082603,113.11255441576004,7.420681450213426,65.77,99.53,78.69,0.86,Loamy Soil,orange
26.775000909585536,84.07008347703932,51.490196481990594,6.42758950725789,56.26,82.84,52.13,0.77,Loamy Soil,watermelon
26.82525651872683,84.75422310629769,53.44234526898485,7.097979434604355,54.59,144.08594,96.51,0.81,Neutral Soil,mungbean
25.259548526540225,73.43627477190684,127.1847072969928,5.884833305957593,120.25,83.33,177.97,1.85,Loamy Soil,chilli
24.10859207,73.13112261,71.07562236,6.234330356,56.96,58.65,52.38,1.9,Acidic Soil,maize
27.302981741195698,67.61874890061011,167.25396250577137,6.462658539481822,66.56,71.48,88.16,1.91,Loamy Soil,coffee
18.202148800082334,60.39873229917742,102.86372840177653,5.541152932817665,58.33,41.825,49.35,1.67,Acidic Soil,maize
27.056686858228005,80.01820016937364,210.34059590698618,6.266756066226824,142.28,104.17,158.16,3.37,Silty Loam,cabbage
24.755417832974164,92.5825869798369,61.8320878803205,6.654292065932048,54.93,97.47,61.98,1.62,Neutral Soil,papaya
29.553811260436724,92.23668151314824,60.81607377098,6.655367837984329,58.61,97.6,60.848,0.65,Loamy Soil,papaya
26.29781503271191,57.954240134748005,122.33128379473203,6.058516139162804,48.0,22.0,48.0,842.0,Sandy Soil,sweetpotato
25.34756111,93.02871078,174.4012337,6.803094965,72.85,141.16559,148.115295,0.81,Neutral Soil,papaya
28.5,71.7,99.2,6.29,23.71,52.72,70.06,1.27,Sandy Loam,peanut
29.39606625954934,74.09741065735126,187.26777108234998,6.656268934370386,33.49,47.11,59.75,2.46,Loamy Soil,soybean
28.330497256056095,70.91776523003419,49.428095492258535,7.085681507242472,110.37,59.14,128.92000000000002,2.54,Silty Loam,garlic
24.83846178,56.7685316,124.4135035,7.21270048,59.75,110.07,117.99,0.62,Loamy Soil,coffee
32.67665478213752,93.05931850470255,86.7867759661613,6.759241830101449,64.94,147.099313,89.18,1.07,Neutral Soil,papaya
26.992610231157833,56.868626952809095,144.52483784206774,6.312374984630507,63.37,56.62,71.82,1.85,Peaty Soil,coffee
22.599227315730804,81.3909316228602,279.97889655260406,7.024249037479752,81.11,145.45895,149.13,2.26,Loamy Soil,rice
30.3,71.8,114.3,6.66,31.17,53.14,66.61,1.77,Clay Loam,soybean
20.2800712,81.63895217,270.4417274,5.108527114,74.86,42.919,58.16,0.89,Acidic Soil,rice
26.133153779997553,73.67220095363353,70.17768974856136,6.685671969395691,102.69,60.03,126.09,3.48,Sandy Loam,shallots
32.34650931411093,63.50560030162474,90.15569856828665,6.4819755631543945,94.71,67.03,135.62,2.65,Silty Loam,shallots
24.1,63.7,47.1,6.41,100.27,64.64,129.01,3.44,Sandy Loam,shallots
20.040573798904948,63.98689187432268,63.633289312446884,6.484922095760248,56.5,63.18000000000001,55.86,1.27,Acidic Soil,maize
22.11748525,64.12712782,177.6582205,4.842597238,64.0,38.92,50.98,1.11,Acidic Soil,tea
29.346529587892647,69.8863231940884,84.41667858678967,6.1353884753732055,90.36,81.76,108.5,3.3,Loamy Soil,shallots
25.807074848714834,70.21880143455962,98.80123156375885,6.797862140595752,62.99,146.21743,143.688,0.7,Loamy Soil,maize
31.8,70.5,246.0,6.49,126.41,98.28,136.7,1.9,Loamy Soil,chilli
29.58044119200298,65.07564847749316,35.306251518486306,6.35591043906084,96.21,67.78,113.68,2.58,Sandy Loam,shallots
24.9103226,86.97190046,49.48575692,6.237861736,55.96,64.23,48.66,0.66,Acidic Soil,watermelon
22.27526694,58.84015925,63.87020584,6.865447377,54.65,145.21743,141.688,1.36,Loamy Soil,maize
20.808464379239048,83.90517854099546,292.49018991505204,7.457310445397799,78.91,89.79,134.59,2.13,Loamy Soil,rice
28.50581647155814,67.82317545564918,90.99046345280074,7.26761089091969,108.37,61.72,131.62,3.41,Silty Loam,garlic
27.379833667530022,89.0577881824757,189.3466561810621,6.340547037817688,77.19,45.95,78.93,3.69,Loamy Soil,chives
24.87212063,93.90560147,135.1694525,6.676578778,67.54,117.11,95.72,2.24,Neutral Soil,papaya
26.03867719,84.6378378,44.3993381,6.073383996,55.44,58.0505,46.7315,1.75,Acidic Soil,watermelon
24.89681131,86.10782926,53.14626213,6.217300786,56.33,63.0,49.05,1.03,Acidic Soil,watermelon
43.08567913039625,92.51913743846184,114.84847415578858,6.90564159014155,73.81,146.62549,147.115295,1.61,Neutral Soil,papaya
27.976488943905096,74.88202628160776,101.6148850795801,6.109618623072227,26.54,47.86,79.49,2.06,Loamy Soil,soybean
25.228834217137184,89.31867709357225,41.78248132601414,6.543198958034533,55.43,81.35,52.69,0.66,Acidic Soil,watermelon
28.45786044494966,95.1191411424998,22.39915730803905,6.247691534129304,53.23,73.28,43.33,1.35,Acidic Soil,muskmelon
24.481107605625777,58.46867079767666,179.67212431995836,4.976678540976583,62.28,38.55,50.56,2.45,Acidic Soil,tea
26.71554771,56.28765802,155.0653236,4.966697175,62.65,38.41,50.06,1.46,Peaty Soil,tea
26.8,72.5,142.7,6.32,22.71,40.39,54.51,1.98,Loamy Soil,mungbean
26.015899889891376,80.96111858349471,96.28246800922025,5.634206898340903,63.71,49.09,49.341,1.96,Peaty Soil,banana
32.402951222124,70.18179086932506,92.79189819035538,5.885238355076831,13.11,66.17,83.52,2.09,Loamy Soil,peanut
26.696147189213743,81.86532484790749,282.33268628825164,7.544778621500102,82.536,57.25,84.05,1.32,Peaty Soil,rice
13.390641778840234,91.29924648442362,112.10884171821723,7.263616783721719,60.54,110.77,84.25,0.73,Loamy Soil,orange
28.6,73.3,42.5,6.7,91.44,74.17,137.55,3.23,Loamy Soil,garlic
25.383950516654945,78.7558156717758,185.57945047660604,6.840697327579421,35.27,50.07,77.97,1.82,Clay Loam,soybean
22.3551049,93.52211892,101.5164589,6.116508709,61.79,58.7865,55.1455,0.52,Acidic Soil,orange
23.117833799218538,91.65587021328922,103.81841301804045,7.559566654859269,60.34,71.11,59.76,1.31,Peaty Soil,orange
27.11535046,94.79016045,26.51924782,6.442810053,53.79,81.08,46.35,1.17,Acidic Soil,muskmelon
29.09588297,94.16748386,26.70581328,6.159050816,54.07,63.59,44.23,2.36,Acidic Soil,muskmelon
26.12492233,63.37479229,147.8035305,6.726528895,63.6,99.52,112.06,1.73,Neutral Soil,coffee
20.29162550892303,80.96127552782681,269.3345549384826,5.077885053559325,72.86,40.919,58.16,0.89,Acidic Soil,rice
25.62377106920484,87.73547168908753,166.63121603671266,6.140656112280451,157.04,90.65,183.74,2.82,Loamy Soil,cabbage
29.58748723167082,72.7097454635339,85.22091079589293,7.223306721513147,76.19,71.98,92.19,3.18,Loamy Soil,garlic
28.45534292300215,75.23458692239677,261.3676925854563,6.155247959833486,76.05,45.42,81.07,2.86,Loamy Soil,chives
31.7060409118403,48.55527885266911,93.71413734420604,6.529478984503676,58.84,59.0,65.53,1.51,Loamy Soil,mango
25.806297285967425,61.169069926022296,46.09662934576135,6.31351276237873,107.17,86.34,115.33,3.47,Sandy Loam,shallots
28.52060030837578,65.18453152159685,33.068229079444365,6.161636159182975,94.67,86.65,141.48,3.24,Loamy Soil,shallots
29.0,76.8,173.8,6.23,20.35,45.66,66.03,1.92,Loamy Soil,soybean
28.699913491746667,72.2419272380509,233.60418377207233,6.588498033216089,59.97,44.88,100.01,2.85,Silty Loam,chives
23.33844615,59.24580604,105.0083144,6.47444292,58.07,63.82,66.64,1.39,Acidic Soil,maize
29.9,66.1,122.0,6.01,38.21,43.34,61.41,2.07,Loamy Soil,soybean
29.520260358101666,92.60240926410584,25.374776119065597,6.46357413305308,51.77,80.74,44.89,1.33,Acidic Soil,muskmelon
24.88660926618368,56.92105113651258,81.88619449569148,6.975881517122912,45.0,24.0,52.0,821.0,Sandy Soil,sweetpotato
22.904049466186407,83.91073279877098,231.78399991706073,7.61218874813309,77.45,64.45,81.73,1.57,Peaty Soil,rice
26.78,61.64,138.83,6.04,26.0,20.0,28.0,670.0,Sandy Soil,cassava
24.982126853192455,67.47159437711451,67.76531160690774,6.019060631530586,94.17,82.57,99.53,2.03,Sandy Loam,shallots
34.16411496731429,92.3303696166359,100.89008750662873,6.900671584333217,66.01,145.232233,145.3791,1.95,Loamy Soil,orange
31.764208465158223,51.25551934951354,95.413207635325,5.227121724750496,58.8,37.87,46.55,1.83,Peaty Soil,mango
29.3,83.2,283.8,6.17,89.4,58.6,72.38,3.39,Silty Loam,chives
19.72241579478574,57.26161396330315,64.2928735757271,6.627636307588291,55.4895,71.84,62.02,2.14,Neutral Soil,maize
22.874329384530146,58.03093186187504,208.3700710597849,4.542619795353199,65.39,39.04,52.25,2.38,Acidic Soil,tea
31.524121244907793,79.96275196899043,190.11764086744256,6.696292137689765,22.62,49.01,73.52,2.46,Silty Loam,soybean
27.09062164,81.33506906,110.1331182,5.879119455,63.48,51.77,53.1,1.68,Acidic Soil,banana
28.0,78.7,143.2,6.29,26.38,39.71,60.59,2.01,Sandy Loam,mungbean
27.67330510734133,62.915349167669774,181.45931018734206,6.16480145600661,67.46,50.53,68.61,2.39,Acidic Soil,coffee
31.7,70.9,103.5,5.94,15.69,55.4,81.18,1.79,Sandy Loam,peanut
26.589143576130496,57.13700269295573,164.89300876578247,6.475116876096689,66.26,63.45,83.29,1.78,Neutral Soil,coffee
30.363962511148372,94.93793148425581,27.842556921899508,6.168884798196106,55.3405,64.15,42.25,0.73,Acidic Soil,muskmelon
26.304763143689257,61.02658890866719,76.3164316086085,6.473948107773328,111.93,63.16,123.21,2.67,Loamy Soil,shallots
29.812416687517377,71.65192592181384,146.30454213137926,6.477517029297241,24.67,38.91,58.99,2.31,Sandy Loam,mungbean
29.327011160065904,87.21967741506971,43.64009824084103,6.5565410197274545,56.16,86.92,52.63,2.37,Neutral Soil,mungbean
31.3,75.4,177.3,5.79,116.02,118.39,165.05,2.4,Sandy Loam,chilli
24.524444522209556,91.49533244538686,104.46924238142233,7.016732979921943,64.5,141.1435,144.625241,0.85,Neutral Soil,orange
25.577290007756325,62.911892650073206,133.5504499657644,6.697914722391619,61.76,85.03,93.11,2.26,Loamy Soil,coffee
26.07702983681331,77.26982143166572,170.17344149270977,6.235344543038356,32.14,54.78,68.76,2.63,Loamy Soil,soybean
11.006721442014667,92.22238240212143,112.40432529587315,6.5469048102291545,55.38,95.26,73.38,1.53,Loamy Soil,orange
26.81693346848614,66.23655516056607,119.6567026117833,6.853291341787645,58.93,136.72,123.49,1.31,Loamy Soil,coffee
25.487010695915007,85.2578869609304,245.06137581063803,6.515058988111564,167.71,104.66,186.65,2.66,Loamy Soil,cabbage
26.08867875,80.37979919,185.197438,5.706943251,71.31,48.65,58.86,2.26,Peaty Soil,rice
29.0,69.7,82.8,6.13,88.36,83.76,107.5,3.3,Loamy Soil,shallots
21.31,56.09,105.02,6.01,36.0,21.0,34.0,704.0,Sandy Soil,sweetpotato
29.665123712046928,85.01517444959919,143.82730353885734,6.667705379949563,35.44,37.89,61.1,1.68,Sandy Loam,mungbean
24.2,70.5,79.9,6.18,94.62,69.09,117.14,2.9,Silty Loam,shallots
19.832306376596623,91.2557653619714,116.49460229951826,6.416095422347051,59.51,74.23,66.32,2.28,Peaty Soil,orange
23.694723423741486,70.70140325333013,37.74415615040609,6.024110960172061,99.17,83.73,124.48,2.32,Silty Loam,shallots
26.983952367135256,81.62263945324155,195.2335138637617,6.045461639659801,73.67,58.29,69.03,2.03,Peaty Soil,rice
26.631902306614066,81.09252120305109,109.54481119898969,6.274343119187614,29.32,44.16,53.17,2.44,Sandy Loam,mungbean
33.89826109387718,92.20089674157937,117.42365791991043,6.813773848108855,66.476,130.65,96.76,1.25,Loamy Soil,orange
30.7,73.1,151.8,6.68,33.57,43.26,75.15,2.73,Clay Loam,soybean
28.11967063126643,88.96568111518421,52.923783637472795,6.999330362162798,56.36,148.807266,143.1672,1.61,Neutral Soil,mungbean
23.837381216823157,73.37212722041508,72.78746617852646,6.25526866347027,58.96,56.65,54.38,1.9,Acidic Soil,maize
26.58103614591616,81.39116578312498,217.50912153469105,6.324553787759569,143.45,81.61,175.56,3.03,Silty Loam,chilli
12.22816189,90.26457428,108.4161706,7.106650373,56.65,143.27377,141.68,2.26,Loamy Soil,orange
30.2,75.4,166.4,6.14,111.39,109.86,146.15,1.93,Sandy Loam,chilli
26.748591473024412,59.75399728347905,96.37665572620091,5.829621412185101,34.0,35.0,38.0,715.0,Sandy Soil,sweetpotato
24.442929166121804,78.78450697118839,161.89059721217376,6.018337113103285,144.35,106.47,191.35,3.65,Clay Loam,cabbage
24.531022122438586,89.84857050936374,108.48089093613203,6.7191405813399605,60.41,114.57,86.67,1.81,Neutral Soil,papaya
24.729198217486235,63.37587171126365,97.9424015724119,6.433845496709987,93.93,83.17,126.15,2.38,Silty Loam,shallots
26.28259087,58.03195649,183.5504823,4.728712582,65.55,37.67,50.78,1.22,Peaty Soil,tea
27.22783677,52.95261751,175.7260273,7.456646097,64.08,62.21,87.51,1.03,Neutral Soil,coffee
25.615839076005205,61.85182151321412,191.53737891651096,5.5456282899947045,33.0,24.0,50.0,697.0,clay,cassava
27.4,73.0,114.7,6.12,20.18,55.61,78.92,1.21,Loamy Soil,peanut
25.33797709,68.49835977,96.46380213,6.586244581,59.3,79.67,71.09,1.26,Neutral Soil,maize
28.7,64.3,82.1,6.17,113.61,83.2,139.74,2.73,Silty Loam,shallots
26.71418296581186,80.20089223966613,138.19484840725087,7.197395340239038,27.46,35.73,52.19,2.08,Sandy Loam,mungbean
29.6,74.6,146.3,6.31,38.47,46.58,75.13,1.71,Clay Loam,soybean
32.24179383148201,51.200316565954346,100.00924348306114,4.985660112030122,60.1,36.09,46.78,2.18,Acidic Soil,mango
25.42900869,82.91481799,56.34144589,6.828982708,56.6,146.95205,83.93,0.84,Loamy Soil,watermelon
28.654979310220664,51.50580310929898,93.25356816998037,6.401774944463375,59.42,55.25,61.6,0.86,Acidic Soil,mango
26.622369828930587,61.04942791160745,118.52986203455222,6.507186663098006,26.0,25.0,23.0,670.0,Loamy Soil,cassava
28.82632227727787,73.47561454325023,68.82083429092843,6.679211900778251,83.82,74.28,93.15,3.62,Loamy Soil,garlic
28.079274419312238,69.03854537348646,74.42351987672137,7.390157227712057,98.18,69.52,136.78,3.23,Clay Loam,garlic
23.4,86.6,231.8,6.45,67.03,44.18,82.51,3.36,Silty Loam,chives
27.43109952,64.39173836,224.6921507,4.789136792,71.6445,38.76,53.55,2.35,Acidic Soil,tea
25.987394762605323,63.76430920599526,165.5034954704414,6.342835479609455,32.0,30.0,46.0,771.0,Sandy Soil,cassava
27.82054812,93.03555162,26.32405487,6.528404378,53.79,89.18,47.44,2.18,Neutral Soil,muskmelon
26.078442610737945,71.00569150433007,79.73129314343959,6.174807694866265,59.35,56.67,56.14,1.44,Acidic Soil,maize
29.259688432314658,79.99695367274633,91.08942477792077,5.943285946679656,63.76,50.4,50.2,2.13,Acidic Soil,banana
30.513125517277803,71.46678644778743,102.64544209269654,6.793168443679715,26.65,43.42,56.21,2.44,Sandy Loam,mungbean
25.051926314715512,66.75764948858641,78.37922525433572,5.901747334438713,55.29,47.42,50.58,0.53,Acidic Soil,maize
28.1,69.8,101.1,5.9,25.91,60.54,79.7,1.91,Sandy Loam,peanut
33.60102862919519,48.899823518449566,90.46490458999166,6.684827539650018,60.39,93.48,94.36,1.84,Neutral Soil,mango
24.65090184,51.93952357,135.1386537,7.027585559,59.61,147.0820435,147.57627,1.32,Loamy Soil,coffee
25.0,78.5,166.8,5.82,102.44,103.09,150.23,2.56,Loamy Soil,chilli
27.055897594353823,58.658192699173775,184.52084310331364,4.623181335338916,63.010000000000005,38.24,50.37,1.15,Acidic Soil,tea
26.906389416111164,86.8645912102604,55.74473765723725,6.409088142356852,58.28,73.8,50.38,2.14,Acidic Soil,watermelon
26.942902394859207,81.15767120518244,110.86228409380101,6.440097254282615,62.84,74.272,59.791,0.67,Acidic Soil,banana
26.314234836093426,81.10016016582594,106.7245645254744,6.293055582499339,30.32,45.16,55.17,2.44,Sandy Loam,mungbean
23.353473781032033,80.68858759149268,269.14038733781246,6.462437914998503,76.27,66.97,96.45,2.04,Peaty Soil,rice
26.79489868,89.63725244,57.74091817,6.51075991,57.6525,84.97,55.74,1.24,Loamy Soil,watermelon
28.13071066125163,51.26183705480303,98.54810007100474,5.316634565957751,54.97,40.66,47.42,1.07,Peaty Soil,mango
30.08308190226744,92.00476899069078,115.26996796004835,7.18343448102,69.41,147.232233,111.35,0.93,Loamy Soil,orange
28.454708974769364,46.973026490833824,99.70081589919496,5.101340191934034,55.27,39.2,44.6,1.59,Acidic Soil,mango
29.65021184,80.44625145,56.76278363,6.489259136,57.51,77.17,54.82,1.08,Acidic Soil,mungbean
29.4,75.4,220.0,5.8,128.09,115.21,149.31,2.82,Loamy Soil,chilli
29.6,78.5,144.5,6.61,21.21,41.18,75.53,2.1,Loamy Soil,soybean
29.61187774235698,74.74155105649133,219.069877984672,5.780677691413924,125.09,113.21,148.31,2.82,Loamy Soil,chilli
24.368539091046486,81.04301651463943,49.02401075641944,6.8083264674302955,58.32,131.67,68.07,2.42,Loamy Soil,watermelon
29.661641290740377,83.80192896966818,181.40103486075796,6.712903543711514,79.69,60.31,72.2,3.13,Loamy Soil,chives
26.38066410420274,86.05310340520823,41.75878432511907,6.164664481926302,53.11,60.0505,46.7315,1.98,Peaty Soil,watermelon
22.888484280625786,58.163448887363124,117.24187005394148,6.906700814839384,32.0,35.0,48.0,794.0,Loamy Soil,sweetpotato
28.328188310881252,90.708383783327,149.9969073948374,6.661744900313367,71.3,129.74,113.86,1.68,Loamy Soil,papaya
25.20406808,57.88370456,156.1457255,6.652642579,62.66,79.99,99.94,2.42,Neutral Soil,coffee
31.8323974144501,71.33084780420751,132.82339125253753,6.4442783347016315,31.549999999999997,49.02,72.27,2.37,Silty Loam,soybean
24.7,89.9,207.8,6.19,179.23,112.24,184.85,3.25,Silty Loam,cabbage
24.2,81.0,190.6,6.18,163.63,112.29,159.53,3.75,Clay Loam,cabbage
26.43022902540311,59.23503620001013,95.44654733664473,5.9146571581220675,30.0,34.0,35.0,715.0,Sandy Soil,sweetpotato
27.619269232084086,65.70484634545397,177.96862601571237,7.061485301355963,29.28,50.05,66.13,2.79,Loamy Soil,soybean
23.18446120747346,59.67179923953497,140.0733098390938,6.753440521907662,61.16,113.3,124.35,2.4,Loamy Soil,coffee
25.282042782528542,80.44041910954626,152.10907304871614,5.70245267098998,144.94,100.71,134.54,2.84,Silty Loam,chilli
31.53825424245495,64.80091682745145,46.65146885250567,6.172467023067111,103.85,64.59,112.3,2.61,Loamy Soil,shallots
18.994380290262253,58.43272870190863,81.43366440804722,5.709556591709577,54.9,41.825,50.28,0.95,Acidic Soil,maize
27.893459968788694,65.93853943318364,89.50515496001934,5.7345269879627185,22.63,65.68,88.76,1.09,Loamy Soil,peanut
21.39859781719626,62.273303865012124,221.57936851404895,4.7866855015390035,66.67,38.59,54.69,2.42,Acidic Soil,tea
29.030499070050848,91.17208743158305,24.547819075436824,6.510890224721905,52.65,97.43,46.97,0.73,Neutral Soil,muskmelon
25.44,55.24,80.53,5.77,31.0,31.0,43.0,767.0,Loamy Soil,sweetpotato
25.930207562273516,80.4379480226839,48.53750966440421,6.936349127733267,57.59,143.668,124.920105,1.12,Loamy Soil,watermelon
24.91027911957112,63.16733664524415,136.67729904367897,6.548798208167996,63.76,83.03,93.11,2.26,Loamy Soil,coffee
41.31330062,91.1508798,239.7427554,6.617066674,94.627,101.41,123.48,2.46,Neutral Soil,papaya
23.79647991690391,79.33726555118307,173.48578720338716,6.933662788937889,84.74,49.19,96.86,2.88,Loamy Soil,chives
25.493243464816942,80.57436341441516,43.757610757823876,6.177386750443533,54.94,58.39,45.46,0.57,Acidic Soil,watermelon
27.075430330326306,80.7934872568994,96.25301028488232,6.166709664937867,59.71,55.8,57.0,2.37,Acidic Soil,banana
22.160738262143088,81.1409848042459,200.33211109486624,6.386050314492918,66.81,67.5,80.52,0.71,Acidic Soil,rice
21.521334059000203,62.76754589872881,67.78951244230396,6.245959636371619,53.96,53.05,50.69,1.57,Acidic Soil,maize
25.89762315,81.96664832,54.49960057,6.277245254,56.43,64.02,50.05,2.27,Acidic Soil,watermelon
21.124732088706562,82.37502776872387,285.92539113227974,5.987160644207302,76.5,54.49,77.03,0.9,Acidic Soil,rice
31.7,78.6,198.6,6.96,30.95,51.7,79.09,2.38,Loamy Soil,soybean
25.848506577333957,84.25946410181615,257.69473503202715,7.003957934907663,80.81,144.631,140.52,1.38,Loamy Soil,rice
23.6817898,94.31994776,231.5153161,6.758479569,78.04,147.16,140.88451,0.64,Neutral Soil,papaya
24.977300468481253,86.99416765443566,50.580418269581564,6.213812861930424,56.96,63.230000000000004,49.66,0.66,Acidic Soil,watermelon
30.847755329998087,80.27630973169893,107.66230656428883,5.810901431787016,145.84,102.51,127.94,3.15,Sandy Loam,chilli
29.9,76.9,106.5,7.07,27.44,39.27,62.53,2.47,Loamy Soil,mungbean
29.8,70.3,55.8,6.68,89.13,77.56,110.06,3.37,Sandy Loam,shallots
26.040354397857264,81.3611624720463,50.261068888912284,6.003588424158769,57.78,58.0505,46.22,1.9,Acidic Soil,watermelon
32.10830860300208,95.49285335095502,115.21554633734924,7.391140112038377,70.22,106.35,80.41,0.63,Loamy Soil,orange
27.93034941,85.42058715,43.25095608,7.011030515,55.73,141.74439,144.764698,2.49,Neutral Soil,mungbean
26.991196771638972,67.8125395723775,95.83951662179183,6.00994893149203,102.86,72.09,107.82,2.66,Silty Loam,shallots
29.7043745000247,85.52674153559894,39.186627912517814,6.701390684637231,56.75,143.5971,66.38,1.55,Loamy Soil,mungbean
22.4,59.25,95.53,5.51,46.0,26.0,45.0,849.0,Sandy Soil,sweetpotato
27.4,83.0,104.9,6.32,126.73,113.16,123.55,2.13,Sandy Loam,chilli
29.5,88.2,181.6,6.85,68.01,59.45,83.48,3.9,Silty Loam,chives
26.8,73.5,98.0,6.48,20.23,48.36,62.6,1.88,Loamy Soil,mungbean
28.37344735451225,74.92685088646648,86.73031662271838,7.207105526740529,112.47,53.08,133.64,3.78,Loamy Soil,garlic
34.2804607,90.55561637,98.54047745,6.825371185,66.99,146.446,115.24,0.64,Neutral Soil,papaya
28.266942078299127,67.45823510587891,108.16843230333721,6.9111610405412085,24.36,46.03,73.65,1.93,Clay Loam,soybean
26.759251165151653,59.48986286446232,94.57510109195361,6.185986755908809,48.0,37.0,38.0,796.0,Sandy Soil,sweetpotato
25.898859342476793,83.0989155372548,43.188939895070355,6.9621650863859275,55.06,143.85,110.84,1.86,Neutral Soil,watermelon
25.745310834219673,75.9593007470308,96.291842507012,6.6523225033227895,80.63,68.32,101.58,2.57,Loamy Soil,garlic
28.94873629439131,91.15091334944807,29.42490493390712,6.124294235229216,53.3405,58.81,45.15,2.09,Peaty Soil,muskmelon
28.464587853467314,66.13319522242739,110.34226187445265,6.302332533297709,16.92,57.2,74.67,2.13,Loamy Soil,peanut
27.495382503541812,91.21373480234091,101.74329340172058,6.952458930737037,67.05,143.232233,142.312,1.8,Neutral Soil,orange
26.970818734306615,93.95694742049461,26.44180880475127,6.782412834671186,54.56,133.7555,50.986,2.22,Neutral Soil,muskmelon
26.526379769940128,88.0476413080636,57.429361104523664,6.3070703015170295,57.44,67.32,53.07,1.49,Peaty Soil,watermelon
27.658923298443714,93.63312344507297,83.23703767519181,6.838352397078352,62.05,147.8972,102.95,2.17,Neutral Soil,papaya
21.32504158,80.47476396,185.4974732,6.442475375,69.2805,73.3,84.36,0.79,Acidic Soil,rice
28.960951887817405,68.10509183297995,43.88952632988508,6.647022661601396,91.02,65.92,137.48,3.58,Silty Loam,garlic
43.208327359722816,92.81469465905805,105.62868263683279,6.6115000200185055,75.46,99.38,73.37,1.53,Loamy Soil,papaya
23.206975944597616,82.62246627364617,247.45392589953516,6.434224873216374,72.83,72.19,99.18,1.48,Peaty Soil,rice
28.732683541475723,83.27532396403193,41.3263390672706,6.702285001808287,56.44,111.89,58.63,1.06,Neutral Soil,mungbean
27.32831626067253,71.21302970655157,121.54105166843061,5.77313256772974,132.86,102.82,167.52,2.99,Silty Loam,chilli
27.49190547531288,89.53729372015637,27.018673078462513,6.681298863758023,50.51,136.65,51.98,0.56,Loamy Soil,muskmelon
27.84407690172605,82.14063851198789,178.84516246612222,6.245688103377224,170.21,99.24,174.97,3.11,Loamy Soil,cabbage
27.360936644245154,89.70143841767359,185.5096083469011,6.473292290030523,123.03,106.13,152.11,3.65,Clay Loam,cabbage
27.6557178,62.02982437,179.0622137,4.697778558,67.7,38.08,50.37,1.14,Acidic Soil,tea
25.2,66.7,67.6,6.08,91.17,83.57,101.53,2.03,Sandy Loam,shallots
23.1768489,51.08826183,164.4971875,6.973839707,60.62,146.07185,148.553,1.81,Neutral Soil,coffee
24.02785254826856,81.04722422472318,205.978880168177,7.055791833058766,70.93,144.037,148.9476,1.32,Loamy Soil,rice
42.94110805,92.83405443,110.562229,6.641098708,74.69,107.6,81.07,1.97,Neutral Soil,papaya
27.516165914939144,92.27899736944414,150.95548707263418,6.68167138117197,74.3,130.74,110.86,1.68,Loamy Soil,papaya
25.9,82.3,205.1,5.96,142.33,102.6,158.61,2.89,Loamy Soil,chilli
27.82684262,87.16679147,58.37249772,6.389882166,57.87,72.86,52.76,1.55,Acidic Soil,mungbean
26.83,57.14,105.7,6.41,31.0,34.0,32.0,689.0,Sandy Soil,sweetpotato
25.96786125863981,88.40314803867362,57.75670161499469,6.43061654626385,60.43,79.95,53.46,1.92,Acidic Soil,watermelon
26.52348268449921,79.08814259144201,137.11503693332222,7.23126373831709,27.46,36.73,55.19,2.08,Sandy Loam,mungbean
25.1,84.8,109.4,6.5,101.96,118.9,141.37,2.55,Silty Loam,chilli
24.855689983715195,59.337543929607286,83.97573506159138,6.3270924096414225,36.0,29.0,60.0,712.0,Loamy Soil,sweetpotato
23.35723208,55.18792166,171.6976946,6.080823839,62.3,48.0205,64.8635,2.11,Peaty Soil,coffee
22.05642142681617,58.58592064457102,108.52850167505136,5.5624574543600565,34.0,37.0,37.0,781.0,Loamy Soil,sweetpotato
28.07219563,82.9116472,49.61865305,6.478557136,56.42,77.7,52.69,2.3,Acidic Soil,mungbean
25.735269519033682,82.51561851621415,196.9173078828565,5.827390713188371,72.89,48.04,59.98,1.35,Peaty Soil,rice
27.391521150260807,81.24754611678763,141.51179985810558,5.603403659652419,118.77,88.08,160.65,2.53,Silty Loam,chilli
31.640345585330206,89.98485744761915,207.67161125106747,6.502830498341367,85.96,86.9855,95.53,1.59,Neutral Soil,papaya
28.10887621136681,94.34054592463836,83.04006695874232,6.879438926494339,60.05,146.8972,104.95,2.17,Neutral Soil,papaya
30.170320083974314,90.62904724543537,233.7057746930843,6.7409866903168165,82.21,134.57,143.134,1.25,Loamy Soil,papaya
23.05804872,83.37011772,251.0549998,7.073453503,76.81,140.93673,140.60768,0.86,Loamy Soil,rice
31.144822253744454,73.02280438214328,121.56811053279733,6.295624919386363,30.700000000000003,51.28,59.3,2.0,Loamy Soil,mungbean
25.6,73.8,125.1,5.6,145.85,107.08,176.19,1.93,Silty Loam,chilli
32.11401424381452,75.22152413319294,113.78563814673274,6.58400234816621,24.92,48.94,76.93,1.74,Clay Loam,soybean
22.87148075248574,58.04996798558417,103.13164082895776,6.385125098094201,37.0,32.0,49.0,818.0,Loamy Soil,sweetpotato
23.667124982368307,55.33471818554235,111.06591270399626,5.876218983002792,35.0,37.0,39.0,692.0,Loamy Soil,sweetpotato
32.85694831067115,69.7130738814431,58.751537797918594,6.1682910691037245,21.59,61.69,87.8,1.69,Sandy Loam,peanut
16.539696139496666,95.10750741720058,110.71773109231155,6.557895028696271,57.58,85.18,66.96,1.55,Acidic Soil,orange
23.373207288216534,74.56111974574335,91.92396246540739,6.23012485544252,56.08,61.04,57.37,2.17,Acidic Soil,maize
25.67590788097495,67.89970992891463,82.29510969641822,6.618620642078172,106.93,74.41,94.33,3.48,Silty Loam,garlic
26.00767943927984,74.1986722984936,130.00038717884306,6.187192121946345,143.55,116.66,137.31,2.83,Silty Loam,chilli
26.689186653590706,72.01737440501333,53.87925111775739,7.1279060786417965,77.15,55.66,132.13,2.36,Loamy Soil,garlic
24.726027964479183,79.62363346454977,257.8649070437877,7.729829601512314,78.83,59.01,82.99,1.15,Peaty Soil,rice
32.34280919960815,89.60368783265021,109.43776775564616,6.3632203171968476,65.53,74.65,63.75,1.26,Acidic Soil,orange
30.42012134,93.12659793,75.95295,6.583528529,61.95,97.08,64.32,0.54,Loamy Soil,papaya
28.5,67.6,101.7,6.78,104.1,52.06,107.47,3.57,Loamy Soil,garlic
30.8,68.8,112.3,6.19,27.16,62.14,77.92,1.41,Sandy Loam,peanut
21.9236669560685,71.56255228774398,100.70131236192732,5.961740746468133,56.77,50.83,52.63,2.11,Acidic Soil,maize
27.465805623841955,61.758898598839316,153.80836395029365,6.379352767498051,30.0,19.0,40.0,812.0,Sandy Soil,cassava
28.8294060926617,76.92125824074897,89.17134143129003,5.804949201389427,61.39,48.95,47.35,0.67,Acidic Soil,banana
28.594327674333545,79.3234165292377,207.5863780240779,6.845262071495297,77.19,59.11,74.6,2.63,Loamy Soil,chives
24.752755014365405,70.95464929091406,56.28702858909698,7.4122017828454725,74.28,70.66,132.07,3.69,Loamy Soil,garlic
25.77718020765686,88.31766970944297,48.69194642345582,6.111665740583646,56.0,58.14,48.7315,2.37,Acidic Soil,watermelon
20.72147370917494,93.48286630153333,110.84453366832504,7.194680356364993,64.93,145.232233,144.625241,0.54,Loamy Soil,orange
27.230318218544344,78.80475269180029,210.5323157355395,6.152852051299884,138.28,105.17,155.16,3.37,Silty Loam,cabbage
18.9802729,73.59052499,94.26249353,6.092725883,57.41,54.64,53.85,1.51,Acidic Soil,maize
28.242757512588806,85.60366520522761,204.93038022292743,6.241489867383807,77.03,59.93,76.59,3.71,Silty Loam,chives
21.968659555738018,80.65615848143878,201.01572645812993,7.013109523233365,71.82,143.406,147.36423,2.24,Loamy Soil,rice
23.769998220679255,90.88530565997888,118.41954893477637,7.454735070594747,63.45,91.23,76.65,2.24,Loamy Soil,orange
26.764938097837675,78.78339765606624,201.4221305110484,5.799345553313792,135.69,109.01,153.74,2.72,Loamy Soil,chilli
30.97761858771971,70.25914830734084,111.55230832527658,6.0469932068851255,24.71,66.07,90.69,1.02,Sandy Loam,peanut
32.21182328162122,72.87312551083201,137.31146542782054,6.357461733293817,32.12,33.4,52.54,1.68,Loamy Soil,mungbean
24.589272895363408,82.04454340775716,130.28835752090302,5.674624629279102,118.65,105.55,141.65,1.98,Loamy Soil,chilli
40.97265147270272,92.24565167002208,182.98726658719215,6.865140939869808,89.82,148.099313,140.14583,2.0,Neutral Soil,papaya
31.641151898033037,71.34228831343397,85.6306861515586,6.377638490575599,27.84,58.43,84.94,1.9,Loamy Soil,peanut
30.8478324061246,54.70920778146686,95.1277212052344,6.727700229568045,56.94,112.6,103.52,2.02,Neutral Soil,mango
25.521834051283612,64.95975850868406,77.5414769863901,6.79716752818101,104.23,64.52000000000001,120.63,2.28,Silty Loam,garlic
27.63364690827182,74.21112040540972,49.91329238314951,7.057560990757636,79.64,62.7,103.61,2.76,Loamy Soil,garlic
27.3,72.2,111.3,7.08,28.68,35.38,61.82,1.82,Sandy Loam,mungbean
27.771186340316074,92.41668801275479,18.948415297739615,6.351706551015562,55.97,71.51,46.15,0.78,Acidic Soil,muskmelon
24.98,59.43,84.77,6.26,38.0,27.0,59.0,712.0,Loamy Soil,sweetpotato
28.90761897675384,92.51189214747875,28.796055226655646,6.1509315681740535,51.34,59.6,42.2,1.5,Acidic Soil,muskmelon
31.687604443079028,85.25657885381892,103.91776849636668,6.844993934325811,29.26,43.86,56.06,2.31,Sandy Loam,mungbean
29.8,65.4,88.4,6.38,26.87,57.71,82.84,1.87,Loamy Soil,peanut
29.129153040570944,71.60241707392909,105.72658082385252,6.434702586597013,80.55,61.61,125.41,2.23,Silty Loam,garlic
31.253089645109533,66.0261728364951,44.16722270754455,6.075223896957695,99.85,66.59,115.3,2.61,Loamy Soil,shallots
31.698060295909087,76.64253859471431,123.01789196452873,6.093882354625756,32.99,49.28,67.94,1.91,Silty Loam,soybean
24.66975191930252,69.14995919678756,60.49009483755393,7.277704860218341,78.24,54.43,119.43,2.37,Clay Loam,garlic
30.29169546194575,66.45053656467114,110.97123092788726,6.967906632852466,35.61,50.78,62.5,2.11,Clay Loam,soybean
23.37388862,56.70918388,210.8450939,4.966697175,65.53,38.38,53.86,1.38,Acidic Soil,tea
29.4,71.5,95.4,6.07,20.21,50.18,80.97,1.67,Sandy Loam,peanut
28.8539812450017,80.29037692325677,114.29180739508931,5.93379275252584,62.58,52.04,53.73,1.05,Acidic Soil,banana
25.840043232777766,82.16979739061166,113.56686373499542,6.254497639089227,64.14,59.01,57.3,1.28,Acidic Soil,banana
28.679725826086027,91.43809014769965,23.552588231354747,6.662581431388982,54.24,136.7555,50.986,1.63,Neutral Soil,muskmelon
24.39690343548437,87.0736247452903,149.84570945578602,5.949136249990867,134.14,90.51,167.26,3.04,Clay Loam,cabbage
34.72413192,51.4271781,97.31258083,5.161148592,59.65,38.39,47.06,1.62,Acidic Soil,mango
25.105282472887936,88.25913432224958,39.20633079085069,6.712079845806357,57.9395,99.84,52.82,0.77,Neutral Soil,watermelon
29.124373938374216,85.96165007729654,178.84758790458687,6.238439124555206,88.29,44.73,87.88,3.46,Loamy Soil,chives
22.42,58.92,103.57,6.48,34.0,31.0,48.0,818.0,Loamy Soil,sweetpotato
25.311548053459127,85.19457864275161,58.51700274625194,6.953801996416375,55.75,143.2382,124.920105,0.7,Neutral Soil,watermelon
28.51847053035875,81.68464902012005,117.903853466211,6.478579520834387,21.05,34.49,70.27,1.6,Sandy Loam,mungbean
25.60699799315709,79.33559114927037,99.53324086987676,5.820408918212299,63.17,50.83,50.08,2.39,Acidic Soil,banana
29.0,74.0,122.2,6.89,23.74,36.45,65.96,2.09,Sandy Loam,mungbean
28.705652401216085,75.88237978566367,118.4769307607087,6.158919367362494,61.269999999999996,59.22,60.11,1.72,Acidic Soil,banana
29.275830067042023,85.98037870528033,178.58403942169673,6.1632068017710315,88.29,42.73,90.88,3.46,Loamy Soil,chives
22.57123925064056,79.07898663867554,214.27442090121212,6.524372444104657,89.32,48.58,89.08,3.23,Silty Loam,chives
28.0,76.6,225.0,6.32,146.91,91.95,184.91,2.61,Loamy Soil,cabbage
29.86895762,93.25103208,26.26243014,6.076459669,54.06,60.29,43.79,1.8,Peaty Soil,muskmelon
23.28617173,81.43321641,242.3170629,5.108527114,75.53,42.919,57.0975,0.93,Acidic Soil,rice
30.157877810540615,51.81124470794467,97.41759538188715,5.254938807665092,57.27,36.65,48.06,2.38,Acidic Soil,mango
30.117012138877215,64.69526111276444,34.479239843585376,6.409483269950283,89.47,83.94,107.38,2.63,Loamy Soil,shallots
27.72338349,90.93897939,22.81863447,6.698468621,53.2,120.48,50.09,1.41,Neutral Soil,muskmelon
28.380591147023104,78.93955279522018,160.675539375238,6.490806073445041,28.37,39.17,62.47,2.24,Loamy Soil,soybean
27.2,62.4,64.6,6.17,103.28,61.41,135.77,2.2,Silty Loam,shallots
28.67567600969827,71.51264051382581,40.87602416123634,6.177796996096474,97.57,68.3,106.96,2.15,Silty Loam,shallots
26.62272203,62.55859662,181.1012809,4.922470856,66.76,39.03,51.62,1.76,Acidic Soil,tea
32.620768528612025,71.8139451894236,102.03033687682402,5.994924494767585,22.44,57.6,73.55,1.64,Sandy Loam,peanut
25.52732531,60.54989237,247.2123321,4.529971744,71.32,37.35,53.4,1.64,Acidic Soil,tea
24.519383014714837,88.65659920276632,58.68988185219408,6.3524821954181,55.35,72.01,53.08,2.17,Acidic Soil,watermelon
25.13,57.19,103.57,6.48,34.0,31.0,48.0,818.0,Loamy Soil,sweetpotato
29.791169262247386,91.59523395538474,18.942143345116566,6.271524542143053,52.08,71.51,44.16,1.47,Peaty Soil,muskmelon
28.7,72.8,68.6,6.07,116.2,66.89,135.6,2.5,Sandy Loam,shallots
28.33333307,51.39586505,91.67241761,6.434197756,57.42,57.25,61.6,0.86,Acidic Soil,mango
26.37298965440243,84.44187725156307,40.0583576003528,6.183291764302369,52.09,65.63,47.26,2.27,Acidic Soil,watermelon
22.84,58.98,117.89,6.84,33.0,35.0,47.0,794.0,Loamy Soil,sweetpotato
28.272109303676338,68.84002368663447,53.698288119595595,6.104134013022797,111.64,83.83,151.93,2.59,Sandy Loam,shallots
13.36050601,91.35608208,111.2266885,7.335158382,57.54,111.77,84.25,0.73,Loamy Soil,orange
11.35278867071705,91.90858324380294,107.53810782744765,6.485389646437322,54.2595,83.24,65.55,2.32,Acidic Soil,orange
25.532444336142955,93.1119093575534,241.24992230793808,6.910329445818613,81.41,141.29798,143.6946,0.69,Loamy Soil,papaya
22.3,81.5,225.2,6.5,175.16,119.15,193.99,3.99,Clay Loam,cabbage
42.49635996311942,90.81380253607504,242.3067360753202,6.497030018833932,91.627,87.9855,107.9,1.62,Neutral Soil,papaya
25.146894951875797,54.01623542986392,127.91812346141802,6.980670706752283,60.71,147.0820435,144.10644,1.31,Loamy Soil,coffee
28.4,81.8,124.2,7.15,32.69,43.54,61.26,1.62,Loamy Soil,mungbean
32.1273627286598,71.48332962509633,114.51718111493706,6.9905979653824195,26.23,43.14,61.8,1.56,Loamy Soil,mungbean
25.59535262,57.72920846,194.9221468,7.101661011,66.07,147.0820435,142.0037,1.58,Neutral Soil,coffee
22.67846116,83.72874389,200.9133156,7.524080076,71.19,77.93,91.12,2.15,Peaty Soil,rice
25.560303062548986,62.62276165916073,108.87734961522627,6.512066394832514,58.83,75.95,72.26,1.61,Loamy Soil,maize
27.89,61.21,210.01,5.61,28.0,24.0,41.0,749.0,Loamy Soil,cassava
15.678450518955078,92.08430379214019,110.36000827653497,7.552025969566286,61.85,71.24,60.47,2.08,Peaty Soil,orange
25.38491730574986,60.63688078437982,247.29578386388837,4.53875687095457,73.32,36.35,52.4,1.64,Acidic Soil,tea
16.53460397,94.55455292,110.0447896,6.475275337,59.58,84.18,67.96,1.55,Acidic Soil,orange
22.78133816,82.06719137,248.7183228,6.430010215,75.83,73.19,98.18,1.48,Peaty Soil,rice
27.24370876927722,52.53091772332209,92.2418621386302,5.501269105939425,59.33,42.02,47.55,1.7,Peaty Soil,mango
25.14736487,80.261731,94.32961456,6.275572298,60.8395,63.24,57.36,1.12,Acidic Soil,banana
28.928120648070962,95.42251687682767,24.863662553241685,6.187324313820575,54.51,68.86,44.3,1.96,Acidic Soil,muskmelon
21.14347496,80.33502926,198.6730942,5.594819626,69.2805,47.15,58.85,1.94,Peaty Soil,rice
27.58258929,48.56916221,95.8445641,6.720041791,57.13,82.05,85.65,1.33,Loamy Soil,mango
24.765049767119425,86.15388689228506,48.51468074868222,6.240498824219959,54.96,62.230000000000004,50.66,0.66,Acidic Soil,watermelon
28.10896357238862,70.86072457915209,223.45155630519278,6.088800725147934,59.54,43.04,94.17,2.72,Loamy Soil,chives
25.08757528,60.95161755,168.8599817,4.922258647,64.34,38.8,50.84,1.57,Peaty Soil,tea
31.40948821,49.21729127,92.99739415,6.815484072,57.99,113.824,108.787,1.46,Neutral Soil,mango
25.524579677462693,62.024589442922945,196.3367075565936,6.27760715951972,68.34,55.41,76.01,2.02,Acidic Soil,coffee
21.570745714863246,55.321481268848075,156.33988552960594,4.516868116228119,59.687,38.04,51.0795,1.92,Peaty Soil,tea
24.150805352456516,69.83357847255024,103.08721722443155,6.5070629326229055,63.03,81.92,76.79,2.03,Neutral Soil,maize
24.15746934763145,74.41521110873367,91.31652153454402,6.210511314499631,58.08,59.04,55.37,2.17,Acidic Soil,maize
29.05224707589433,62.26697400101008,124.43238668395077,6.524061825078342,33.0,29.0,32.0,691.0,Sandy Soil,cassava
21.26375220433684,57.03107054018486,199.52009665906817,4.536744111302726,64.45,39.04,49.84,1.65,Acidic Soil,tea
25.041466440502816,56.53961982697404,81.28090242557953,6.797625671078677,48.0,21.0,55.0,821.0,Sandy Soil,sweetpotato
29.34033587,90.32731875,21.44532907,6.541150335,53.15,88.85,46.23,1.59,Neutral Soil,muskmelon
25.060334493000397,56.128636966859176,85.92978039176876,6.933380688083171,32.0,35.0,47.0,756.0,Sandy Soil,sweetpotato
25.7354293,83.88266234,233.1321372,6.149410611,77.96,59.59,76.54,2.28,Peaty Soil,rice
29.1887049161569,73.8428858658834,158.35934162614654,6.584759439134384,147.49,116.27,146.93,3.01,Loamy Soil,chilli
39.01793345,91.48815629,105.8841531,6.986413574,71.0,145.029,145.437,1.1,Neutral Soil,papaya
21.31388231,62.2083503,222.6514978,4.926585137,66.2,39.0,54.32,0.76,Acidic Soil,tea
25.52812785930626,73.09385891060013,107.85826607318383,6.480371732152303,62.1105,78.74,71.14,0.95,Loamy Soil,maize
28.0,76.7,117.7,6.3,34.25,49.3,55.72,2.3,Sandy Loam,mungbean
30.07202564,50.96040505,92.09609766,6.10729559,57.84,47.13,53.76,2.14,Acidic Soil,mango
28.721197082576154,81.2254802461761,58.450870570803836,6.647687721348139,55.79,114.98,68.06,1.66,Loamy Soil,mungbean
29.09382275,45.5661059,96.23520043,5.32307197,57.09,38.15,47.65,1.27,Acidic Soil,mango
28.433990347533204,71.78087835626934,80.78807098845701,5.796433592049264,16.17,48.91,69.27,1.24,Loamy Soil,peanut
18.80307077824751,68.657468667813,86.44373769609774,6.092183313581391,53.4,53.1,55.2,2.0,Acidic Soil,maize
27.916567524351766,65.66472930717804,109.05969989010937,5.013299142140822,31.0,21.0,21.0,833.0,Loamy Soil,cassava
25.664821678755953,88.30107392004419,58.4526543383087,6.274602663887255,57.44,69.32,49.07,1.49,Peaty Soil,watermelon
21.860354429221236,58.00140620877688,108.7023891837328,5.5790881700645985,37.0,36.0,36.0,781.0,Loamy Soil,sweetpotato
23.81697221654043,82.85801719562721,184.96290309313332,7.035821253546505,73.28,148.825,145.4889,2.31,Loamy Soil,rice
23.428207763592102,85.99373608773604,168.60325878670642,6.603287514378683,76.26,58.66,89.83,3.98,Silty Loam,chives
26.6,78.7,200.7,5.79,137.69,111.01,155.74,2.72,Loamy Soil,chilli
24.3,83.3,156.3,6.5,119.53,80.21,135.29,2.13,Silty Loam,chilli
23.61758888850999,82.6932531870379,119.61615050047456,6.135624878235468,125.97,119.74,157.48,2.53,Silty Loam,chilli
25.2,71.7,188.7,6.57,141.76,111.56,131.7,3.13,Loamy Soil,chilli
27.96235681,83.97586797,48.9366954,6.581351374,56.38,90.18,55.59,0.76,Neutral Soil,mungbean
25.13,57.19,103.57,6.48,34.0,31.0,48.0,818.0,Loamy Soil,sweetpotato
29.779257060762035,74.82688806257084,144.5949691527671,6.9738861988909795,35.15,39.69,55.64,2.06,Loamy Soil,mungbean
28.91862016,48.13974548,97.01331604,5.075504537,57.5,37.5,46.72,0.95,Acidic Soil,mango
25.4,79.3,138.3,6.46,26.71,43.27,70.71,2.27,Silty Loam,soybean
25.95263264,61.89082199,99.57981207,6.325235159,58.89,57.52,59.68,1.3,Acidic Soil,maize
29.98,63.38,141.65,5.13,38.0,21.0,28.0,818.0,Sandy Soil,cassava
30.179565135454773,94.0543541042945,24.49820276071734,6.0524974192573575,55.06,58.29,43.79,1.8,Peaty Soil,muskmelon
25.01253086999667,95.05535934919354,116.82306863646562,7.277170194816653,65.75,140.4,100.4,1.74,Neutral Soil,orange
29.763746952405835,71.57721912585843,72.72233982964936,6.439721469142199,30.37,60.37,77.01,1.51,Sandy Loam,peanut
29.61231818161218,66.56263640467019,60.593144192370026,6.456830686250492,77.85,87.23,146.9,2.9,Sandy Loam,shallots
28.960766101079116,78.05501881234962,191.5211280831054,6.245363116401919,125.78,85.57,132.03,1.88,Silty Loam,chilli
25.4,87.7,165.4,6.21,158.04,89.65,182.74,2.82,Loamy Soil,cabbage
28.856962793954228,68.3767477583086,49.69288945562985,7.351911194908611,89.81,68.51,129.48,2.08,Clay Loam,garlic
27.529260480238904,59.96152546813723,231.17534258432207,4.923870114756711,71.85,36.43,52.5,1.63,Acidic Soil,tea
28.345489325749462,86.61776825740763,42.90684308997413,6.768042463679721,59.22,142.85,65.77,1.22,Neutral Soil,mungbean
25.352040345452398,60.79007737504192,82.76859847543575,6.7383483269156175,31.0,29.0,47.0,788.0,Loamy Soil,sweetpotato
28.51721717499191,60.2380653737466,225.43542206337395,6.0388997480885624,32.0,21.0,26.0,720.0,Sandy Soil,cassava
23.045054551110567,76.28731722381669,185.48819015301936,6.958638893304599,69.38,49.15,75.19,3.54,Silty Loam,chives
27.64363393,61.78526032,211.4984132,4.789560952,70.07,38.39,52.76,2.07,Peaty Soil,tea
32.88131217808944,94.90520191058623,240.03016118685923,6.730992228516054,91.4,146.65504,144.8235,1.35,Loamy Soil,papaya
30.4,73.3,108.9,6.46,29.59,38.2,57.07,2.07,Sandy Loam,mungbean
25.7421423472928,75.2302637482977,94.58259968379366,6.790881469899446,81.63,70.32,103.58,2.57,Loamy Soil,garlic
28.485529726720298,65.68034886709525,72.44361943085416,6.010864934975336,25.37,58.05,78.35,1.28,Sandy Loam,peanut
25.848430982731895,53.21782142900122,163.0590016781858,6.130186243724562,60.22,50.17,65.91,0.87,Acidic Soil,coffee
23.546650663248823,94.47379449048627,190.10963415394897,6.871379915007721,72.45,151.099313,146.431,1.47,Neutral Soil,papaya
24.222886274161493,55.52004645305284,145.89981217257082,6.463434318620108,64.09,61.67,75.57,1.9,Acidic Soil,coffee
26.163598855919773,50.34964261339109,196.02305362621635,6.821277126682729,65.36,144.7669,145.46828,2.03,Neutral Soil,coffee
23.573917056434745,80.91021788563856,175.54818057679492,6.138484422126332,153.2,121.66,165.32,3.97,Silty Loam,cabbage
27.87317436,91.14849627,24.05207925,6.484799661,53.39,83.08,46.22,1.22,Acidic Soil,muskmelon
28.21302390721527,76.3563292161518,159.09863829169208,6.7791436972637555,30.15,59.66,61.84,2.52,Clay Loam,soybean
21.8652524,80.28362927,224.5550169,5.953933276,71.87,53.0,68.62,1.1,Peaty Soil,rice
23.740375069929534,74.44183709337976,96.15215911152046,5.847017623036129,57.3,51.6,51.55,0.53,Acidic Soil,maize
29.0,65.9,139.4,6.62,23.99,45.17,75.55,2.22,Silty Loam,soybean
26.22361919544289,58.05806871039556,70.47002528039532,6.801514315605189,47.0,32.0,43.0,792.0,Loamy Soil,sweetpotato
27.235594231086107,86.084807225029,229.15105491478167,6.072234730812514,72.42,48.22,75.08,2.84,Silty Loam,chives
23.97,55.97,123.01,6.84,33.0,39.0,52.0,789.0,Loamy Soil,sweetpotato
28.340492562082936,72.773887105087,88.06492958910074,7.431833613762466,75.58,75.09,127.91999999999999,3.09,Loamy Soil,garlic
23.26725251348297,71.83512313308282,254.46704579845564,6.056762469849623,64.6,51.72,76.43,2.58,Silty Loam,chives
25.7,80.6,218.9,6.13,143.09,118.11,186.92,2.6,Silty Loam,cabbage
25.42977518,82.94682591,195.3574542,5.758506323,72.89,50.04,60.98,1.35,Peaty Soil,rice
26.880157140592832,54.89223407577542,140.8242277524318,6.251367771240798,61.85,56.41,66.95,2.12,Acidic Soil,coffee
27.2,70.3,112.4,7.19,22.77,45.86,51.76,1.66,Loamy Soil,mungbean
29.96357702351568,65.10749966252897,88.56766328778684,6.4656065474317925,26.87,59.71,82.84,1.87,Loamy Soil,peanut
28.043846205694166,83.94621499215718,36.84705467643277,6.759991459840456,53.88,140.62,60.68,2.35,Neutral Soil,mungbean
32.39523995,94.51768464,113.25373,6.601395755,69.27,101.14,77.88,1.77,Loamy Soil,orange
24.5919383624977,76.60823891350691,246.90866393320374,6.8123080611297695,87.61,51.45,92.84,3.76,Loamy Soil,chives
42.88445286867507,93.37747604398626,103.45944453851334,6.692390670479751,70.46,103.38,74.37,1.53,Loamy Soil,papaya
31.94320534392015,69.31120671643848,149.72333937448752,6.591149199678171,27.42,55.62,67.78,1.54,Silty Loam,soybean
28.291957498776863,94.56828681165496,20.499676205187875,6.399814348688053,53.23,73.28,42.33,1.35,Acidic Soil,muskmelon
28.41227490391936,60.16685233798083,112.00935322372905,6.442873669153995,41.0,24.0,26.0,837.0,Sandy Soil,cassava
24.024450958832773,58.01934325003803,110.92505988655805,5.633649123785271,37.0,20.0,42.0,733.0,Loamy Soil,sweetpotato
31.9,74.8,113.7,6.59,25.92,49.94,78.93,1.74,Clay Loam,soybean
24.75624619917371,81.52839057009805,153.66187501629528,6.610213744699522,149.55,112.07,193.21,3.68,Loamy Soil,cabbage
22.826019384428324,62.538402494925606,202.30059181082845,4.986943927853871,67.65,38.0315,51.26,0.53,Acidic Soil,tea
29.24330531268652,92.28837808505043,110.6156547176417,7.196382598355793,64.67,139.91802,146.625241,1.62,Neutral Soil,orange
33.4,66.6,54.6,5.83,25.22,56.98,72.99,1.13,Loamy Soil,peanut
24.75515062104693,80.11230828180118,161.1668959299097,5.9411216233097095,147.35,109.47,188.35,3.65,Clay Loam,cabbage
29.131295492741998,65.6205467934185,119.56905488034627,4.726624539390326,24.0,21.0,45.0,834.0,Sandy Soil,cassava
28.66543889441154,81.05928781589067,139.81745518902355,6.8223629009199565,29.04,44.14,57.49,1.65,Loamy Soil,mungbean
31.5882610474783,75.63041440889742,162.13440612895945,6.341311291992647,20.77,58.62,68.53,2.68,Silty Loam,soybean
24.951726256770332,83.72727324525079,50.13945320773016,6.276713920280649,57.76,62.15,47.47,1.12,Acidic Soil,watermelon
28.115302615066824,66.32462354530958,71.27056360585318,6.15422746094356,81.97,72.64,125.21,2.21,Silty Loam,shallots
23.7,68.5,104.6,7.05,106.79,72.79,92.45,2.39,Loamy Soil,garlic
28.28476403922097,79.07499215290485,172.44696705895433,6.103244470548351,26.29,57.95,78.82,1.92,Loamy Soil,soybean
30.35776984061073,93.40015472823295,74.36164933586107,6.628476921956256,58.95,95.08,62.31999999999999,0.54,Loamy Soil,papaya
27.6,69.5,60.2,6.37,98.88,68.68,122.37,3.27,Loamy Soil,shallots
41.41968393,90.20227736,199.3096432,6.665024508,91.29,110.64,119.33,1.01,Loamy Soil,papaya
26.474498885393288,70.08715274978343,172.30297966089285,6.533057349294138,132.28,93.85,124.96,2.65,Silty Loam,chilli
25.841200881767545,56.7448406665529,175.75004563238613,7.201364537760485,67.28,91.38,124.02,0.73,Loamy Soil,coffee
26.651841198410263,71.05843761181188,102.3686757913929,6.9587153256516645,24.91,31.88,62.44,2.5,Loamy Soil,mungbean
29.55736603426859,86.0996510297106,42.53481843024334,6.376195322962584,52.91,73.06,48.44,1.16,Peaty Soil,mungbean
28.81637933967512,74.76197387685981,222.63874913060465,6.818757636690235,61.59,49.71,92.19,3.87,Loamy Soil,chives
25.819182798536332,57.45010582036986,240.52710483007343,4.837812208172427,69.99,38.19,55.08,0.59,Acidic Soil,tea
30.079554226258765,86.92493651902517,43.26964778858467,6.855918885477984,56.49,144.9646,95.63,0.79,Loamy Soil,mungbean
28.21531192415379,92.43331536030706,23.485068125118733,6.106152370945548,53.65,63.8,45.99,0.64,Acidic Soil,muskmelon
28.283124829713305,62.382924617149975,142.5696234125668,5.51589291119014,34.0,26.0,48.0,602.0,Loamy Soil,cassava
24.191214408322526,72.79882179487568,71.1682131010726,6.290273373259533,55.96,59.65,52.38,1.9,Acidic Soil,maize
33.32456037820538,92.91775871390544,135.10410935341025,6.899965676908057,74.44,146.086,141.0889,0.94,Loamy Soil,papaya
28.50965908755895,76.62406208779927,151.26065135424204,6.85547958500916,62.47,50.55,94.15,3.87,Silty Loam,chives
29.90617094995263,83.75751821937028,183.43863562950025,6.80308939214322,75.69,56.31,73.2,3.13,Loamy Soil,chives
22.565360689985074,80.99258226593854,244.27814152019866,6.331077651356162,134.52,105.48,157.96,3.98,Loamy Soil,cabbage
31.564798064641533,73.26027398442291,49.36449506808292,6.225127555874424,20.98,62.78,88.06,1.66,Sandy Loam,peanut
27.11398694,91.66737633,21.26034986,6.085444691,52.97,60.07,43.316,1.05,Acidic Soil,muskmelon
21.0525355,82.67839517,233.1075816,6.254028451,72.54,63.25,81.67,2.26,Peaty Soil,rice
23.34722006718166,59.120442100848415,212.55277492820719,4.579933531407674,65.39,37.4,52.97,1.83,Acidic Soil,tea
26.256604066829087,83.96407304797305,42.66040155283225,6.726212608737927,58.33,107.31,56.52,1.03,Neutral Soil,watermelon
29.6,76.0,145.8,6.03,37.9,47.51,61.74,1.8,Silty Loam,soybean
29.58075931298855,66.20170117976069,48.301118325754786,6.377453436597116,26.87,57.08,81.48,1.05,Sandy Loam,peanut
28.661191362469413,68.83265424621636,47.3345586185746,6.5074064046394176,83.81,82.46,104.6,3.42,Loamy Soil,shallots
33.32315744,91.25271223,234.496633,6.709668804,89.61,124.29,147.69,1.9,Neutral Soil,papaya
30.1,82.8,106.8,5.64,103.14,113.41,176.61,2.81,Sandy Loam,chilli
26.97301500240795,85.35207809251561,89.5354568862182,6.368374409741541,62.67,70.41,57.77,1.09,Acidic Soil,banana
25.60153969,68.48093882,168.8383605,6.536676653,66.49,74.46,88.59,1.41,Loamy Soil,coffee
29.94525780367345,74.64434159141938,205.16247638528648,6.876352090794732,84.62,53.45,96.9,2.69,Silty Loam,chives
31.5,70.4,79.8,6.51,96.39,67.52,118.45,2.6,Loamy Soil,shallots
23.814399137023923,91.02634694458563,208.19083041660684,6.6371091039474015,73.26,98.11,109.25,1.31,Neutral Soil,papaya
25.541774906331867,75.74943862826349,221.08487059815639,5.763355303585221,146.18,105.81,176.78,2.59,Sandy Loam,chilli
25.789755700493227,77.3773789153136,94.78347596064498,6.197027293633398,59.8395,54.36,55.09,0.92,Acidic Soil,banana
27.9,89.7,228.9,6.61,80.51,44.26,70.69,3.16,Loamy Soil,chives
17.60950994563867,93.48047961402305,107.29001151986945,6.697151117704568,60.02,122.1,85.9,1.93,Loamy Soil,orange
24.443130227330325,79.72628870538401,172.26702901129343,6.061173995191433,141.12,85.85,151.79,3.42,Clay Loam,cabbage
23.357049982608224,82.14180497736035,245.8231333660037,6.312222280799366,165.94,110.85,190.55,3.0,Clay Loam,cabbage
27.15513651525268,71.71346882874208,112.6272510452672,7.124054418746881,29.68,33.38,62.82,1.82,Sandy Loam,mungbean
28.904920285830936,84.65210678051763,129.48248715982024,6.917599139881649,33.36,42.01,63.489999999999995,2.03,Sandy Loam,mungbean
22.21957062,62.75839766,155.0653236,4.959787104,61.7,39.0315,49.87,0.83,Acidic Soil,tea
26.986315933922057,66.02311325859986,99.19918758840937,7.200086466007503,98.4,60.26,136.07,2.8,Clay Loam,garlic
25.9,60.6,75.0,6.38,108.93,61.16,125.21,2.67,Loamy Soil,shallots
29.47426426188491,73.79897950946167,110.03280055949298,6.213067667643779,27.97,67.14,88.92,1.09,Loamy Soil,peanut
24.18471151,68.48093882,163.2708732,7.045543056,65.34,142.474,140.81398,0.68,Loamy Soil,coffee
26.789415089070975,58.490268174299125,122.91530673831959,6.249263200106489,40.0,41.0,47.0,749.0,Loamy Soil,sweetpotato
21.06744107200857,81.24487232088757,203.64942746571703,6.4086760730469345,72.3,77.5,94.44,0.63,Loamy Soil,rice
36.86344297242539,94.46851766144347,104.77131091478594,6.770827781054397,67.9,149.617,145.12,1.11,Neutral Soil,papaya
26.37686212509849,60.671388426661565,195.46962607329127,4.597656862270137,70.65,38.39,49.52,1.44,Acidic Soil,tea
26.51591637444218,59.47360142844291,125.21751853937391,6.265442484493404,40.0,41.0,47.0,749.0,Loamy Soil,sweetpotato
25.494600141595093,67.27388818631074,73.94375811666814,6.610311472873695,89.74,67.07,101.27,3.0,Silty Loam,garlic
29.5085622755244,80.42733162111298,38.787228097672255,6.627424401112546,58.22,116.59,59.81,1.67,Neutral Soil,mungbean
14.098180507887747,94.44935244672725,108.74653085690228,7.953695637354403,57.29,57.7865,54.1455,1.11,Peaty Soil,orange
24.98470429722534,80.60035738824023,94.9642126372218,6.352160629989564,61.8395,63.24,59.36,1.12,Acidic Soil,banana
27.18185558222337,89.41362008604371,169.89789090481185,5.918855739755318,78.19,59.95,101.32,2.65,Silty Loam,chives
28.98333432,82.95958244,109.022564,5.829898502,64.56,51.27,52.42,1.84,Peaty Soil,banana
22.06389813,64.39173836,155.4178681,4.587211525,62.36,38.07,49.0795,1.34,Peaty Soil,tea
23.729258601877415,59.43419420700912,123.21550054292008,6.3278360576145465,59.61,63.41,70.25,1.53,Acidic Soil,coffee
27.5,81.1,219.0,6.16,148.21,89.78,165.58,2.5,Loamy Soil,cabbage
27.594451326888816,51.66840646476848,145.15464788974833,6.967669162960025,59.15,146.54737,144.267,1.77,Neutral Soil,coffee
24.645825803948817,78.31565904630263,168.02051862027062,5.848323567974229,103.44,102.09,152.23,2.56,Loamy Soil,chilli
26.50110631741822,91.62534099752756,143.81357358814472,6.79869765528542,72.57,141.86921,143.82323,0.75,Loamy Soil,papaya
23.6,68.4,96.5,7.13,104.8,66.3,117.14,3.65,Clay Loam,garlic
28.501469431179146,87.89940192358209,35.3441049640219,7.075502393755315,53.11,145.467,71.64,1.08,Loamy Soil,mungbean
26.53088319937877,72.57846921048525,44.24805024337737,6.59915621056426,89.88,63.92,144.47,3.27,Loamy Soil,shallots
25.2,79.4,120.1,6.72,38.46,52.61,78.23,2.44,Silty Loam,soybean
24.51123524931805,66.01935053106024,74.56679445526753,6.878493665930703,100.28,69.73,97.66,2.54,Clay Loam,garlic
23.35038660484419,93.44004392480699,87.5104962839763,6.968814456082074,58.79,141.94374,141.5224,1.95,Neutral Soil,papaya
29.5,69.2,60.9,6.46,15.08,54.12,71.46,1.2,Loamy Soil,peanut
29.4,81.7,153.1,6.89,83.68,55.77,91.56,2.79,Silty Loam,chives
29.541956646646717,86.94043523415468,37.99513498091667,6.547368296666821,57.37,103.58,51.82,1.75,Neutral Soil,mungbean
29.2,74.8,98.0,7.46,83.0,77.06,107.22,3.08,Silty Loam,garlic
35.80651051319667,52.3768253038301,90.77718522943036,4.957419218377294,61.57,38.69,44.91,2.05,Peaty Soil,mango
28.655324204656957,91.61485691923816,25.141292220236597,6.426874608931716,51.42,77.44,44.45,1.12,Acidic Soil,muskmelon
26.074794426798235,59.53655826983029,94.53004427360125,5.472208015227053,48.0,24.0,47.0,849.0,Sandy Soil,sweetpotato
29.819156417702906,50.293578656839315,94.9059882757673,6.773660215838722,57.16,114.67,106.5,0.57,Neutral Soil,mango
24.634358851010134,89.29740385261485,42.7431811845409,6.568610556222154,51.9395,103.17,52.27,2.19,Neutral Soil,watermelon
25.086458530338007,84.10900232398066,47.34556749440501,6.269476547028194,57.74,63.69,48.08,1.48,Acidic Soil,watermelon
25.383952299448502,63.63976564146702,186.0852074785897,5.721171383788644,39.0,21.0,23.0,836.0,Sandy Soil,cassava
26.457601197610042,81.19597762420558,99.17687623179887,6.2578584895437,22.49,31.229999999999997,55.09,2.48,Loamy Soil,mungbean
24.55318681058583,85.00096136474697,52.56341998717069,6.60107704193606,54.82,100.54,61.45,1.2,Loamy Soil,watermelon
29.77,64.44,197.8,4.64,26.0,29.0,41.0,787.0,Sandy Soil,cassava
29.11858526,92.12543021,24.52020164,6.413927319,53.65,77.16,45.58,1.84,Acidic Soil,muskmelon
27.45967669106371,86.31609652496176,179.36761131017434,6.91366775293624,70.15,53.25,80.13,2.57,Loamy Soil,chives
28.783615547510998,62.128861972137926,139.42070732720666,5.957712087154998,39.0,27.0,37.0,736.0,Sandy Soil,cassava
35.54334133,54.25964196,92.19721736,6.430139436,59.709,58.56,61.57,0.91,Acidic Soil,mango
19.32666088,68.034493,84.22969177,6.192360003,56.15,55.27,53.91,2.03,Acidic Soil,maize
24.40726724,62.65692638,148.6977358,6.410992833,62.63,61.91,73.66,1.37,Acidic Soil,coffee
28.71163540976403,92.23572575114902,26.843059454659567,6.698964102341341,50.93,111.93,49.41,1.32,Loamy Soil,muskmelon
33.11590175360116,67.56581703024386,178.93405369825962,6.779337872146475,35.39,60.05,71.04,2.71,Silty Loam,soybean
19.29563411,69.63481219,83.21030571,5.77597783,56.21,47.07,49.06,2.35,Acidic Soil,maize
29.9,89.1,222.2,6.87,77.48,47.97,93.18,3.07,Loamy Soil,chives
29.667221626725084,89.77661423345734,25.397121543562893,6.603231026736053,51.85,103.38,49.66,2.02,Loamy Soil,muskmelon
24.12832546,56.18107663,147.2757818,6.431899748,61.09,59.67,74.57,1.9,Acidic Soil,coffee
23.262158707659335,73.96322851753949,97.25416990852774,5.895119969762872,58.3,47.6,50.55,0.53,Acidic Soil,maize
23.56110792,58.64932753,213.4530574,4.621923702,66.39,37.4,51.97,1.83,Acidic Soil,tea
30.027634554975226,89.05701384671976,58.34764584518865,6.389024930784457,60.241,71.63,49.61,2.24,Acidic Soil,mungbean
26.567276601306332,84.62559203304818,110.71828906703035,5.621392793363386,60.75,50.79,51.57,1.92,Acidic Soil,banana
28.87762016906788,75.07992630030638,129.7218708189543,6.984367820150414,36.72,43.75,62.96,2.37,Loamy Soil,mungbean
27.98668421931107,51.841595937525696,124.03040744922835,6.306301957720971,56.64,55.66,63.269999999999996,1.23,Acidic Soil,coffee
32.0,76.5,127.0,6.27,30.92,45.76,58.44,1.59,Loamy Soil,mungbean
28.853395792429744,81.0042676339658,58.02617498597524,6.768520620288348,57.79,113.98,69.06,1.66,Loamy Soil,mungbean
26.7350622,55.55164819,140.6305213,6.119892347,61.6,48.94,64.8635,2.11,Acidic Soil,coffee
25.32590252354575,68.21218726645819,74.55813534401581,6.626327811438044,94.74,69.07,105.27,3.0,Silty Loam,garlic
29.023667423835622,69.11179239872385,191.44332299809463,6.845793828043232,26.53,49.25,61.43,2.78,Silty Loam,soybean
28.2753171,82.76020821,56.04995423,6.397636709,57.29,71.22,52.41,2.09,Acidic Soil,mungbean
31.8,72.2,104.2,6.77,21.82,44.89,78.51,1.92,Loamy Soil,soybean
27.335518216714124,67.91370707968643,85.38392268105652,6.046297550887645,85.11,71.68,114.88,2.47,Sandy Loam,shallots
27.11398694,91.34685096,25.08146686,6.375923383,53.44,73.91,45.36,1.31,Acidic Soil,muskmelon
28.451092659982333,70.71786430269529,123.79020661629677,7.11059798432872,35.73,38.31,66.34,2.17,Loamy Soil,mungbean
31.2,71.1,113.4,5.96,23.71,64.07,88.69,1.02,Sandy Loam,peanut
25.36768364,72.52054555,107.9124111,6.606984086,60.1105,85.36,76.61,1.18,Neutral Soil,maize
24.665882529011903,67.30536957180173,110.32634723356941,5.814293667516945,63.1,44.03,50.65,1.34,Acidic Soil,maize
14.78003032,91.22062116,101.1453817,6.118430299,57.5,61.04,55.15,2.21,Acidic Soil,orange
25.21559327287872,61.883455204075695,169.61288784348199,5.912247313140868,31.0,27.0,28.0,601.0,Sandy Soil,cassava
27.5,75.9,213.9,6.11,156.97,116.69,194.18,2.86,Silty Loam,cabbage
23.835106697012026,62.79746354780685,45.20445756622079,6.457567578311944,97.27,65.64,128.01,3.44,Sandy Loam,shallots
28.17478270825003,92.70170986551744,22.154393825410867,6.177291125654365,53.97,62.96,43.316,0.64,Acidic Soil,muskmelon
30.46728644175624,63.74460127825283,39.424753878139164,6.180092741408871,115.79,65.85,123.5,2.99,Sandy Loam,shallots
24.262819749460192,81.71678796958055,185.44898862908894,6.911955873426364,67.28,144.825,148.4889,2.31,Loamy Soil,rice
25.08239719,65.92195844,63.03219202,6.455116637,55.74,66.3,55.29,1.66,Acidic Soil,maize
18.106740776007534,68.43034333626699,86.58892493458595,5.713844436887111,57.26,46.88,48.58,1.79,Acidic Soil,maize
31.0,68.1,110.6,6.47,23.84,67.98,81.19,1.18,Loamy Soil,peanut
28.597992213831102,81.70251186821908,45.0920395079463,7.027083027563201,53.0,150.807266,134.23,2.17,Neutral Soil,mungbean
27.4,73.0,258.4,6.71,85.41,52.56,82.76,3.13,Silty Loam,chives
38.58081350198663,94.378665110313,219.56822441604598,6.512134923830439,96.47,95.58,108.16,1.88,Loamy Soil,papaya
25.97981747,71.96246617,79.84925393,6.247040422,58.35,58.67,54.14,1.44,Acidic Soil,maize
30.051219241571616,67.90942123491108,77.46671537554869,6.213251864133732,82.42,86.5,145.71,3.3,Silty Loam,shallots
28.084251318427096,81.42271638857538,235.20562559556728,6.582280455683631,126.39,93.5,153.29,3.37,Silty Loam,cabbage
23.24131289984486,58.90218283415867,242.66272323591681,4.820205376201211,71.29,36.88,52.61,0.62,Acidic Soil,tea
30.05021842825056,72.78972329921628,51.136612632887676,6.625421399798273,81.02,69.11,122.87,3.15,Sandy Loam,shallots
30.14098027987597,75.83467225739372,195.89966349198295,6.5019007176480885,41.74,51.53,67.77,2.59,Clay Loam,soybean
28.55225178324778,71.72935000920239,88.37060244924065,7.1124715986739195,21.53,31.85,50.14,2.47,Loamy Soil,mungbean
27.18659402814266,55.808313634792114,156.30308886451442,5.051860920009887,65.65,39.41,50.06,1.46,Peaty Soil,tea
27.217094933842063,86.06348993238184,49.516238580703195,7.17958359283201,54.6,142.154,91.36,2.49,Loamy Soil,mungbean
21.61299778,56.89640445,201.1799222,4.919827153,63.74,38.21,52.9,1.29,Acidic Soil,tea
26.6719835,76.48541655,91.73358569,6.275384607,60.8395,61.67,56.88,2.02,Acidic Soil,banana
25.16626621268932,53.19347006677023,128.5521831699047,7.1332481180883605,61.71,147.0820435,142.10644,1.31,Loamy Soil,coffee
30.39046854659444,70.15154531058147,35.15006942497344,6.536725187527541,112.18,87.14,127.15,3.2,Sandy Loam,shallots
31.1,79.1,189.2,6.67,20.62,51.01,71.52,2.46,Silty Loam,soybean
33.97525108769879,92.25562604676844,183.6641350719844,7.066991611218242,82.79,148.864,147.59,2.1,Loamy Soil,papaya
22.830785325569014,58.26737090711606,104.84557400402862,6.52798504892765,37.0,33.0,50.0,818.0,Loamy Soil,sweetpotato
27.4,78.7,179.0,6.87,33.17,45.35,61.76,2.59,Clay Loam,soybean
27.9,73.5,144.9,6.75,20.54,41.16,56.63,1.51,Sandy Loam,mungbean
23.8,66.5,86.4,6.8,75.24,50.51,127.48,3.61,Clay Loam,garlic
29.33593949452379,60.22797122477092,191.82554848318026,7.482552460553355,22.0,22.0,27.0,784.0,Loamy Soil,cassava
30.0,84.1,181.6,6.8,76.69,58.31,71.2,3.13,Loamy Soil,chives
22.835391727129675,62.4859236948139,155.88814340187085,4.800965835646194,59.18,40.58,51.62,1.54,Peaty Soil,tea
25.63005597697858,61.32635283165828,81.6332208301805,6.90739843745818,60.29,147.1194,141.66,2.46,Neutral Soil,maize
33.14058591339151,93.97675187562967,117.9375827905488,7.354244225528137,71.476,96.6,75.6,1.05,Neutral Soil,orange
22.45616931,91.52781832,118.0069295,7.57125447,63.47,78.07,67.54,2.08,Peaty Soil,orange
27.164710072000073,52.81323148111968,157.14428080941627,6.161323544193615,60.09,50.81,66.65,0.57,Acidic Soil,coffee
31.04906160882215,65.54127457024656,95.85526473518377,6.269754544377832,17.08,66.74,79.73,1.87,Sandy Loam,peanut
26.2,77.9,247.9,6.33,165.86,109.2,195.04,2.81,Silty Loam,cabbage
28.65003945,82.68752542,98.75084366,5.843163161,63.0,51.44,51.38,1.42,Acidic Soil,banana
24.42998931,86.33904774,48.58241822,6.678805092,55.69,110.64,60.17,0.8,Neutral Soil,watermelon
27.6,74.2,63.6,6.18,82.84,65.04,104.93,2.24,Silty Loam,shallots
29.65296893,88.48587386,56.01913159,6.5304707,58.17,86.54,55.91,0.69,Neutral Soil,mungbean
23.594146887763564,64.8841151828784,46.489561183534896,6.6800835914615435,86.26,60.62,109.63,2.06,Clay Loam,garlic
20.81911980168388,55.9227485122688,103.72622705805574,5.953452422890754,39.0,20.0,34.0,704.0,Sandy Soil,sweetpotato
28.04640838048332,74.26537348180543,170.17907125062558,6.18441188595248,128.83,83.13,134.92,2.25,Loamy Soil,chilli
24.791817675056073,66.80157431411135,157.4313684363589,6.515770851700181,24.28,51.1,73.88,1.6,Clay Loam,soybean
40.10207731,94.35110201,149.1199989,6.979102243,81.35,142.365,144.70722,1.06,Loamy Soil,papaya
22.569516122279076,56.83592332722555,76.98871322416564,5.72391080448997,41.0,24.0,35.0,846.0,Sandy Soil,sweetpotato
12.6729696618551,90.16810396691781,108.51222690107296,7.198921223008957,53.65,143.27377,142.68,2.26,Loamy Soil,orange
31.86790581685435,71.20206641385055,78.80888184799358,6.501506373819349,98.39,67.52,118.45,2.6,Loamy Soil,shallots
27.20376501,61.33330267,185.8214899,4.56939015,67.22,37.57,50.19,2.48,Acidic Soil,tea
25.6,82.2,147.3,6.66,132.09,108.96,171.58,2.38,Silty Loam,chilli
29.3132479224152,68.13680787502862,114.65167056525117,6.11291511978086,19.64,50.77,76.05,1.72,Silty Loam,soybean
23.514176449000015,57.90803694767016,123.64891324074718,6.843818845487,37.0,19.0,48.0,812.0,Loamy Soil,sweetpotato
28.651438502474495,80.67367671485785,116.1939151052308,6.665209101672649,35.69,40.79,60.44,1.72,Sandy Loam,mungbean
28.53910306798878,93.38506002493938,25.532398009309496,6.332301215234294,52.63,74.34,43.0,2.46,Acidic Soil,muskmelon
22.14224131807217,62.52810637916801,154.04444325245404,4.883984573356836,61.7,40.0315,47.87,0.83,Acidic Soil,tea
26.75541600939872,84.25068863256715,112.3785062413577,6.805721364306916,25.44,35.62,60.34,1.6,Loamy Soil,mungbean
28.4,80.9,116.1,6.38,21.05,36.49,69.27,1.6,Sandy Loam,mungbean
28.84,60.58,110.15,6.54,39.0,26.0,28.0,837.0,Sandy Soil,cassava
25.042029504194698,68.19959788524392,92.92374969352403,6.199099723216922,91.06,86.51,132.79,3.28,Loamy Soil,shallots
29.378996488674694,90.77882676964212,25.196962378133417,6.349891883097498,51.41,77.79,47.5,2.07,Acidic Soil,muskmelon
39.66421355506056,90.74626342513692,90.3108098469336,6.548912898989454,65.46,85.2,64.97,1.19,Loamy Soil,papaya
29.224922150699882,82.87747296359774,98.64236769705799,6.846582384818308,33.01,47.57,52.27,2.4,Sandy Loam,mungbean
20.2801937,82.1235421,191.9535738,7.236705436,69.2805,134.08,147.520955,1.61,Loamy Soil,rice
31.3,76.6,122.7,6.11,35.99,47.28,69.94,1.91,Silty Loam,soybean
25.372864050069406,73.4602861054662,179.3074901776194,6.38989395915513,142.7,120.94,126.16,3.01,Loamy Soil,chilli
25.023250724562647,73.85756400049998,45.49540290598779,7.222942464847922,109.34,60.15,94.36,3.13,Silty Loam,garlic
24.99451759,57.93250202,192.8736822,7.162802357,65.52,136.75,143.72024,2.04,Loamy Soil,coffee
28.28511547,88.4393979,48.56690235,7.130278657,56.75,143.546,89.71,1.23,Neutral Soil,mungbean
25.9,59.27,109.95,5.95,30.0,22.0,41.0,741.0,Loamy Soil,sweetpotato
28.4,66.7,164.4,6.12,37.93,41.79,78.16,1.69,Clay Loam,soybean
27.91921190295993,82.43933404478993,56.26348324115766,6.212749509585399,54.88,63.7525,48.42,2.36,Peaty Soil,mungbean
28.965324579262905,74.54674373045076,115.72435620301013,6.523056589230544,40.87,44.28,72.01,1.6,Loamy Soil,soybean
23.889456859050892,56.31745203378305,145.628006713851,6.431369986162362,62.09,60.67,75.57,1.9,Acidic Soil,coffee
21.880796679885904,55.23656192182958,92.64014105741813,5.793239747017459,32.0,32.0,39.0,833.0,Loamy Soil,sweetpotato
26.164909590240917,55.44382542714689,143.79308193959616,7.226203600424585,61.76,101.6,120.07,0.99,Neutral Soil,coffee
28.98262655771175,78.73371543608687,188.9931184783526,5.819883423569391,112.07,104.29,156.26,2.95,Sandy Loam,chilli
22.26689918035407,86.91896018094403,180.83414536582566,6.383504753239385,161.77,118.06,181.62,3.06,Clay Loam,cabbage
28.7362466730025,80.57706826428034,109.10583070716076,5.809697390925784,61.33,51.32,50.53,1.48,Acidic Soil,banana
28.910079003074593,78.48615606187165,92.15019581255783,5.5915660899932424,64.36,47.64,49.341,2.46,Acidic Soil,banana
42.84609252,94.63548176,78.8099639,6.691202286,67.75,121.94,74.03,0.73,Neutral Soil,papaya
28.66725136,79.59242542,118.2583441,5.986442306,64.9805,53.56,55.56,1.41,Peaty Soil,banana
24.92162194,66.78627406,108.5181845,5.750254943,60.1,46.03,51.65,1.34,Acidic Soil,maize
23.361004199140787,60.83469523145752,66.52542955836681,6.084945356258794,57.05,49.66,50.04,0.71,Acidic Soil,maize
28.713347487226695,79.93393247238268,120.08552806204361,6.52018797734477,22.44,34.28,66.97,2.06,Sandy Loam,mungbean
28.4,73.9,128.3,6.53,36.72,48.39,63.61,1.98,Clay Loam,soybean
21.66628296,80.70960551,210.8142087,7.062779015,70.48,140.6822,143.1364,0.95,Loamy Soil,rice
27.787868674916947,82.49129205650648,178.85992318696623,6.08720161127334,119.33,85.34,185.94,2.66,Silty Loam,cabbage
29.06785065,90.97685539,28.99196777,6.040559392,54.28,58.8005,43.96,2.41,Peaty Soil,muskmelon
26.61868873276684,50.25398557804048,127.01117171703596,7.1341874738049125,62.605,147.27,151.0319245,2.4,Loamy Soil,coffee
29.585890681945738,83.6024363909368,112.09805510473025,6.050315041783733,64.9805,57.31,52.85,1.95,Acidic Soil,banana
28.31193338,76.10953962,118.9970203,6.165001278,64.27,57.22,59.11,1.72,Acidic Soil,banana
27.17274779930093,72.95327447442881,260.1132211970404,6.7503764628091725,82.41,50.56,81.76,3.13,Silty Loam,chives
24.660612058378874,66.09579401484903,180.02115510774144,7.411587724312281,67.48,71.66,89.89,1.35,Loamy Soil,coffee
24.35590861,92.39651663,119.0417975,6.600948788,64.96,99.46,79.99,1.48,Neutral Soil,orange
27.752867272996202,58.58573879437937,122.27789046209087,6.748704324392925,57.56,110.36,114.96,0.83,Loamy Soil,coffee
25.770363515277356,90.58739434502907,58.37873890318782,6.685138098772894,57.8895,109.16,61.76,2.04,Neutral Soil,papaya
21.01944696,82.95221726,290.7103425,7.416245107,78.91,89.79,135.59,2.13,Loamy Soil,rice
28.215358374856617,63.30480899328068,82.47794388626734,6.1459315838247965,115.61,85.2,139.74,2.73,Silty Loam,shallots
26.0,76.7,145.9,6.0,39.04,50.86,72.63,2.56,Loamy Soil,soybean
28.44253912885468,87.91156762238242,59.584632976570475,6.342696127420966,55.01,67.68,53.38,0.84,Acidic Soil,mungbean
25.70822684,52.88667115,136.7325092,7.18915558,60.33,113.88,136.38,0.79,Neutral Soil,coffee
33.37460958693059,46.40570357178997,97.45393432961811,6.181072584156396,60.25,44.62,54.24,1.86,Acidic Soil,mango
25.9,59.27,109.95,5.95,30.0,22.0,41.0,741.0,Loamy Soil,sweetpotato
26.957052229080514,74.32690694968133,161.97958268449307,6.662267288690155,72.52,47.11,101.73,3.89,Silty Loam,chives
26.34220328833931,70.48106763792715,132.87394806777525,6.079233248795673,34.24,45.91,73.25,1.62,Clay Loam,soybean
24.909237245401364,72.4530547953653,44.13973353453961,6.527702332540288,112.18,80.63,118.35,2.95,Silty Loam,shallots
29.50051981137507,83.15959117445458,82.43078570088102,6.887094152897008,27.98,36.06,56.23,2.02,Sandy Loam,mungbean
27.33684386,88.50229102,51.09802625,7.033012777,56.87,145.3403,143.39,2.3,Neutral Soil,mungbean
22.088553909755596,82.09408809703878,228.73139501067612,6.7643364342251635,157.85,80.32,181.13,2.97,Silty Loam,cabbage
29.54509087008508,75.37197914797244,205.24279273826568,6.7377667703854645,87.62,51.45,95.9,2.69,Silty Loam,chives
28.09577643,77.79586769,109.5408614,5.63127166,63.3,47.05,50.67,1.02,Acidic Soil,banana
27.35003104,47.67525434,95.85118326,5.699586972,56.86,41.0,49.83,1.95,Acidic Soil,mango
27.706445386787205,90.00040939614354,28.993917647009315,6.204465316430959,50.95,63.01,46.5,1.51,Peaty Soil,muskmelon
41.04224355,91.37258067,181.527598,6.805277038,87.82,149.099313,141.14583,2.0,Neutral Soil,papaya
25.032577275451636,91.01822869700842,119.24260964428287,6.813800832562737,66.88,145.232233,126.06,1.52,Neutral Soil,orange
21.28167592837875,81.18642356846998,187.12821335733884,6.424331250300919,69.2805,74.3,84.36,0.79,Acidic Soil,rice
32.58584281352705,94.5010597577571,118.09242138626495,6.208389908704699,68.476,66.99,61.53,2.36,Acidic Soil,orange
26.532190737489366,56.44092967371977,151.91726004627253,6.681398949481922,64.83,99.22,123.2,0.71,Loamy Soil,coffee
28.985344361244337,79.22665662125307,192.37619090527897,6.731780303145071,31.759999999999998,45.29,69.78,2.75,Silty Loam,soybean
29.542672571925653,74.45431792617275,107.55205435209868,7.203349508294519,35.01,50.15,65.91,2.17,Loamy Soil,mungbean
26.96,60.58,118.84,6.56,23.0,23.0,24.0,670.0,Loamy Soil,cassava
29.46416042,87.60890009,43.15411472,6.978400282,56.19,140.572,144.764698,2.31,Neutral Soil,mungbean
29.957962515210856,80.45779126843009,104.67396025952789,6.616664842955166,28.69,39.95,57.28,2.47,Loamy Soil,mungbean
31.6,76.5,104.1,7.12,24.23,48.24,51.56,1.67,Loamy Soil,mungbean
29.175010475523006,77.18945808049855,101.37469204066943,6.420094054151354,65.38,65.82,63.43,1.79,Acidic Soil,banana
24.771784780691608,91.6610721290148,119.75487319045321,6.598534247637519,63.959999999999994,101.46,80.99,1.48,Neutral Soil,orange
27.949280415797414,75.830967593899,159.95086553943636,6.724317481483739,29.78,55.41,62.86,2.21,Clay Loam,soybean
25.15623099,80.45467276,55.49541453,6.862157042,56.23,145.365,93.68,0.55,Loamy Soil,watermelon
29.2,66.8,68.8,7.08,86.68,70.21,111.23,2.68,Silty Loam,garlic
28.075880904535502,82.1346112289569,42.50939563657975,6.416275769712395,55.68,74.2,48.26,2.43,Acidic Soil,mungbean
25.41864024,81.12122989,49.52320689,6.286387658,55.67,64.1,49.25,0.97,Acidic Soil,watermelon
31.63517563815929,85.42008062768306,231.51351280995357,6.489613119286746,101.28,89.7,173.45,2.42,Silty Loam,chilli
30.1,65.0,35.2,6.37,86.47,85.94,108.38,2.63,Loamy Soil,shallots
25.99580176269734,75.24087801379275,96.15226606060428,6.4545557726537695,24.5,35.82,61.5,1.8,Loamy Soil,mungbean
26.104062413287988,66.5307834308958,66.96338473695879,5.964497919303782,100.51,78.53,147.65,3.41,Sandy Loam,shallots
27.16568232086315,86.02803664892987,43.72228102936081,7.057148683331117,54.79,149.807266,143.643,1.16,Loamy Soil,mungbean
27.53632932,89.71960682,45.48591922,6.619891498,56.26,100.98,55.96,1.94,Neutral Soil,mungbean
28.8,80.7,139.3,6.78,28.04,43.14,58.49,1.65,Loamy Soil,mungbean
27.3,70.1,213.1,5.69,134.46,92.37,161.93,2.63,Sandy Loam,chilli
26.3,75.8,100.1,7.07,29.95,34.93,69.52,1.92,Sandy Loam,mungbean
26.912028694384333,85.38032598373465,90.96534760181834,6.360657899130598,64.67,73.41,61.77,1.09,Acidic Soil,banana
22.9662855766526,56.073391207387786,172.86885886833204,6.14967420417911,60.3,48.0205,66.8635,2.11,Peaty Soil,coffee
29.27033867259197,93.40877469811315,26.607088480647523,6.222999225969642,52.17,65.03,42.31,2.36,Acidic Soil,muskmelon
30.86764349477153,75.73038585234275,120.82721634068191,6.394498901344752,35.85,46.43,49.42,2.18,Sandy Loam,mungbean
35.863891701425594,52.41562858373173,99.17821936172525,5.47023696365132,62.709,41.71,50.33,1.11,Peaty Soil,mango
26.2,79.0,157.9,6.27,133.08,81.08,150.67,2.68,Silty Loam,cabbage
25.977187862227442,83.51934738665128,272.92419302701734,6.256156942584871,84.4,64.34,92.71,1.21,Peaty Soil,rice
24.378232037769507,68.80839258884191,85.28671152206825,7.037947661869744,99.11,52.82,108.46,3.54,Clay Loam,garlic
25.71895816,67.22190688,74.51490791,5.588426629,57.16,43.91,46.85,0.65,Acidic Soil,maize
27.40053601,82.96221306,104.9378,6.276800323,63.25,64.41,59.35,1.26,Acidic Soil,banana
29.666382897138792,85.01793332244947,142.30509364967065,6.63168779940557,36.44,40.89,61.1,1.68,Sandy Loam,mungbean
30.610094468481535,83.7547027469455,133.68598344787443,7.136486595757075,20.75,32.13,59.16,2.29,Loamy Soil,mungbean
20.72038641484572,83.09316504847843,232.18151978633446,6.2281454841703345,74.54,62.25,81.67,2.26,Peaty Soil,rice
23.495223759202158,86.30875611420954,230.95669017820336,6.395823384206434,67.03,43.18,82.51,3.36,Silty Loam,chives
33.709865227103336,93.27877954648496,103.86842844893054,7.159038710278658,69.6,144.27732,125.59,1.11,Neutral Soil,orange
23.298035591150384,60.670330340386336,192.97672286410562,6.6425124357017395,64.19,93.94,134.04,2.04,Loamy Soil,coffee
30.160177492939866,64.24518661468906,119.96844347485226,7.444310091315063,21.0,25.0,25.0,711.0,Loamy Soil,cassava
29.42156793,76.98740841,91.99964712,6.257369799,61.77,61.1,56.52,1.24,Acidic Soil,banana
28.8,80.6,116.9,6.65,32.69,39.79,59.44,1.72,Sandy Loam,mungbean
25.14736487,81.38204104,118.9970203,6.098369122,63.55,57.08,57.63,0.54,Acidic Soil,banana
11.02134028,90.19147747,106.6955204,7.401121811,56.2595,97.45,75.47,1.91,Loamy Soil,orange
21.38595762782802,63.000736673281104,214.6174347679958,4.559298030047345,65.38,38.77,50.66,0.64,Acidic Soil,tea
27.521444864170643,86.83776131039434,54.207482811889506,7.1696922300235855,54.32,149.6912,78.38,1.21,Loamy Soil,mungbean
35.611279680095535,91.96143368805221,239.9949389744108,6.866813469694597,91.51,144.842,150.097,1.18,Neutral Soil,papaya
25.41603944095001,58.714166828691106,157.41168704118397,4.927345732690962,59.86,39.64,49.23,1.77,Acidic Soil,tea
29.688717939830013,88.05549919145223,40.425170518025176,6.963854237151706,56.07,148.098,138.61351,1.13,Loamy Soil,mungbean
23.80546189,59.24537979,89.9622014,5.715208817,57.05,43.83,49.34,0.59,Acidic Soil,maize
23.40479620231223,64.83802145983138,185.5790543049519,6.413527656358573,68.92,62.33,81.88,0.53,Acidic Soil,coffee
26.7,72.7,92.5,6.99,89.68,58.36,94.02,3.48,Silty Loam,garlic
29.48310557951066,48.476726306192326,96.87880371271937,6.790489173206705,56.8,115.824,109.787,0.58,Loamy Soil,mango
27.8,86.9,179.7,7.0,67.15,51.25,81.13,2.57,Loamy Soil,chives
28.792988374433165,89.79431014057339,57.27175340115558,6.43037165130735,57.241,77.18,51.28,0.58,Acidic Soil,mungbean
29.91541281788742,75.13242349828266,147.7386645015518,6.408496073964898,37.47,44.58,76.13,1.71,Clay Loam,soybean
27.58103975,67.96910852,120.5985918,7.079850922,62.15,142.88594,149.0319245,2.35,Neutral Soil,coffee
23.802472276430237,70.49868835838045,245.97648054375057,6.499306681632711,102.72,83.19,150.45,2.62,Loamy Soil,chilli
24.83139816217011,86.48019336199808,53.42980826482116,6.3132910600220224,53.33,63.0,48.05,1.03,Acidic Soil,watermelon
21.7179317565145,57.00430450518397,110.44283317709848,6.329253876139863,41.0,19.0,39.0,711.0,Sandy Soil,sweetpotato
22.891669158879683,84.3412486081087,202.83749875379448,7.5986939868170555,68.19,79.93,89.12,2.15,Peaty Soil,rice
25.219180009799192,81.52915464593228,153.1936654161357,5.758367691093116,145.94,103.71,131.54,2.84,Silty Loam,chilli
26.086459252365465,58.86211651548916,95.75963187415744,5.609494552287332,43.0,24.0,47.0,849.0,Sandy Soil,sweetpotato
27.44788054627282,59.03574520876801,155.7486251684204,4.691277871620212,64.46000000000001,36.76,49.08,0.63,Acidic Soil,tea
22.57369307259931,57.52802530973205,78.5260381604516,5.6123679346477084,43.0,24.0,37.0,846.0,Sandy Soil,sweetpotato
26.24378862413166,82.01511258008236,53.603689042011624,6.386068178039735,53.45,67.53,52.74,2.38,Peaty Soil,watermelon
28.43988996453531,80.73995331299413,40.35857028807568,7.0800297996692905,54.93,145.0588,146.764698,0.97,Neutral Soil,mungbean
33.5,72.5,92.7,6.28,15.13,51.82,76.54,1.07,Sandy Loam,peanut
23.73017938346623,67.66077360314668,170.18681566693087,6.839591217688504,67.38,111.02,128.32,0.81,Loamy Soil,coffee
32.0,72.7,108.0,6.06,19.73,55.31,76.68,1.93,Loamy Soil,peanut
27.250494540674776,66.23687292514761,119.26812036435732,6.098456238057571,14.11,53.27,76.26,1.02,Loamy Soil,peanut
26.5786796067818,95.29185295788564,115.98011299510358,6.3293888208492595,65.22,68.65,62.71,1.53,Peaty Soil,orange
25.17787724,62.26244581,135.0119649,6.647765997,61.76,83.03,91.11,2.26,Loamy Soil,coffee
32.83228259140817,93.86539592245369,51.75862935809975,6.7287528497264715,59.73,127.0,65.02000000000001,0.92,Neutral Soil,papaya
26.744486294247817,69.28244462327284,77.08824540217294,6.785593668500542,79.98,66.2,122.37,2.31,Silty Loam,garlic
24.029701593172117,73.8344151481368,159.9666482022743,6.114179642654426,83.26,55.06,83.79,3.63,Silty Loam,chives
25.70965934343117,66.42463659044121,36.57582637524076,6.114807236136944,84.18,74.82,133.4,2.19,Loamy Soil,shallots
26.537345293903282,74.04852744618512,49.96866269462365,6.530557416471466,92.07,54.6,91.99,3.54,Clay Loam,garlic
29.48599922387909,93.8977361603529,101.5944518683812,7.293745474522652,64.18,105.56,74.77,0.7,Neutral Soil,orange
27.9,80.6,208.5,6.65,61.95,54.4,97.57,3.01,Silty Loam,chives
27.68167318,94.47316879,113.9995146,7.199106204,66.56,141.0194,116.34,0.79,Loamy Soil,orange
28.4,74.0,69.4,5.95,21.25,58.54,74.66,1.3,Sandy Loam,peanut
25.2,65.9,159.0,6.59,22.28,53.1,74.88,1.6,Clay Loam,soybean
24.86559012545136,90.27329717362107,45.48151992719116,6.536193819021072,58.43,81.35,49.69,0.66,Acidic Soil,watermelon
26.5602777,57.1621814,152.0616227,6.759211911,62.83,101.22,124.2,0.71,Loamy Soil,coffee
23.5860639367781,71.47904182400342,234.4130097602152,6.891665547149667,84.33,44.67,79.22,3.3,Loamy Soil,chives
33.75029495999469,93.63718234471851,183.90502943720298,6.935818279935542,80.79,148.864,144.59,2.1,Loamy Soil,papaya
25.386223708926394,87.40666663168459,235.81498224259235,6.23218153568461,122.19,108.99,187.9,3.69,Loamy Soil,cabbage
28.53161187790389,90.9752402410105,19.94051283085962,6.2449656302890295,54.01,61.59,45.32,2.03,Acidic Soil,muskmelon
32.83458205877205,73.1651026931421,79.58799589220482,6.095006004682099,27.44,68.62,68.66,1.53,Sandy Loam,peanut
28.919854651001977,80.49383820321795,114.48537924864634,6.5300867078672935,27.23,33.15,54.62,2.21,Sandy Loam,mungbean
28.98,63.66,128.52,7.21,29.0,19.0,45.0,690.0,Sandy Soil,cassava
22.407116643355877,88.51347533642358,179.7368525697036,6.390534566950444,172.76,84.81,177.17,2.55,Loamy Soil,cabbage
31.868147164858172,49.36577360688398,89.11361068272663,6.452302919054357,54.78,58.51,61.16,1.51,Acidic Soil,mango
26.6,76.8,123.8,6.95,31.69,37.96,50.71,1.84,Sandy Loam,mungbean
25.97981747,66.20569924,107.2361366,6.655426355,60.1105,87.64,81.5,1.5,Loamy Soil,maize
30.017398223153606,64.30414224804447,197.91952950694338,6.781227838162489,20.0,19.0,41.0,760.0,Sandy Soil,cassava
25.94807857833828,62.502060105879856,193.51424140178966,6.9834747820828,66.58,141.3331,145.92345,1.06,Neutral Soil,coffee
24.865086370198366,78.57803816701654,138.96497896035788,6.21574420736522,107.31,97.11,139.83,1.97,Sandy Loam,chilli
23.836859190258377,93.54168486279454,231.13654993350204,6.662412782695664,77.04,149.16,142.88451,0.64,Neutral Soil,papaya
31.887717533962025,44.854533219782056,90.42224393134978,5.415342230671793,54.38,39.63,45.71,1.1,Acidic Soil,mango
24.727466611862646,90.12767359718676,56.66571746590466,6.707966961247193,56.13,146.19,72.34,0.56,Neutral Soil,watermelon
26.03529006796795,73.17934416915705,131.360953570432,6.870585771638192,20.82,33.12,55.44,2.43,Sandy Loam,mungbean
29.65768717866258,50.331161964491926,94.06978817826825,6.029096121641018,54.84,48.13,55.76,2.14,Acidic Soil,mango
26.1,75.0,95.2,6.75,80.63,69.32,102.58,2.57,Loamy Soil,garlic
26.62033829622772,87.54371463106692,47.49234982353643,6.734230815132036,58.19,134.36,63.06999999999999,1.34,Loamy Soil,watermelon
28.47090661,94.79016045,21.08484101,6.494251024,53.16,86.23,45.56,1.39,Acidic Soil,muskmelon
27.95639663,83.52706038,43.25726752,6.921993878,55.61,146.297,113.94,1.35,Neutral Soil,mungbean
33.8805317665092,52.29648297783746,98.10324141519996,5.412960048437331,57.67,41.59,49.87,1.28,Acidic Soil,mango
26.9,79.8,127.1,6.48,30.74,49.03,60.45,2.21,Sandy Loam,mungbean
21.373666105701165,80.1030283896616,198.81379976410935,5.500051033260799,66.2805,48.15,57.85,1.94,Peaty Soil,rice
21.77046169,80.31964408,226.6555374,7.038096361,72.02,141.824,141.6978,1.4,Loamy Soil,rice
22.65417477402314,60.9005773558003,192.34596781862427,4.583521917983464,63.540000000000006,36.52,52.68,0.94,Acidic Soil,tea
27.26268790072366,62.134404057744156,192.02451954276788,5.438457452098606,33.0,26.0,39.0,842.0,Sandy Soil,cassava
24.17298839,83.7287574,257.0343554,5.583370042,78.9,47.73,64.19,1.41,Peaty Soil,rice
25.60770862866813,79.23547903431975,164.35719452820697,6.620904763118294,144.44,115.03,136.8,2.46,Loamy Soil,chilli
27.499609778881673,89.55299294573234,21.52881242110429,6.39017421939464,49.98,74.54,42.68,0.69,Acidic Soil,muskmelon
26.76164936527928,73.30782584789192,197.72819238552026,6.297536783928737,116.37,94.2,129.33,3.04,Silty Loam,chilli
24.854640069497698,85.17499604525639,40.82554774073008,6.228295188800834,51.9395,61.2,45.11,2.2,Peaty Soil,watermelon
24.069955087212893,78.07046360267256,221.01901457802538,6.781981388298129,146.78,115.75,138.04,2.2,Silty Loam,chilli
26.27520631,86.63249555,54.38748495,6.932547356,56.88,147.812772,123.920105,0.94,Loamy Soil,watermelon
23.3,58.12,122.95,6.77,37.0,21.0,50.0,812.0,Loamy Soil,sweetpotato
26.5,67.6,85.8,6.13,91.37,63.99,106.87,3.41,Sandy Loam,shallots
28.767646156029972,76.35094774887415,126.31324018049996,6.964820317652408,36.72,42.75,62.96,2.37,Loamy Soil,mungbean
24.86351858086288,82.42176506585041,230.34448785920483,5.160049856760973,78.88,43.92,58.0975,2.41,Peaty Soil,rice
30.149790229472423,78.38197814024394,279.7870503637307,6.223855080844133,80.63,56.07,83.87,2.84,Silty Loam,chives
29.321257998936506,71.2470017559107,91.79592555366858,6.913296698651101,34.54,45.04,50.15,1.51,Sandy Loam,mungbean
43.29932228096257,90.68436605185903,196.3517280680398,6.919003723114021,92.15,139.051,147.2061,0.79,Loamy Soil,papaya
28.7420098,85.81675947,48.54598575,6.452006451,56.65,76.98,51.81,2.17,Peaty Soil,mungbean
20.64645031776533,82.1963276182144,243.27571995022194,5.645579941359246,73.6,51.41,66.18,2.32,Peaty Soil,rice
29.50614812863533,60.951134868596455,87.67770087092005,6.484593760703075,101.35,79.8,117.29,2.42,Sandy Loam,shallots
31.264580034920577,68.5631789742924,72.57498984163212,5.718738108533075,20.09,57.64,84.41,1.94,Loamy Soil,peanut
29.90762985230127,69.95944790706497,89.21159431759357,6.925210334001394,32.54,44.04,52.15,1.51,Sandy Loam,mungbean
25.18780042,83.44621709,46.87420883,6.818261383,55.47,147.812772,74.39,1.26,Neutral Soil,watermelon
25.296295566142774,77.01351347204371,196.66585316906594,6.835684002948917,32.66,55.08,61.57,1.57,Silty Loam,soybean
26.52723513,81.41753846,264.6148697,5.386167788,81.75,45.13,61.86,2.08,Peaty Soil,rice
29.168467435009287,86.02108417283414,52.0627160335866,6.537265639255412,56.5,93.36,58.7,1.04,Neutral Soil,mungbean
25.2,85.6,290.3,6.74,80.75,44.1,74.96,2.5,Silty Loam,chives
25.590155980093595,83.30603089457962,49.38852177034323,6.280881119648838,56.76,61.15,50.47,1.12,Acidic Soil,watermelon
30.02975868610829,67.52329219256954,78.01914615348129,6.277765722435304,85.42,83.5,143.71,3.3,Silty Loam,shallots
27.52955077020789,88.76190095766732,264.4075993792379,6.175744718860781,62.04,48.16,86.83,3.82,Silty Loam,chives
25.37248274311636,93.3887904283592,174.96846286452924,6.793650989460271,69.85,143.16559,148.115295,0.81,Neutral Soil,papaya
28.210807319190604,81.2868511844047,37.66262821303227,6.732677956463692,54.88,128.73,63.25,1.39,Neutral Soil,mungbean
33.25455536183306,72.98034681612441,130.74617780846373,6.101642663095085,32.11,57.62,76.48,2.23,Silty Loam,soybean
31.380770106515328,47.897308542686325,92.70050300246467,4.574149783009612,60.95,37.324,47.3595,2.42,Acidic Soil,mango
30.071196220924367,77.26373422649137,163.93368212798495,6.586741951449981,31.57,46.19,74.57,2.38,Silty Loam,soybean
29.6,72.4,90.6,6.4,17.4,54.31,82.79,2.01,Loamy Soil,peanut
25.70878286588598,83.43320494689235,114.5422856549821,5.985500990564786,62.9,59.5,54.58,0.92,Acidic Soil,banana
26.167660796382847,72.14691360989181,130.4869944473727,6.794382858803716,19.82,35.12,58.44,2.43,Sandy Loam,mungbean
27.33336532026068,74.14169993888031,104.08676265181944,7.312452084122315,94.63,54.75,107.07,2.06,Silty Loam,garlic
24.691561359188324,64.58613265744107,74.18251208639612,6.816131128019013,99.28,72.73,95.66,2.54,Clay Loam,garlic
23.53357017892499,59.37957056275697,90.77773145562317,5.633423308633153,55.05,43.83,51.34,0.59,Acidic Soil,maize
29.131518749769356,83.76871155298878,85.22550253080026,7.072704786482571,24.98,37.06,56.23,2.02,Sandy Loam,mungbean
23.180548901222053,69.5595191778787,225.31578406884216,6.315370545312057,70.67,42.29,83.75,2.69,Silty Loam,chives
29.8,75.9,97.3,7.16,29.82,47.99,64.37,1.94,Loamy Soil,mungbean
24.381064675526723,74.76758882005973,245.0225505193233,6.184888210632426,124.64,95.44,173.0,3.24,Silty Loam,cabbage
26.2,72.6,43.4,6.53,92.88,62.92,145.47,3.27,Loamy Soil,shallots
27.91,62.62,185.01,4.52,27.0,28.0,48.0,707.0,Sandy Soil,cassava
28.437550777267692,93.7036657612775,114.27095293916737,6.089811834332004,65.54,58.3,57.54,2.16,Acidic Soil,orange
23.29235578,56.92431128,229.8478065,4.619441417,66.93,37.17,52.87,1.58,Acidic Soil,tea
34.10811339611838,65.95704108891135,91.01243413329173,6.373570025912243,25.34,68.92,72.86,1.53,Loamy Soil,peanut
25.11711046,68.48030408,194.8773479,7.00733163,67.611,147.0820435,149.02861,0.99,Loamy Soil,coffee
25.291728576007177,75.1797862693633,138.12531889283304,6.791028621909571,33.46,49.22,69.63,2.4,Clay Loam,soybean
27.8262623,88.73100226,56.68833819,6.320768488,57.78,69.19,51.13,1.06,Acidic Soil,mungbean
21.73638527683966,81.10137064452312,186.236377569413,6.408198194249409,70.2805,72.3,84.36,0.79,Acidic Soil,rice
11.782996300354,94.33086139061089,104.18217513223128,7.0398849871354985,55.55,142.0629,139.413,1.0,Loamy Soil,orange
18.733723756715868,73.27517731238817,93.0694767617386,6.154767323696912,54.41,53.64,53.85,1.51,Acidic Soil,maize
29.76945009981014,94.54723664374274,22.6237918648338,6.693461197442823,50.28,123.68,50.4,1.28,Loamy Soil,muskmelon
26.40527972087593,89.81013857382098,188.23808330646239,6.418548585188323,123.03,108.13,150.11,3.65,Clay Loam,cabbage
30.59260734865531,78.34534788471748,80.08999974964541,6.579489286170115,26.53,34.4,68.33,1.51,Loamy Soil,mungbean
31.89356292,49.02450149,89.97405421,6.4841522,57.78,58.51,63.16,1.51,Acidic Soil,mango
23.58779612582907,56.8845750399925,122.26097288663928,5.688420395982475,33.0,24.0,33.0,773.0,Loamy Soil,sweetpotato
28.92653286338451,47.292615342977655,101.54416718574451,5.727960326270824,55.7,38.77,50.98,1.21,Acidic Soil,mango
28.280009569062642,88.80700668291543,168.45842388081334,6.120684428730805,63.07,49.06,96.47,3.41,Loamy Soil,chives
28.04943594,90.83130708,20.76223014,6.562832807,52.97,92.33,46.33,1.33,Loamy Soil,muskmelon
27.51492243,94.79016045,21.01796432,6.685553129,53.05,120.6,48.91,2.13,Neutral Soil,muskmelon
29.57329479,88.07505524,45.04467075,7.16602455,56.52,141.354,70.11,0.86,Neutral Soil,mungbean
26.33544853,76.8532006,118.6858263,6.190757459,63.35,58.49,59.56,1.97,Acidic Soil,banana
31.269050197381002,67.67070635739178,193.36258137161602,6.952290975128199,25.75,46.68,76.01,1.65,Silty Loam,soybean
22.1,80.3,245.1,6.39,133.52,106.48,156.96,3.98,Loamy Soil,cabbage
29.517770085709788,80.585020305351,130.93749661597496,6.822851345866666,23.67,42.06,56.97,2.28,Sandy Loam,mungbean
27.11030175,84.96771717,51.52617423,7.121571293,56.59,142.08594,96.51,0.81,Neutral Soil,mungbean
25.434833007753546,81.76025699763473,122.53313696768721,6.16529588837092,136.63,88.52,161.15,2.13,Loamy Soil,chilli
25.17673885981678,89.44732807043563,212.69856141444043,6.413967595613521,140.73,101.67,176.41,3.65,Silty Loam,cabbage
29.86895569,89.71503316,42.99498978,7.165121109,56.41,147.34957,74.72,1.65,Loamy Soil,mungbean
23.138248890756753,58.98945328143963,123.53775665046433,6.701336289548057,34.0,21.0,50.0,812.0,Loamy Soil,sweetpotato
22.3,80.5,205.4,6.64,136.21,107.69,160.58,2.89,Silty Loam,cabbage
24.98788587535024,86.77494558120452,57.320771593385786,6.679662229540058,55.23,91.7,58.17,0.97,Neutral Soil,watermelon
28.49965878188432,59.33661794007199,139.74190839951345,5.109006012892292,28.0,23.0,35.0,717.0,clay,cassava
24.3,77.2,227.3,6.05,138.57,106.59,135.06,2.0,Sandy Loam,chilli
30.00121723935307,71.36109601715866,100.79339427787713,6.935161113821881,23.97,37.65,54.97,2.36,Loamy Soil,mungbean
26.82060057,89.4138489,58.54876687,6.260838965,57.6525,66.29,50.56,1.49,Acidic Soil,watermelon
31.7,67.6,70.8,5.81,21.09,55.64,86.41,1.94,Loamy Soil,peanut
26.593646098162058,65.59336343251304,183.5928109598991,6.333778285613063,38.55,53.21,76.08,2.19,Loamy Soil,soybean
23.55,59.47,118.89,6.56,41.0,34.0,51.0,805.0,Sandy Soil,sweetpotato
26.5,79.1,138.0,6.96,33.13,58.67,75.88,1.77,Loamy Soil,soybean
30.137932865738374,51.94048142571418,97.29865124745584,5.237729491312972,59.27,36.65,45.06,2.38,Acidic Soil,mango
23.468007416503273,86.03897386262793,165.19450226895532,6.103947537096462,144.74,80.91,165.98,3.81,Loamy Soil,cabbage
23.97898217,81.45061596,250.0832336,7.50283396,77.14,78.59,106.31,1.88,Peaty Soil,rice
27.998577047987045,50.79698408099379,142.7154888490041,6.8936708306102865,63.15,147.54737,144.267,1.77,Neutral Soil,coffee
26.22916897,83.83625819,286.5083725,5.543360238,83.536,47.27,66.23,0.52,Acidic Soil,rice
26.74755773697851,90.98029387099443,24.4051857064223,6.449444218014588,53.25,80.67,45.72,1.19,Acidic Soil,muskmelon
27.370355283915366,84.3619100523312,55.24796868189291,6.601861595863233,58.0,101.51,59.25,1.28,Neutral Soil,mungbean
26.84148633425521,62.5063067871333,229.17249889503515,4.5932208233216825,72.18,39.85,52.57,0.98,Acidic Soil,tea
26.0,63.8,35.1,6.26,114.2,60.36,130.01,3.31,Silty Loam,shallots
26.938980351260952,75.9195431137986,122.54920751529991,6.903827238116993,33.69,39.96,48.71,1.84,Sandy Loam,mungbean
26.60079975979549,90.87480130547885,143.74320059266495,6.772484253296102,70.57,142.86921,142.82323,0.75,Loamy Soil,papaya
30.10773379,90.34546355,75.24521981,6.827812549,61.37,140.18427,98.27,1.37,Loamy Soil,papaya
25.97981747,72.89187265,73.33636055,5.787268394,57.88,48.03,48.06,0.83,Acidic Soil,maize
24.1,71.4,38.8,6.01,99.17,85.73,124.48,2.32,Silty Loam,shallots
32.47800638386137,50.62112584867102,95.43848644242745,6.2627382972406505,55.79,51.09,59.4,0.77,Acidic Soil,mango
27.7,70.9,290.7,6.68,65.56,56.06,75.39,3.96,Loamy Soil,chives
25.61232600982306,61.843988527237684,194.61511412965038,7.283319942636067,65.23,98.37,131.5,1.67,Loamy Soil,coffee
21.886732805434278,61.65952051812851,108.64301750410134,5.851960711303464,59.07,46.16,53.44,1.73,Acidic Soil,maize
27.324389216385637,83.48703043388164,47.461522090595494,6.9245858797758,54.19,145.577,95.12,1.73,Loamy Soil,mungbean
29.247706775971086,70.82846154581915,47.84070157613871,6.2766708181476245,102.48,63.519999999999996,134.42,3.3,Loamy Soil,shallots
37.58899717,91.99740365,159.6577388,6.9677596,80.67,149.064,144.952,1.74,Neutral Soil,papaya
25.04337470226109,73.22037896225685,97.44714598013141,6.642792527041544,56.72,90.78,76.46,1.57,Neutral Soil,maize
24.856328332468347,84.73559413241868,47.99856357801076,6.104246522277534,58.74,59.69,49.08,1.48,Acidic Soil,watermelon
11.326401765961524,90.41737099282244,117.40647176887846,6.235617232236808,57.2595,65.74,61.43,1.85,Acidic Soil,orange
26.778287412393357,81.14636280179572,291.0834945953759,7.027310586043647,85.536,140.6931,146.520955,2.15,Loamy Soil,rice
30.11843859301907,64.11594022085063,44.43595752562407,6.418929257169217,83.93,89.93,122.52,2.39,Sandy Loam,shallots
32.0,73.0,136.1,6.44,34.12,32.4,54.54,1.68,Loamy Soil,mungbean
25.857324367439052,64.72110322937128,131.85796310133117,6.9124371775885605,25.0,25.0,43.0,845.0,Sandy Soil,cassava
25.24937976643137,86.66772487723047,264.21684721866444,6.491664682643315,80.8,47.53,85.14,2.65,Loamy Soil,chives
34.89226666,48.75613373,91.63074547,6.414526606,58.66,54.98,60.87,1.36,Acidic Soil,mango
25.04,55.6,83.98,6.85,35.0,35.0,46.0,756.0,Sandy Soil,sweetpotato
30.09257475651266,80.87162944605947,55.22002612292797,7.117060382052627,55.29,147.9918,101.87,1.07,Neutral Soil,mungbean
26.66349859507378,87.3793201810527,57.27708436938952,6.44602705408189,59.6525,76.42,52.75,0.66,Acidic Soil,watermelon
25.620766839836513,70.10925967806983,100.48268057608004,6.821266438945608,61.99,143.21743,142.688,0.7,Loamy Soil,maize
28.130513278172536,77.87216870646215,143.6861944082559,7.0685997984556295,33.59,30.29,67.48,1.63,Loamy Soil,mungbean
23.700534409199744,64.55494502877346,205.30560600198913,4.59892756169602,69.59,39.97,52.36,2.31,Acidic Soil,tea
26.243271196287438,63.907519062149,33.9137341221986,6.193426192079681,117.2,60.36,128.01,3.31,Silty Loam,shallots
31.446904693875656,72.17575801209388,57.2553554599962,6.631111333441936,84.42,65.9,115.74,2.1,Loamy Soil,shallots
29.1713514018448,73.40582374727045,99.07876777235145,6.619017418953109,33.86,36.5,65.46,1.87,Sandy Loam,mungbean
29.235787296517685,68.92044441178844,163.93627541877876,6.075155740164045,35.0,48.33,77.62,1.78,Clay Loam,soybean
29.45771748,92.12534736,20.76212031,6.708743843,53.13,124.89,49.5,0.72,Neutral Soil,muskmelon
26.665103272323602,56.27124956239294,141.20362452304153,6.074751857784314,58.6,48.94,62.8635,2.11,Acidic Soil,coffee
22.13002036752786,82.59167833328588,228.2922939437947,5.7302908353435695,73.73,46.31,64.59,0.86,Acidic Soil,rice
25.405428499393942,84.22546730449332,247.00919580682896,5.875318373404756,80.36,54.28,70.12,1.3,Peaty Soil,rice
26.67105525087337,86.8342282849555,56.38134298885405,6.934124957061725,56.88,146.812772,123.920105,0.94,Loamy Soil,watermelon
24.013482735213525,82.28110442773185,286.13861364515685,5.514099571553771,82.45,47.34,68.44,1.16,Peaty Soil,rice
27.88352946,86.45147631,44.64407105,6.364967184,55.98,70.84,49.37,2.06,Acidic Soil,mungbean
31.0,71.1,101.1,6.75,28.65,41.42,58.21,2.44,Sandy Loam,mungbean
28.261705024308704,83.02712287355506,117.61919564142681,6.006232123533486,65.9805,55.81,59.4,1.0,Acidic Soil,banana
28.331582766692517,62.996473858636264,169.449303707291,7.029685749011863,25.0,27.0,30.0,714.0,Sandy Soil,cassava
25.14601162741124,94.41488790183192,112.58527689529579,6.648307001802172,63.56999999999999,94.25,74.81,0.71,Neutral Soil,orange
24.966833058749625,55.809351717002585,82.04191389485914,5.784137679496996,28.0,30.0,41.0,767.0,Loamy Soil,sweetpotato
25.3,72.5,43.9,6.56,115.18,78.63,116.35,2.95,Silty Loam,shallots
30.615340736293913,84.66740054330343,118.7650426155593,6.6315847236708905,139.83,96.28,132.15,2.52,Sandy Loam,chilli
29.8,72.4,85.1,7.2,74.19,71.98,90.19,3.18,Loamy Soil,garlic
21.796573413860507,62.18475894301407,163.4603751552587,4.848318339669061,65.18,38.53,50.22,2.0,Acidic Soil,tea
35.54334133,51.94190321,100.2160615,5.395275719,59.709,39.71,48.33,1.11,Peaty Soil,mango
41.64576181179856,89.80394002997647,198.2982071361481,6.579506813848726,93.29,108.64,118.33,1.01,Loamy Soil,papaya
27.836735757734054,75.41820431566464,288.1669943973382,6.396275274526484,83.14,43.94,72.45,2.5,Silty Loam,chives
25.828452422664974,64.76246834127579,184.42339521230278,5.649682975689673,39.0,20.0,25.0,836.0,Sandy Soil,cassava
19.667056,90.50096668,101.1453817,7.764040111,59.91,65.54,57.48,1.77,Peaty Soil,orange
28.152521116522518,72.27667642290382,126.05745773558158,6.474429447367019,24.66,46.12,72.07,2.13,Loamy Soil,soybean
18.526358846168538,63.240322914871165,71.31895174809827,6.4767166595386465,53.57,61.21,55.09,2.32,Acidic Soil,maize
25.45051431665905,68.23272341693799,62.70971553069507,6.503066349037204,58.93,75.16,55.8,2.32,Neutral Soil,maize
32.161371936300945,93.06759545694334,93.32842371194342,6.869096680643291,65.74,147.15906,144.709,1.61,Neutral Soil,papaya
29.56758545033512,72.23101435557676,72.32557758024755,6.478683237618416,28.37,58.37,77.01,1.51,Sandy Loam,peanut
24.949617536107056,91.1518217654642,106.98259438520171,6.648175062525141,60.41,115.57,82.67,1.81,Neutral Soil,papaya
29.98080499,49.48613279,91.82271568,6.442393461,57.57,56.62,61.96,2.11,Acidic Soil,mango
22.2286982,81.85872947,278.0791793,6.939083505,78.11,147.45895,147.13,2.26,Loamy Soil,rice
23.752456811223315,66.76534834445667,85.92102219636068,6.726302066959395,78.24,48.51,126.48,3.61,Clay Loam,garlic
23.26316991,60.5160021,194.1755471,6.724688503,65.19,95.94,134.04,2.04,Loamy Soil,coffee
28.774221752334068,85.57039010841238,51.37708669330983,7.123216345899688,55.08,140.84824,90.25,0.9,Neutral Soil,mungbean
28.003828082538675,80.83216370338063,209.1374718651007,6.557602883801861,63.95,55.4,97.57,3.01,Silty Loam,chives
29.637402982355052,72.44011082299589,115.58261743453326,6.111569132538379,17.63,57.85,73.95,1.85,Sandy Loam,peanut
30.957875372686846,79.99747122015394,151.10851326421638,6.845560145941012,26.84,41.15,76.55,2.56,Silty Loam,soybean
25.564546626542167,77.78087973846651,182.70867889937753,6.469783863165017,90.03,49.83,94.36,3.3,Silty Loam,chives
25.86,59.25,95.53,5.51,46.0,26.0,45.0,849.0,Sandy Soil,sweetpotato
30.488325686930082,68.0421319978465,100.89039077639279,6.440447108932074,30.19,51.28,89.62,1.1,Sandy Loam,peanut
31.32863689,47.59319575,94.67344737,6.524114355,57.84,60.0,66.53,1.51,Loamy Soil,mango
29.0127842374317,90.1996863307496,125.07811684056506,6.526134872598231,66.44,101.79,82.23,0.96,Neutral Soil,papaya
25.67039713400554,83.31805396687939,57.212797211624874,6.727656610071781,57.82,138.43,71.69,0.63,Neutral Soil,watermelon
28.880804288157414,92.61885021268185,115.18228588860534,6.84731011620668,70.18,144.66,102.2,0.66,Neutral Soil,papaya
28.285914155986333,62.41388356177039,183.0262638414844,4.814722508377523,33.0,22.0,31.0,617.0,Sandy Soil,cassava
27.657003668872548,66.50272836583802,177.2693007944036,7.019292473812583,28.28,50.05,64.13,2.79,Loamy Soil,soybean
23.543143255314632,58.110542762377634,132.80977438734612,7.290328813203345,59.58,90.26,97.26,1.51,Neutral Soil,coffee
29.12721944010641,69.20493094976202,84.07819068401989,6.10675847926885,87.36,85.76,106.5,3.3,Loamy Soil,shallots
23.1768489,63.65861483,129.8765443,7.184801627,60.6,133.34,133.71,1.9,Neutral Soil,coffee
34.93238754491589,93.23582978989143,149.36651603973795,6.91863703031146,75.12,150.278,142.507,1.1,Loamy Soil,papaya
26.401672880173187,94.68102879315859,238.88206295070637,6.784322868802454,84.64,139.15,142.9094,0.71,Loamy Soil,papaya
18.430137270602664,73.55866770482297,80.39144831603855,6.098614676481327,54.3,57.97,54.05,0.99,Acidic Soil,maize
28.06567714572288,83.4001181061258,47.62197291495148,6.506805478909059,56.38,91.18,55.59,0.76,Neutral Soil,mungbean
21.08299231440717,91.17623916622888,111.67523209837377,7.773581433707084,62.16,61.51,58.42,0.66,Alkaline Soil,orange
25.05,61.59,168.04,5.91,33.0,25.0,27.0,601.0,Sandy Soil,cassava
30.523499218144753,72.57557398600372,67.14349572215019,6.2836424428726705,13.05,65.94,75.92,1.75,Loamy Soil,peanut
27.83,61.32,152.01,6.3,31.0,17.0,39.0,812.0,Sandy Soil,cassava
25.669926756515242,63.83188199489359,206.4842914671467,7.369566808865769,37.0,31.0,33.0,766.0,Sandy Soil,cassava
32.72037724003921,52.37754257415762,95.35929700948618,4.598990681918042,62.08,36.72,43.36,0.63,Acidic Soil,mango
26.8,67.0,47.7,6.15,84.29,89.13,129.38,2.82,Loamy Soil,shallots
26.56608303,94.45239715,116.3796525,6.285312759,66.22,69.65,61.71,1.53,Peaty Soil,orange
29.377630977793228,66.20939774855181,86.97963107048375,6.680714742673198,79.97,71.95,136.51,3.15,Silty Loam,garlic
27.946031423424657,91.13250555661094,20.7844732082256,6.485059933614256,52.97,90.33,47.33,1.33,Loamy Soil,muskmelon
28.70830431795516,85.49515338726897,50.135064587717274,6.852252765691683,53.84,146.807266,87.15,1.81,Neutral Soil,mungbean
29.3,73.7,190.6,5.83,131.13,92.31,134.89,2.86,Sandy Loam,chilli
23.481947084150857,88.77907923649458,181.06994504920337,6.700650357016612,136.19,94.27,162.2,3.49,Loamy Soil,cabbage
29.86895569,87.32761241,44.75215854,6.89077995,56.49,143.9646,94.63,0.79,Loamy Soil,mungbean
25.494535836268973,87.56977584734003,59.14785079784038,6.441154867598666,57.15,81.04,53.54,1.26,Peaty Soil,watermelon
32.53207538483496,92.38717005125712,49.84190557960837,6.834093332527993,60.89,146.631,84.21,1.04,Neutral Soil,papaya
32.68067385,92.61715632,240.4899322,6.800321319,91.85,144.614,146.23838,1.08,Neutral Soil,papaya
24.93971508223876,85.94552369763223,53.94669262587155,6.714630913640841,55.5,125.4,66.14,1.31,Loamy Soil,watermelon
27.27222957744877,79.82171730354342,110.59923017979152,6.3854910689337485,64.31,71.272,59.791,1.42,Acidic Soil,banana
18.935917774456318,70.94727162258276,68.50981489919393,5.715157155963798,54.19,44.78,49.29,2.23,Acidic Soil,maize
24.79755137931952,74.40733838199067,77.85933752164968,6.575088655889709,99.25,74.66,95.76,3.05,Loamy Soil,garlic
26.03097313,91.50819306,101.2847738,7.511755068,63.4,83.64,66.39,2.42,Peaty Soil,orange
24.97669518,83.891805,204.8001847,6.880431223,73.84,147.452,140.2401,1.76,Loamy Soil,rice
29.841698534704292,47.650354312925714,89.43793417216268,6.004681416732346,56.08,43.65,49.49,0.63,Acidic Soil,mango
29.068514913096266,78.56290073494777,102.60339003136951,5.654248384928035,60.93,50.23,49.47,1.17,Acidic Soil,banana
24.4,82.2,156.9,6.26,161.35,114.58,150.03,3.09,Loamy Soil,cabbage
42.74269893407782,93.9822577017877,50.5179346518897,6.66696602529365,61.41,130.67,61.86,1.97,Neutral Soil,papaya
26.93232228797585,75.51765185801938,218.46442422279767,6.539729069352527,129.89,107.57,148.81,2.32,Loamy Soil,chilli
27.397170331379208,89.5917204584061,51.45743498971157,7.142644957298213,56.36,149.807266,143.1672,1.61,Neutral Soil,mungbean
31.097555977907017,72.02307625560175,164.83452804400156,6.724321586132255,35.6,43.21,74.69,1.58,Silty Loam,soybean
23.6817898,90.78821158,161.6892093,6.656458831,68.89,109.28,102.75,0.73,Neutral Soil,papaya
24.83421926055578,57.42570303721803,139.23233264075668,7.2553560438124345,57.62,90.78,105.71,0.6,Neutral Soil,coffee
31.040842133898764,72.0767130480725,101.89479846996907,5.995671276894232,28.87,63.37,78.83,2.17,Sandy Loam,peanut
29.2,80.0,179.0,6.42,36.73,46.84,65.54,2.27,Clay Loam,soybean
28.4,74.6,84.9,7.46,77.72,52.67,98.99,2.4,Clay Loam,garlic
26.8,76.7,143.7,6.43,28.17,32.68,67.46,1.97,Sandy Loam,mungbean
29.84613671019466,63.87199390260723,168.8821814736919,5.299317994138253,41.0,14.0,46.0,792.0,Sandy Soil,cassava
28.679113508794096,84.04877227459616,229.96406274782765,6.137797830945024,66.78,44.58,93.93,3.81,Silty Loam,chives
26.54348085,84.59609431,185.197438,7.072655622,72.93,147.45895,141.872,1.24,Loamy Soil,rice
23.22397386,83.03322691,221.2091958,6.336253525,73.7,67.53,84.44,2.37,Peaty Soil,rice
26.700468485749287,62.923428463507896,106.288250757935,5.648457230526012,39.0,18.0,45.0,652.0,Sandy Soil,cassava
27.10063208478566,88.42483642850688,272.0053429560863,6.446210076107446,86.7,46.22,85.03,2.51,Silty Loam,chives
29.224590103835325,83.86450029472691,108.16974355448376,5.787826529056412,67.56,50.27,53.42,1.84,Peaty Soil,banana
25.047785889781004,79.86879570858898,139.23313610512008,6.480182001724958,28.71,44.27,68.71,2.27,Silty Loam,soybean
29.2,80.6,105.2,6.58,32.54,36.89,50.31,2.23,Loamy Soil,mungbean
26.65939919270562,64.66019560283046,188.42697567255976,4.687900814021199,64.79,36.19,48.53,0.72,Acidic Soil,tea
27.64491788721065,89.16241235411641,59.592059651956454,6.717785735883714,56.95,139.1712,75.7,2.03,Neutral Soil,mungbean
23.261698424281278,81.29136612013194,222.13224632496923,7.357268934890409,76.78,95.98,121.56,1.87,Loamy Soil,rice
30.27643965321283,76.04911904572504,95.58909874267881,7.232272441051934,29.82,45.99,64.37,1.94,Loamy Soil,mungbean
24.97853390132905,79.60232591557045,220.60145772641198,5.357519591566553,75.9,46.63,58.98,2.25,Peaty Soil,rice
23.579251936996922,71.53592057352519,44.18337847109632,7.513320471003931,71.22,61.06,106.81,2.29,Clay Loam,garlic
31.90867584243041,75.67195828160006,135.73384364958198,7.075852283692342,25.92,45.42,49.06,2.35,Sandy Loam,mungbean
30.3591240810578,90.06081130599273,222.11347378507276,6.942175931550435,75.48,49.97,91.18,3.07,Loamy Soil,chives
29.766936624533844,71.7558698764374,89.1842612923454,6.475310562068761,14.399999999999999,54.31,84.79,2.01,Loamy Soil,peanut
27.84492803,91.60666594,26.47844429,6.732049075,53.75,132.56,52.986,1.04,Neutral Soil,muskmelon
28.0,74.2,121.6,7.07,20.82,48.72,63.22,1.55,Sandy Loam,mungbean
31.38259642473945,73.71434902376973,53.63546626882029,6.106103869544993,14.13,49.64,73.49,1.03,Sandy Loam,peanut
19.52000589608755,70.5185233174907,84.92193854084526,5.714746799061501,57.21,45.07,48.06,2.35,Acidic Soil,maize
31.081303218113472,74.82405783614892,114.29265641878595,5.921968181996362,121.09,96.54,157.15,2.06,Loamy Soil,chilli
27.33368994,83.67675197,101.0494791,5.849076099,62.84,51.81,51.71,0.76,Acidic Soil,banana
29.34594634,85.60472562,58.5465992,6.272343025,58.24,64.7525,50.26,0.81,Acidic Soil,mungbean
32.07447845774227,92.11293773956051,52.41759478660559,6.925750905869536,59.8895,142.9,146.95676,1.0,Neutral Soil,papaya
32.82141065,47.45553843,90.89173106,4.755273631,57.86,36.34,45.4,2.09,Peaty Soil,mango
29.201166302425154,83.87317332441275,42.511223142746886,6.529030081922884,55.94,98.24,55.7,2.0,Neutral Soil,mungbean
25.83202912,89.00481725,45.24690619,6.755192025,55.78,139.07,64.64,2.48,Neutral Soil,watermelon
35.809594374494246,46.10978735056804,96.86304317683232,6.410767135038174,60.73,56.05,63.79,1.68,Acidic Soil,mango
27.41711238,56.63636248,127.92461,6.086922359,61.04,48.61,64.8635,1.43,Acidic Soil,coffee
31.2,74.9,177.0,6.18,31.27,41.23,63.76,2.2,Silty Loam,soybean
28.9,82.3,97.7,6.76,32.01,46.57,51.27,2.4,Sandy Loam,mungbean
24.000979772289643,80.7336719387083,43.192546264499704,6.035273099300398,51.9395,59.0505,44.74,1.77,Peaty Soil,watermelon
25.16648681052834,84.17593066184826,209.85368248939275,5.602448778425938,74.96,47.1,61.1,1.21,Peaty Soil,rice
26.53543168,67.09608099,120.6494434,6.809593554,61.93,135.72,124.49,1.31,Loamy Soil,coffee
22.750651309396403,58.18129671930578,103.37997488632485,6.408223567585783,37.0,29.0,46.0,818.0,Loamy Soil,sweetpotato
29.441568422294356,71.54078057655695,106.78071169189934,6.961398854429769,36.71,50.22,63.96,1.93,Loamy Soil,soybean
31.869937114230037,93.38844031705526,118.53428512054023,6.165437795602406,66.476,65.99,57.53,2.36,Acidic Soil,orange
23.23262137828345,56.710179767013,120.09255858547782,5.72674223846139,35.0,26.0,33.0,773.0,Loamy Soil,sweetpotato
29.42961741643132,84.56015030821452,117.77981183579682,6.055038621423497,63.980500000000006,57.62,56.14,2.14,Acidic Soil,banana
28.318628931377287,86.00806621346482,54.18332724578364,7.0318331333800135,57.78,148.423,145.2236,0.85,Loamy Soil,mungbean
29.87386051,93.22980899,24.34814338,6.448792689,53.77,80.74,45.89,1.33,Acidic Soil,muskmelon
27.082090438893577,71.42879231230361,104.68067776212206,6.654253728112363,31.26,44.36,53.85,1.9,Loamy Soil,mungbean
24.2547451,56.50010826,64.23845455,6.865447377,54.82,145.21743,141.688,1.42,Neutral Soil,maize
29.58015190526477,65.33620747726812,143.3141191033454,6.150336009888341,36.0,23.0,37.0,788.0,Sandy Soil,cassava
23.619661409515917,51.319059832524935,118.953024863735,7.0046394308452085,59.605,146.0820435,147.0874,0.82,Loamy Soil,coffee
28.9,70.9,106.0,6.51,80.55,60.61,125.41,2.23,Silty Loam,garlic
32.329611924477284,70.47034491209095,78.77198795054095,6.167149945945278,20.41,55.04,77.25,1.74,Loamy Soil,peanut
25.44847457150607,58.63882240824675,194.82548324137184,7.10714859733361,64.52,138.75,143.72024,2.04,Loamy Soil,coffee
27.983982474976774,75.05150207113847,62.10463853112813,6.235148089487315,83.84,66.04,102.93,2.24,Silty Loam,shallots
29.948437276080995,74.7517333806581,90.77226881068165,6.0961740742582124,99.65,63.11,133.56,3.49,Silty Loam,shallots
31.180190230585296,66.95143576991588,196.39312019017513,6.4170595676129425,31.92,48.5,75.02,1.91,Loamy Soil,soybean
22.672236447118546,84.49693138189306,171.3534120228157,6.68067422135152,134.11,104.29,169.43,3.61,Loamy Soil,cabbage
27.77047334577473,61.41784897472265,210.4128428903465,4.860258210865585,70.07,39.39,54.76,2.07,Peaty Soil,tea
28.498781475089825,90.17385058620556,22.887148190099882,6.1903923932097005,55.07,64.97,42.71,2.26,Peaty Soil,muskmelon
28.012237176755033,85.47178170817568,54.35416717046879,7.1140742813199,58.08,143.84824,90.25,0.9,Neutral Soil,mungbean
25.87188917326909,63.136395315630885,111.31554803733627,4.6377575820884305,29.0,25.0,51.0,796.0,Sandy Soil,cassava
28.830555201595004,73.40437067433565,129.09675335574084,6.538403765086117,36.72,47.39,62.61,1.98,Clay Loam,soybean
20.48954522,93.72485075,111.8391951,7.137136973,61.93,145.232233,145.625241,0.54,Loamy Soil,orange
26.7,78.9,141.4,6.45,24.93,43.0,64.06,2.37,Loamy Soil,soybean
31.59813117154607,75.4366880924613,200.8265477994439,5.576328623979247,131.31,118.63,159.36,1.91,Sandy Loam,chilli
29.22118628,81.08183635,108.8616474,5.740764682,64.33,49.32,51.53,1.48,Acidic Soil,banana
25.13048948902336,81.70858836346174,131.0998880316563,5.768862555104439,119.65,108.55,139.65,1.98,Loamy Soil,chilli
28.049007882329885,93.96251255654013,21.530514583333193,6.396711077684474,51.16,88.23,44.56,1.39,Acidic Soil,muskmelon
26.83,57.14,105.7,6.41,31.0,34.0,32.0,689.0,Sandy Soil,sweetpotato
23.45755768890116,58.042865027504874,190.24570972748856,5.039123616111077,63.129999999999995,37.45,50.57,0.67,Acidic Soil,tea
35.54334133,48.97047762,97.51952041,6.815484072,59.45,113.824,108.787,2.04,Loamy Soil,mango
30.212013769520837,74.49459942978193,136.1202151632208,6.458469878141421,34.16,46.37,54.61,1.92,Sandy Loam,mungbean
27.52965545995541,67.9345413243884,103.20223913180872,7.403440269317055,67.01,60.56,122.6,2.94,Clay Loam,garlic
30.7,79.1,221.8,5.98,146.95,115.09,145.5,2.06,Silty Loam,chilli
28.200380154260163,89.80966815330086,49.32849586888487,6.270202614444305,57.98,65.69,48.36,2.01,Acidic Soil,mungbean
26.70897548,68.48093882,158.8608887,6.861235184,66.43,142.434,140.026,0.88,Neutral Soil,coffee
21.717650816866634,71.01317218967785,102.31951717214257,5.94763895539115,57.77,48.83,50.63,2.11,Acidic Soil,maize
28.76439848021519,71.2267351656524,115.26907504589242,6.214852106542861,17.63,61.85,76.95,1.85,Sandy Loam,peanut
29.01207743,77.95192527,90.80524328,5.674403359,61.36,47.64,49.341,2.46,Acidic Soil,banana
23.53805086051852,83.90884553022883,251.20410606150298,6.987024484123164,79.81,139.93673,142.60768,0.86,Loamy Soil,rice
25.40184528994037,66.10864818110109,66.56402685314978,6.175516672529227,94.17,81.57,103.53,2.03,Sandy Loam,shallots
28.87726019,92.48839665,24.44267592,6.170520518,53.63,63.45,43.93,2.34,Acidic Soil,muskmelon
28.370385459475273,80.49711851050436,46.18747233173144,6.685346539532273,56.7,115.95,61.52,1.88,Neutral Soil,mungbean
28.72271801768488,78.69307010826044,163.00548692626134,6.41581395498982,28.37,38.17,66.47,2.24,Loamy Soil,soybean
21.77257982,57.36551598,164.8080603,4.852144255,61.687,38.01,50.23,1.53,Acidic Soil,tea
27.07823177675717,83.11571713515755,91.93380666279134,6.470888500386324,22.89,47.88,56.93,1.63,Sandy Loam,mungbean
27.509997961535653,90.43425482754236,44.70229174484045,6.578436879984404,59.26,100.98,53.96,1.94,Neutral Soil,mungbean
25.6677063203433,80.81391512734535,50.51589515085482,6.327157179071405,57.67,62.099999999999994,47.25,0.97,Acidic Soil,watermelon
26.88460793356635,86.45814979823928,198.19970213814236,6.066712581059034,88.31,57.54,84.82,3.97,Loamy Soil,chives
31.709278242805876,85.06932383084832,232.278466044843,6.454411920552173,101.28,90.7,174.45,2.42,Silty Loam,chilli
24.41311871,89.63725244,44.07843475,6.073383996,55.37,58.06,46.7315,1.04,Acidic Soil,watermelon
23.60187043980519,52.808564107605946,154.3081165629161,6.793069795107356,62.44,98.97,128.32,1.8,Neutral Soil,coffee
33.02303243616983,93.93116351232082,118.83011696604348,7.499313490891742,72.476,94.6,78.6,1.05,Neutral Soil,orange
32.0,71.0,85.7,6.17,108.6,63.07,106.07,2.93,Silty Loam,shallots
21.24,57.65,83.98,6.85,35.0,35.0,46.0,756.0,Sandy Soil,sweetpotato
26.49195283,80.45467276,57.72799157,6.073383996,56.8,58.0505,48.17,1.96,Peaty Soil,watermelon
24.791739061383375,79.72422490017081,56.78189050911246,6.939581855263182,59.23,145.365,92.68,0.55,Loamy Soil,watermelon
24.674246214686942,80.77377843209298,249.73034534035844,6.3121113075309525,76.34,49.06,86.87,3.4,Loamy Soil,chives
24.527899165028956,87.59967540495234,51.173759715756816,6.507681572204319,54.09,83.71,54.64,2.43,Acidic Soil,watermelon
25.059565823686327,73.49603557903811,202.3593884218242,6.073003426565847,73.38,45.23,83.55,3.65,Silty Loam,chives
25.81692236,82.043255,54.82963379,6.377427122,56.45,69.53,51.74,2.38,Peaty Soil,watermelon
33.458762022329374,45.41739444635226,99.63809991010207,6.772672712414036,56.3,114.824,108.787,2.43,Neutral Soil,mango
30.957965745961662,77.06658253830075,121.12444135835285,6.111779225490093,33.99,47.28,69.94,1.91,Silty Loam,soybean
33.065778292038694,64.69949219266518,62.66313425517213,6.078560988147514,26.02,55.5,85.41,1.13,Loamy Soil,peanut
27.455925926958052,68.01315546429637,90.78399496641977,6.611223826640041,71.15,60.29,131.13,2.8,Clay Loam,garlic
34.516500314030424,49.654249505191935,100.38843204604774,5.53832836167676,56.7,41.05,48.9,1.11,Peaty Soil,mango
29.067132504290917,85.37844289497154,46.92425576190816,6.362749065375506,59.65,77.98,49.81,2.17,Peaty Soil,mungbean
32.0544792724871,49.71252246360173,97.95470717249722,5.376126770645637,55.64,36.95,46.6,0.56,Acidic Soil,mango
25.50736962,84.24340241,44.2068997,6.792035575,55.28,141.9399,68.34,1.12,Loamy Soil,watermelon
30.6,71.4,163.4,6.76,32.6,43.21,73.69,1.58,Silty Loam,soybean
28.2620488,91.98317355,105.2132259,6.929216014,65.2,145.19308,145.62143,0.88,Loamy Soil,orange
31.016861856874467,75.67182184506204,176.53099360692144,6.162522455066952,28.27,42.23,65.75999999999999,2.2,Silty Loam,soybean
22.6,86.0,179.2,6.41,160.77,116.06,183.62,3.06,Clay Loam,cabbage
24.790465483576007,84.1368511292511,114.56416278495004,5.652737496933839,65.55,49.33,50.91,1.97,Peaty Soil,banana
26.68,59.1,123.63,6.34,37.0,39.0,45.0,749.0,Loamy Soil,sweetpotato
28.460824309194646,65.69649099583403,88.45711405141375,5.85455010828093,27.63,66.68,88.76,1.09,Loamy Soil,peanut
24.26,59.84,109.78,6.96,36.0,34.0,34.0,845.0,Loamy Soil,sweetpotato
29.826168984415613,70.73083521675775,103.98646847174582,6.3002796969126305,28.99,67.87,84.97,1.98,Loamy Soil,peanut
27.1,85.5,150.9,6.73,146.96,106.66,151.3,2.81,Silty Loam,cabbage
25.050686905309906,65.46573943473584,74.12328631237526,5.6826040544041865,57.89,43.35,47.87,1.32,Acidic Soil,maize
24.50759418828941,55.07153251563841,121.5935622888395,6.648951631469068,59.605,93.27,98.75,0.98,Loamy Soil,coffee
28.8,68.8,90.5,7.28,108.37,60.72,129.62,3.41,Silty Loam,garlic
17.596285035717493,93.21905367303877,111.1365335215538,7.15449338359818,57.1,143.446,117.39,1.91,Neutral Soil,orange
22.5,82.2,228.1,6.79,155.85,80.32,179.13,2.97,Silty Loam,cabbage
27.74343277698636,73.61211194005969,109.70864124096268,6.776581730882722,106.37,63.53,91.78,2.32,Clay Loam,garlic
24.85903405,94.39000473,111.7803734,6.559236744,64.57,94.25,73.81,0.71,Neutral Soil,orange
23.78933996221181,52.414723068064795,169.1234920918621,7.075637990233497,61.56,127.16,140.30369,0.87,Loamy Soil,coffee
21.931865112571536,71.31347751134732,260.25756492626925,6.601474432630939,88.16,44.81,95.7,3.15,Loamy Soil,chives
42.94110805,93.35191636,114.778071,6.941496806,75.81,148.62549,148.115295,1.61,Neutral Soil,papaya
18.28214391,62.89366992,84.23613484,6.28886807,55.31,56.53,55.79,1.16,Acidic Soil,maize
29.37627144711174,71.92820205090932,97.02600531472143,6.117663815823466,19.21,49.18,78.97,1.67,Sandy Loam,peanut
27.571613859459763,90.46912908305778,22.694076574981846,6.406188763431499,51.39,81.08,44.22,1.22,Acidic Soil,muskmelon
16.148790264535492,91.86676839162205,102.08784390033865,6.710467369754145,58.64,103.85,78.66,1.34,Loamy Soil,orange
25.28069243346527,80.26345610453932,54.315957747820676,6.784869654189345,58.23,144.365,92.68,0.55,Loamy Soil,watermelon
31.99743664741678,53.69559946864734,92.17193114397327,6.168629183347665,60.87,51.45,57.46,1.01,Acidic Soil,mango
28.6,76.7,118.7,6.55,24.29,32.05,62.18,2.13,Sandy Loam,mungbean
26.49109635,80.28362927,242.8640342,6.980400905,78.65,147.45895,142.943,1.43,Loamy Soil,rice
27.9,83.4,178.0,6.08,120.33,83.34,183.94,2.66,Silty Loam,cabbage
23.01943339494542,85.29176557180926,205.79325978043542,6.365545181854389,152.43,116.52,161.69,2.64,Clay Loam,cabbage
27.704722275267613,81.79983716069509,97.47204347081166,5.890024099326001,64.68,50.81,52.09,2.02,Acidic Soil,banana
24.9,89.0,239.2,6.53,173.67,90.58,174.58,3.26,Silty Loam,cabbage
26.53199357226632,65.21530580271858,71.07542315607459,6.60510189411926,95.56,85.21,124.38,2.16,Sandy Loam,shallots
29.23156591613029,80.7034321977177,41.85108161229152,6.778469293143654,56.22,112.59,59.81,1.67,Neutral Soil,mungbean
26.10860148,64.38723123,179.4804049,4.788282676,66.76,38.73,50.82,1.97,Acidic Soil,tea
38.4191628,91.14220381,119.2653877,6.751452932,73.2,140.01,103.98,0.72,Loamy Soil,papaya
30.0,71.2,139.8,6.57,26.19,30.8,58.51,1.94,Sandy Loam,mungbean
25.44,55.24,80.53,5.77,31.0,31.0,43.0,767.0,Loamy Soil,sweetpotato
28.38233427946923,89.6217132422964,51.43021786928758,6.1886679217998966,58.98,65.69,48.36,2.01,Acidic Soil,mungbean
28.6,74.2,30.5,6.61,118.56,72.44,130.66,3.12,Sandy Loam,shallots
26.0,83.8,157.2,6.75,135.83,85.11,177.23,3.35,Silty Loam,cabbage
33.59378721810476,70.89131982974565,60.001340787803926,6.219441824723466,21.59,57.69,87.8,1.69,Sandy Loam,peanut
27.50581037438054,90.6361087152845,46.598606667038595,6.695164795863766,59.26,99.98,54.96,1.94,Neutral Soil,mungbean
21.35093384,90.9492967,107.0862095,7.855446235,61.55,61.32,56.39,1.73,Peaty Soil,orange
27.300469386425412,63.845369052044624,156.39303618649078,5.27586808021375,25.0,19.0,30.0,679.0,Sandy Soil,cassava
30.6,70.1,83.0,6.64,31.91,40.29,62.47,1.56,Sandy Loam,mungbean
33.8,72.7,67.9,6.08,19.14,58.0,70.39,1.76,Loamy Soil,peanut
33.31172396559937,73.82574549946266,129.79785582139914,5.966856666190577,29.11,56.62,77.48,2.23,Silty Loam,soybean
25.8,86.1,242.9,6.48,173.9,115.06,161.33,3.79,Clay Loam,cabbage
35.96483191819456,92.30728678046194,141.13348054999855,6.491603613855583,78.14,98.63,83.53,0.99,Neutral Soil,papaya
24.579881648464827,85.47020503558781,150.66681059802153,6.057557618146707,138.14,90.51,166.26,3.04,Clay Loam,cabbage
28.701785935086182,77.01419927867775,219.049267941304,5.972876027960835,142.12,99.01,135.38,2.2,Loamy Soil,chilli
24.0,75.2,246.0,6.1,124.64,96.44,171.0,3.24,Silty Loam,cabbage
20.826274320685727,85.31809644781033,241.0882571499627,6.267922935187544,73.41,65.57,80.39,1.21,Peaty Soil,rice
31.041865834344673,92.02106925462974,107.65062466180254,6.351559962549179,67.1,77.57,64.43,0.67,Acidic Soil,orange
23.805971914614616,58.980938032860394,111.07730241021592,5.5044709148455375,37.0,24.0,44.0,733.0,Loamy Soil,sweetpotato
29.2,81.0,204.4,6.04,129.18,88.38,154.05,2.14,Loamy Soil,chilli
27.76527902567445,58.54739501909096,239.50719776941125,4.623969961685257,68.6445,36.05,50.87,1.19,Acidic Soil,tea
24.32011250075134,65.49677608613014,121.27848102291486,7.269429013147697,63.49,111.89,109.09,2.49,Neutral Soil,coffee
21.76240184228465,63.78287842861034,216.9927679234234,4.5627049474601185,63.379999999999995,35.77,51.66,0.64,Acidic Soil,tea
27.92654637224683,74.27299842795524,58.8737518081099,5.883946158518307,29.15,63.349999999999994,80.43,2.15,Sandy Loam,peanut
25.71930129141232,81.51321474642594,146.9578813686609,6.587164170440748,133.09,106.96,172.58,2.38,Silty Loam,chilli
31.0,83.1,132.7,7.08,21.75,33.13,57.16,2.29,Loamy Soil,mungbean
28.02952623,84.8845732,37.23469744,6.556372966,54.88,87.4,50.86,1.57,Neutral Soil,mungbean
29.9,71.9,50.1,6.58,84.02,71.11,121.87,3.15,Sandy Loam,shallots
26.983571543112152,82.19762874543306,111.88090539034168,6.250120544580353,63.23,60.24,58.36,1.41,Acidic Soil,banana
29.897084804039682,75.52090491802434,219.59230603730128,5.894840650982353,125.09,116.21,150.31,2.82,Loamy Soil,chilli
30.284509442759912,70.2237317359677,50.556417300144815,6.454495565585351,79.19,78.06,131.59,3.13,Loamy Soil,shallots
34.31098930179635,92.90528643822094,103.95846938040472,7.349585284889472,68.41,96.54,70.54,0.74,Loamy Soil,orange
29.682233320765093,77.56508058357724,91.98800590520219,6.316252998011947,58.77,60.1,58.52,1.24,Acidic Soil,banana
25.66576039,88.6984228,54.22722466,6.114128685,56.86,60.04,48.16,1.17,Acidic Soil,watermelon
21.056587152475988,91.3007635707931,113.04149944681771,7.894120948895893,64.16,62.51,56.42,0.66,Alkaline Soil,orange
22.96236410828984,60.07440316520052,74.63556569077048,5.7155575515429975,52.0,36.0,33.0,760.0,Loamy Soil,sweetpotato
27.11398694,91.3821731,23.65747461,6.448061578,53.25,79.67,45.72,1.19,Acidic Soil,muskmelon
28.680560574905286,84.2070396687691,44.292964672393126,6.705152659239308,59.29,103.9,58.23,1.91,Neutral Soil,mungbean
26.377981148718163,83.5565417941325,155.2404271022002,6.848683077824873,136.83,87.11,179.23,3.35,Silty Loam,cabbage
28.53509424823541,70.04505353436822,195.896804870671,6.316591049306698,24.82,42.66,69.87,2.04,Loamy Soil,soybean
33.682615645040144,45.580028232269925,95.39180974906735,5.9481343599216405,57.13,45.36,54.48,1.79,Acidic Soil,mango
27.74137294826928,60.06862140780963,186.55237701804606,4.757827535378303,68.17,39.25,50.31,1.51,Acidic Soil,tea
30.200600186803477,90.2505009257267,41.44401228944025,7.081783148325431,54.41,148.34957,72.72,1.65,Loamy Soil,mungbean
25.257836119202764,80.92381092962634,120.37545529417496,6.058601420429794,66.55,57.08,58.63,0.54,Acidic Soil,banana
27.528740696634856,64.39950414192468,110.30749683883506,7.331095342268804,34.0,24.0,22.0,781.0,Loamy Soil,cassava
28.305923872502213,87.14426727553155,43.07362348916979,7.153895422621719,57.84,144.84961,69.65,0.94,Neutral Soil,mungbean
28.417938913576513,68.33325974648082,103.0889830888241,6.869156740449588,106.1,51.06,107.47,3.57,Loamy Soil,garlic
29.738460941526498,80.52124118698003,109.88775591298737,6.829225001942949,142.37,109.66,126.68,2.74,Sandy Loam,chilli
22.723728609125104,81.5061255049893,227.51288486692818,6.7979454182028265,158.85,79.32,177.13,2.97,Silty Loam,cabbage
40.78881819,92.90951393,132.7923586,6.563134737,77.96,93.8,80.53,2.26,Loamy Soil,papaya
25.622038337020157,59.122902249489655,83.1592079086389,6.835157733431375,31.0,26.0,48.0,788.0,Loamy Soil,sweetpotato
30.338541954893127,75.1964077715557,139.71718553301187,6.307684844820072,31.159999999999997,50.37,53.61,1.92,Sandy Loam,mungbean
37.26653157986563,92.35633409268829,158.21802495528655,6.950736205573474,82.67,151.064,145.952,1.74,Neutral Soil,papaya
22.868625336652116,91.81564292156521,105.5644808386639,7.616111067728234,64.34,72.11,60.76,1.31,Peaty Soil,orange
18.817923497010913,69.24768167150988,89.92591340822445,5.858005508328148,54.26,48.88,50.58,1.79,Acidic Soil,maize
32.630567895153234,69.91363791409347,72.23763467360155,6.37056836693591,20.35,55.36,75.38,1.35,Sandy Loam,peanut
23.97,55.97,123.01,6.84,33.0,39.0,52.0,789.0,Loamy Soil,sweetpotato
21.470516590585813,91.63794001416683,108.52673914238513,7.852201067494051,64.55,63.32,58.39,1.73,Peaty Soil,orange
25.28732630294332,81.16246868432351,202.09439314280596,6.932975210962495,70.89,148.7326,144.952,1.54,Loamy Soil,rice
32.37442687176476,77.84306546286491,200.65940124248635,6.548347233432868,121.34,88.84,167.51,2.52,Sandy Loam,chilli
30.5,63.3,54.7,6.29,90.44,73.41,116.46,3.33,Sandy Loam,shallots
28.56,60.89,134.18,6.88,32.0,19.0,41.0,617.0,Sandy Soil,cassava
24.5,70.8,187.7,6.29,147.85,110.58,163.68,2.83,Silty Loam,chilli
27.608962623057312,81.8138203157977,44.33014260448817,6.209424782325333,58.52,62.7525,49.36,2.01,Acidic Soil,mungbean
30.672270805954977,46.680304207550115,89.09979486813661,4.735970161900504,57.4,38.324,44.3595,1.14,Acidic Soil,mango
25.474398578501706,72.57867288486615,68.65793928904918,6.915553487431979,73.62,74.72,92.9,2.8,Clay Loam,garlic
25.603722340612627,51.94769450431903,196.63293451954175,6.848795878005131,61.36,144.7669,146.46828,2.03,Neutral Soil,coffee
34.361623473624924,91.3697214842794,113.9660057304006,6.774821892587486,69.476,134.66,97.23,1.3,Neutral Soil,orange
24.0,72.4,43.7,7.45,71.22,60.06,104.81,2.29,Clay Loam,garlic
22.779519503668798,57.12655019084972,121.3177569901958,5.643545918056787,39.0,25.0,34.0,773.0,Loamy Soil,sweetpotato
25.38081762305051,58.92003334532341,75.27903205067317,6.383748918790839,50.0,37.0,34.0,720.0,Loamy Soil,sweetpotato
27.279950217334736,75.7822765213617,148.59480970437605,5.643757519950791,110.33,97.87,152.19,2.99,Sandy Loam,chilli
25.378672011501934,85.73591869509258,288.94230147825004,6.67122738010671,81.75,42.1,74.96,2.5,Silty Loam,chives
10.946299504965106,90.10385582089931,106.64549157598063,7.338679801328867,55.2595,96.45,77.47,1.91,Loamy Soil,orange
24.3,73.8,117.1,5.73,144.14,89.55,163.4,1.86,Loamy Soil,chilli
38.149634681755664,93.86819008252581,216.15388368093028,6.691125389362329,92.5,145.36,146.115295,1.85,Loamy Soil,papaya
29.42567943452183,80.70263273225665,50.66828730879781,6.698070517761914,53.73,100.97,58.25,2.21,Neutral Soil,mungbean
24.92270858937549,85.63564536909222,238.56243747603918,6.036836673050791,82.76,47.27,84.46,2.58,Loamy Soil,chives
30.14498350877773,89.93615834879934,43.641657542300194,7.141662001789418,55.41,149.34957,74.72,1.65,Loamy Soil,mungbean
26.772347386639588,78.09067680199198,131.32443842313606,6.8079063089697,30.11,43.96,69.23,1.78,Clay Loam,soybean
28.2,72.0,191.0,6.53,88.86,43.56,91.24,3.15,Loamy Soil,chives
25.78930410265052,87.10011400645146,52.940092385176676,6.181185500590594,58.73,59.61,48.09,1.61,Acidic Soil,watermelon
28.28222883,91.37059792,179.2720807,6.63016515,75.74,104.12,104.63,1.96,Loamy Soil,papaya
31.85744939,45.56457891,91.55845821,5.417340525,57.38,38.63,47.71,1.1,Acidic Soil,mango
27.375129318104616,60.71600340552248,168.73404550135427,4.669374497011119,67.63,35.64,50.31,0.93,Acidic Soil,tea
27.4,82.9,185.4,6.43,146.88,104.81,120.57,2.77,Silty Loam,chilli
28.846860352366797,93.05099283539616,30.167152094332437,6.030447792830348,57.3405,60.81,45.15,2.09,Peaty Soil,muskmelon
22.687673946680377,91.12521371468065,113.6159333399543,6.655004438627069,66.12,124.9,91.61,1.33,Loamy Soil,orange
40.397950180169026,91.4283929086757,210.70544902950553,6.808181318452894,96.78,139.62,143.41062,1.86,Neutral Soil,papaya
27.149425514776574,88.92303332528203,228.89140227247856,6.369560022114543,158.98,91.48,184.74,3.69,Clay Loam,cabbage
30.496904222198218,73.6396999641766,72.78910125498354,6.354950650697809,27.37,52.88,78.78,1.52,Sandy Loam,peanut
25.33584427575601,79.61596439422168,185.4234603317076,6.602431051050872,31.07,44.81,64.67,1.57,Loamy Soil,soybean
27.770152838209285,80.85554962387724,97.71698789706308,5.708437085476843,65.39,49.48,49.52,1.48,Acidic Soil,banana
26.499023479346413,66.55154379670536,179.7623579661676,6.787957465418034,68.56,118.59,148.77,0.69,Neutral Soil,coffee
26.855084263117767,77.43320714244166,189.8676087472321,6.066374437160358,146.27,104.66,166.13,2.98,Clay Loam,cabbage
23.198717430271728,83.0070618421407,272.6000466331701,5.690576240258616,76.29,49.08,67.85,1.78,Peaty Soil,rice
26.994965532033845,81.92720547684104,108.25100184705971,6.145948386247628,66.22999999999999,63.24,59.36,1.41,Acidic Soil,banana
27.0,72.2,93.7,6.98,84.11,52.36,123.84,3.48,Silty Loam,garlic
27.76424144550605,72.32787654958493,112.39658685270746,7.015952386633929,29.68,37.38,59.82,1.82,Sandy Loam,mungbean
22.867331651593894,57.40229904106157,120.87164592225668,5.6568836884445854,35.0,24.0,33.0,773.0,Loamy Soil,sweetpotato
27.69785585419322,60.62948320459565,204.41438609485544,5.618275540940431,34.0,17.0,42.0,683.0,Sandy Soil,cassava
21.233834136190936,58.20314803103224,83.36129149854717,6.798777068620924,36.0,34.0,45.0,756.0,Sandy Soil,sweetpotato
23.954180061444898,71.24293053627979,67.5575853997552,6.7552542505490525,53.25,94.79,66.01,2.21,Neutral Soil,maize
24.205649424260102,57.10228568114502,195.96914929090534,4.788839681622036,65.44,38.95,53.07,0.63,Acidic Soil,tea
24.44261618509669,83.60296293554805,156.5289825997797,6.558209647553353,120.53,80.21,133.29,2.13,Silty Loam,chilli
26.99313248131571,81.0520153691411,41.13638859005807,6.938057032660798,54.0,147.8743,102.7,2.18,Neutral Soil,mungbean
22.20279877787488,55.8208536999837,91.83866333484032,5.818086464547173,29.0,29.0,43.0,833.0,Loamy Soil,sweetpotato
30.44780339469887,82.3480958533227,98.5470663391642,6.828118654732967,20.24,46.21,56.89,2.44,Sandy Loam,mungbean
26.738825167320716,73.47634089004102,73.91302413719235,7.525398740654522,102.21,53.0,102.64,2.99,Loamy Soil,garlic
25.762828950811294,79.85703347791794,101.83282806627413,6.201714280550352,62.31,61.88,55.82,1.46,Acidic Soil,banana
31.1547842725252,72.32069016955685,72.6001155771802,6.350512268940696,103.91,83.9,130.99,3.08,Loamy Soil,shallots
25.875848471621232,71.96278713343366,52.68299549109602,6.9261073733926,75.44,57.98,116.64,2.18,Silty Loam,garlic
28.87061135338426,77.66712098731259,183.73471074487907,6.4161459116887904,85.55,47.18,97.07,3.04,Loamy Soil,chives
26.200390664947363,66.55376476726083,106.70295457618764,6.713027755942547,59.1105,85.64,79.5,1.5,Loamy Soil,maize
26.314441095518177,81.87229790874663,55.317508911532826,6.860508902722925,58.6,147.61992,81.96,0.63,Loamy Soil,watermelon
18.778463594237074,59.80009760984069,105.50889741436865,5.638856358738034,55.33,42.825,51.35,1.67,Acidic Soil,maize
27.75497408389741,47.54769969966544,96.22524229144203,5.106180267141392,58.27,39.2,48.6,1.59,Acidic Soil,mango
22.88330922,71.59722446,67.72777298,6.352471866,56.16,63.17,53.95,0.84,Acidic Soil,maize
28.342287250755895,65.74852456399566,56.999950122128965,6.084951946304449,25.37,58.58,84.09,2.18,Sandy Loam,peanut
25.290003376327995,83.3608750910034,266.0610066532164,6.641538839169642,69.94,44.59,95.65,3.12,Silty Loam,chives
27.3,78.7,222.8,6.75,118.55,103.75,159.51,2.25,Loamy Soil,chilli
27.630857317815263,79.93849663851978,105.04314700077293,6.168784848690196,62.97,60.73,57.61,0.73,Acidic Soil,banana
29.75150773,46.73723302,91.405983,4.981816523,57.06,36.95,46.04,1.58,Acidic Soil,mango
31.3,84.6,104.5,6.8,31.26,42.86,58.06,2.31,Sandy Loam,mungbean
25.528585663729583,73.48387364860059,107.30442423741775,6.664877777379383,57.1105,86.36,76.61,1.18,Neutral Soil,maize
31.9,70.4,131.7,6.36,34.55,47.02,72.27,2.37,Silty Loam,soybean
10.999405215174695,91.76288228868084,117.05629929951698,6.7533341110578755,57.44,145.189,126.98,1.58,Loamy Soil,orange
23.660997125494312,59.58427923261599,112.05340300735773,5.601166677343197,36.0,21.0,44.0,733.0,Loamy Soil,sweetpotato
25.04746944,85.5667282,56.72496677,6.932537231,56.75,141.2382,123.920105,0.7,Neutral Soil,watermelon
29.13135686413099,78.14249320400253,115.24984996272453,6.349618884699642,21.09,39.49,58.88,1.63,Sandy Loam,mungbean
24.59546792580407,52.318188346170516,135.77791457227963,6.942978809052657,62.61,148.0820435,149.57627,1.32,Loamy Soil,coffee
29.371807458498193,81.03573082445251,57.00206345707354,6.60090471037815,54.42,79.09,57.4,1.47,Neutral Soil,mungbean
28.70562673,81.59200689,58.5465992,6.705008504,57.79,112.98,67.06,1.66,Loamy Soil,mungbean
27.673964799668706,69.13784564388331,211.7776179543689,5.736541997301129,135.46,92.37,161.93,2.63,Sandy Loam,chilli
32.7,74.0,78.3,6.15,29.44,66.62,70.66,1.53,Sandy Loam,peanut
21.70663283675779,56.07538965737426,108.20285342708557,6.144793653958786,42.0,20.0,41.0,711.0,Sandy Soil,sweetpotato
27.458235000279576,56.5914762059458,129.68796468244207,6.125367696299454,63.04,46.61,65.8635,1.43,Acidic Soil,coffee
28.0720898805991,61.07775120985254,178.57271603732693,4.724707255129045,68.7,40.08,48.37,1.14,Acidic Soil,tea
22.587577934076112,72.12394360813879,67.62450272745454,6.432944999012142,54.16,63.17,54.95,0.84,Acidic Soil,maize
25.5,87.0,209.6,6.43,148.87,110.28,165.16,3.4,Loamy Soil,cabbage
20.704974207948162,80.89413305113267,209.7441559421332,6.836917701664138,68.2805,133.12,147.520955,2.18,Loamy Soil,rice
29.33799089349557,95.48577237591064,27.12733243928724,6.415035287517533,52.3405,76.83,47.48,0.66,Acidic Soil,muskmelon
29.62800691,90.32731875,23.69586761,6.075144116,53.51,59.23,43.42,1.74,Acidic Soil,muskmelon
27.11398694,90.32731875,24.4514648,6.741269235,53.32,134.7555,52.87,1.47,Loamy Soil,muskmelon
20.333471003254523,82.56343546699651,190.71445739940992,7.190884575450115,68.2805,132.08,148.520955,1.61,Loamy Soil,rice
32.4,65.7,79.6,6.0,15.52,69.86,70.89,1.11,Loamy Soil,peanut
23.283411734513933,54.5726872546074,109.91922936506381,5.948597654451498,37.0,36.0,41.0,692.0,Loamy Soil,sweetpotato
33.699023482916395,66.47862378591222,83.21339833969559,6.090795414201308,25.15,58.54,82.62,1.59,Loamy Soil,peanut
34.28879307,93.61082872,127.2509777,6.721130543,72.69,130.7,100.84,1.43,Neutral Soil,papaya
19.552785330654217,90.94530967952534,107.09806724131302,7.781041247230069,63.42,62.84,57.85,2.07,Peaty Soil,orange
24.24024848973278,68.16428135633704,54.167269450236276,7.098990039818178,98.26,62.51,120.35,3.01,Clay Loam,garlic
30.0,73.7,107.7,7.16,33.01,49.15,64.91,2.17,Loamy Soil,mungbean
22.67013605524061,59.07087677200363,119.04537745807745,6.872398436851163,33.0,35.0,45.0,794.0,Loamy Soil,sweetpotato
26.03248083659057,82.46323404506413,242.17703451959923,6.924336629339013,78.65,143.93,142.942,0.99,Loamy Soil,rice
33.001540982570354,95.60132179904984,50.89181717535678,6.645872617881293,57.73,124.0,61.02,0.92,Neutral Soil,papaya
24.649422075422535,80.55539603487121,200.41920868215055,6.075267699162953,138.63,81.54,180.32,1.87,Loamy Soil,chilli
24.695843172905445,74.38741492133516,78.91701426043508,6.5106380459492,61.15,77.26,65.66,1.08,Neutral Soil,maize
21.31,56.09,105.02,6.01,36.0,21.0,34.0,704.0,Sandy Soil,sweetpotato
29.624099672497167,73.86027929936967,112.28058122826134,6.210777974463142,26.97,70.14,88.92,1.09,Loamy Soil,peanut
26.93955399238224,68.31328581472951,85.3112752757365,6.060557356820467,88.37,63.99,108.87,3.41,Sandy Loam,shallots
27.187545090235233,73.26364677738731,161.04571213454554,6.591464009165892,70.52,45.11,100.73,3.89,Silty Loam,chives
25.81,62.36,112.59,4.72,32.0,23.0,49.0,796.0,Sandy Soil,cassava
25.176432617180993,83.75867385566241,90.03326760915418,6.353719773816647,63.8395,71.272,59.53,2.32,Acidic Soil,banana
27.0404910751945,81.3345640867319,221.18213265100687,6.451135393492919,172.02,103.71,185.12,2.54,Silty Loam,cabbage
25.78720567,82.11124033,243.5120414,6.946636369,78.65,144.93,144.942,0.99,Loamy Soil,rice
28.025218116539147,77.80254720442774,241.9077423998147,6.339247380601731,130.82,93.29,169.34,2.68,Loamy Soil,chilli
21.66926205059459,55.09465160336173,156.35843851303744,4.4466931836586,62.687,38.04,47.0795,1.92,Peaty Soil,tea
28.9346858355335,83.61874077350807,111.79109116894483,5.689186848146729,62.900000000000006,47.83,52.0,1.27,Acidic Soil,banana
25.668390413958555,78.86286732757983,113.03854622933423,5.589831447121522,66.00999999999999,46.388,48.19,0.51,Acidic Soil,banana
29.576617303119853,93.57425710698026,22.622168552723974,6.145118227064173,51.35,65.34,43.5,1.38,Acidic Soil,muskmelon
31.3,62.9,44.5,6.18,88.57,71.85,131.31,3.16,Silty Loam,shallots
26.88816914229172,61.167673388533366,167.497165620109,4.56362570854391,64.63,35.64,47.31,0.93,Acidic Soil,tea
19.576129468844044,68.62769440509322,83.7083978132867,6.28407364126671,57.15,53.27,52.91,2.03,Acidic Soil,maize
24.5,75.7,165.5,6.44,62.96,43.44,76.71,3.77,Silty Loam,chives
25.625335049047276,74.59547574955725,65.5324571775545,6.871421022461459,83.35,56.33,111.58,2.68,Loamy Soil,garlic
28.5,73.4,169.0,6.1,129.83,85.13,136.92,2.25,Loamy Soil,chilli
27.613844685045887,63.8701245550586,175.24369245464152,5.07987651591822,23.0,22.0,38.0,833.0,Sandy Soil,cassava
25.5,79.9,126.1,6.61,22.19,51.05,60.78,1.93,Silty Loam,soybean
26.449493786279028,82.41722029348978,250.18032520259516,6.763600843692282,124.65,95.71,193.44,3.35,Silty Loam,cabbage
27.7,66.6,84.2,6.8,83.92,56.91,114.21,3.58,Silty Loam,garlic
32.603377458813256,93.34351475628954,71.2682153372903,6.92923175469471,60.11,146.3566,127.82,1.57,Loamy Soil,papaya
33.3,70.4,58.7,6.23,20.59,59.69,87.8,1.69,Sandy Loam,peanut
27.02498898052597,80.76472076371427,272.52724484644807,5.921294913065202,80.86,55.42,75.92,2.35,Peaty Soil,rice
29.695152965589426,65.55910773895026,119.89351131555122,4.704822638118162,21.0,21.0,45.0,834.0,Sandy Soil,cassava
26.868832968984652,66.3508710210664,109.7098141883488,6.191043168887939,23.32,59.55,72.14,1.53,Sandy Loam,peanut
32.713689572379856,89.69938465896833,104.8772105350801,6.505858568451736,65.91,79.09,63.86,2.17,Acidic Soil,orange
22.115660022904304,56.34936825849402,154.7528569508655,4.570012279358993,62.687,35.04,51.0795,2.32,Acidic Soil,tea
24.580522483660854,58.17238023815835,83.59849113049756,6.383050633987935,43.0,38.0,54.0,878.0,Loamy Soil,sweetpotato
25.268615860363536,82.39473653528124,288.8829589089135,6.626721332823626,84.536,88.31,137.65,1.19,Loamy Soil,rice
29.793952405145284,71.78780680885065,86.56451846160776,6.2077139481050585,21.26,59.82,73.02,1.25,Sandy Loam,peanut
29.66461594,84.28187572,56.09542002,6.377568542,57.79,70.62,52.02,2.22,Acidic Soil,mungbean
31.44467389243941,74.62781321824497,124.6735308906169,6.629108628615429,34.73,44.48,62.38,2.69,Clay Loam,soybean
26.992130214747217,69.93173202261652,82.67162015316364,5.855311454427887,23.9,66.14,78.27,1.94,Sandy Loam,peanut
23.29597233886641,58.604551566465254,185.96884638048473,4.611088393916372,61.290000000000006,36.11,52.03,0.68,Acidic Soil,tea
29.14305008,49.40983294,97.55155537,6.815484072,57.8,113.824,108.787,0.58,Loamy Soil,mango
22.79196751,90.60901895,116.5084074,6.420457311,63.37,76.9,66.8,1.81,Acidic Soil,orange
28.803177136190833,66.26657818677843,72.82888186359759,5.943733548726883,28.37,57.05,77.35,1.28,Sandy Loam,peanut
29.0,67.3,119.6,6.41,18.26,54.74,84.86,1.34,Sandy Loam,peanut
25.9,60.3,52.3,6.62,104.39,64.57,100.75,2.85,Silty Loam,shallots
30.699501324454285,67.73268164882887,87.7044641552921,6.075708363213562,24.35,58.63,86.66,1.15,Sandy Loam,peanut
37.13165026,94.60761797,172.4788062,6.69215564,83.66,122.2,114.7,1.0,Loamy Soil,papaya
28.005362780575272,65.35568466669488,238.03727225628805,4.6446313590380965,68.6445,36.95,53.92,1.15,Acidic Soil,tea
26.150416803456825,82.12706919328092,220.12332502833385,6.3370234983898746,141.45,79.61,174.56,3.03,Silty Loam,chilli
26.2,74.8,168.6,6.95,60.77,44.93,71.45,2.89,Silty Loam,chives
24.197468418242234,80.1987708285054,201.34177755546673,6.799637540767004,80.09,54.07,87.36,3.72,Loamy Soil,chives
27.21868456032886,58.0936753039601,241.12769709469157,4.583544724817039,68.6445,39.05,51.87,1.19,Acidic Soil,tea
24.5,68.4,65.0,7.3,104.07,61.34,137.06,3.43,Clay Loam,garlic
25.13,57.19,103.57,6.48,34.0,31.0,48.0,818.0,Loamy Soil,sweetpotato
29.53037621,86.73346018,58.5465992,7.156563094,58.241,145.15454,90.99,2.06,Loamy Soil,mungbean
28.796182008838436,76.39387845376427,174.90039063686893,6.241975905725153,17.35,44.66,64.03,1.92,Loamy Soil,soybean
30.552255610048707,91.02478017851422,76.1072566994898,6.771300454495979,58.37,142.18427,99.27,1.37,Loamy Soil,papaya
28.794849517782357,67.77763605226664,59.72553954381732,5.8891348339312986,17.54,55.14,75.48,1.44,Loamy Soil,peanut
26.525409312156775,68.82224201507813,160.07510909481243,6.938435362246474,66.43,143.434,140.026,0.88,Neutral Soil,coffee
24.411293773041496,93.12826498633261,120.76962658743787,6.569240382575074,66.96,97.46,77.99,1.48,Neutral Soil,orange
27.71948962,94.43877142,82.83061083,6.827305908,62.05,146.8972,103.95,2.17,Neutral Soil,papaya
27.2,70.6,122.9,5.72,130.86,100.82,166.52,2.99,Silty Loam,chilli
27.86042982184852,76.59023823917639,206.2078096160913,6.314730165118394,145.74,102.59,162.24,3.34,Silty Loam,cabbage
25.414132649235007,56.52919732698083,104.37213404851269,6.448434171971276,34.0,33.0,46.0,818.0,Loamy Soil,sweetpotato
24.717864058562288,84.12079032676336,230.66633646139456,6.723248852768149,73.22,107.64,137.65,2.34,Loamy Soil,rice
26.35770906,64.57578034,163.6269496,6.505203696,65.47,69.15,84.09,1.68,Loamy Soil,coffee
31.0,79.5,153.9,6.62,34.02,44.49,79.77,1.68,Loamy Soil,soybean
23.55,59.47,118.89,6.56,41.0,34.0,51.0,805.0,Sandy Soil,sweetpotato
32.41157750151232,74.12284818104621,79.37151085203978,6.054302252657436,28.44,66.62,71.66,1.53,Sandy Loam,peanut
27.21621512621043,90.41893636701327,24.843730647390313,6.466894222270206,56.44,74.91,43.36,1.31,Acidic Soil,muskmelon
29.150494864829668,70.55249971802989,270.0316214073948,6.575881022203057,80.52,44.06,91.61,3.8,Silty Loam,chives
22.55608000976379,59.08644186036594,102.64525710228759,6.433124741617434,33.0,29.0,50.0,818.0,Loamy Soil,sweetpotato
23.16,56.76,120.3,5.64,36.0,25.0,32.0,773.0,Loamy Soil,sweetpotato
29.791762067893405,91.49717365327345,115.42338071189246,6.183372068344482,71.06,57.13,54.42,1.45,Acidic Soil,orange
30.240415180971503,90.02346254694055,58.98945660766968,6.318293505279275,60.241,69.63,50.61,2.24,Acidic Soil,mungbean
11.383774661566276,89.2832514202789,120.77338253930898,6.127183156930271,54.2595,66.74,61.43,1.85,Acidic Soil,orange
28.970547111019386,85.33092603023329,110.14864034270533,6.1029796322619845,61.92,62.18,55.19,2.2,Acidic Soil,banana
25.023755357359008,77.84518813130025,243.69090907250035,6.8026942425318335,89.81,56.39,83.62,2.65,Loamy Soil,chives
31.200555448902062,94.39937982254779,51.115606216707405,6.645552896407565,59.8895,106.1,57.848,1.02,Loamy Soil,papaya
23.9,65.0,47.9,6.77,83.26,58.62,107.63,2.06,Clay Loam,garlic
27.946658995812328,91.0639269200221,24.562512044596364,6.352547969086562,55.5,76.89,47.52,2.05,Acidic Soil,muskmelon
26.415934150241277,65.86932109365645,148.78646136472867,7.420663133985588,61.2,68.42,80.6,1.18,Neutral Soil,coffee
25.48662848,61.7437838,190.0583321,4.933758228,66.62,38.96,52.26,0.72,Acidic Soil,tea
25.898384163785398,83.84234289276394,48.32602068506739,6.263074621367532,55.67,65.64,46.42,1.89,Acidic Soil,watermelon
19.598179598067592,59.88433167189275,66.06140646821879,6.414232430176138,52.4895,58.93,56.12,1.34,Acidic Soil,maize
27.793638590643244,77.5957527500834,108.97274717560354,5.643922812736448,65.3,46.05,51.67,1.02,Acidic Soil,banana
26.3,73.6,130.4,6.11,142.55,116.66,136.31,2.83,Silty Loam,chilli
18.92851916,72.80086137,82.34162918,6.158860284,56.3,55.97,53.05,0.99,Acidic Soil,maize
27.625108329513754,93.92442055581614,115.13507481244567,7.235079874718025,68.56,142.0194,115.34,0.79,Loamy Soil,orange
28.14720892,83.8001509,37.44800463,6.647965508,54.91,101.41,54.18,1.72,Loamy Soil,mungbean
28.17432665,81.04554836,37.23469744,6.828187499,54.88,144.4896,68.21,1.91,Loamy Soil,mungbean
29.234534213754205,72.97532431653256,100.42214402637866,7.191548196106766,82.29,53.01,96.61,3.27,Clay Loam,garlic
24.2328871387839,70.36451509845838,232.92668097686345,6.660952176283654,130.86,114.84,125.2,3.13,Loamy Soil,chilli
11.272615125817422,93.12988800693314,103.09290052437618,7.698083512314623,57.2595,67.33,55.94,1.16,Peaty Soil,orange
35.322965062784256,52.27062311323,98.76585452598842,5.474530128026099,61.709,37.71,50.33,1.11,Peaty Soil,mango
39.99736410018738,90.3025231902801,123.24552775546296,6.970851681568858,74.69,141.7055,146.115295,1.77,Loamy Soil,papaya
25.794878149155196,64.50593345669202,192.1537668941734,4.695171392716758,66.32,36.2,52.97,2.28,Acidic Soil,tea
25.59509564636907,83.94773879654286,91.95993198872117,6.477718756069865,58.8395,72.272,62.53,2.32,Acidic Soil,banana
23.03074271176272,66.19524608399445,58.44375580174109,7.324316352934611,97.05,73.72,125.99,2.64,Clay Loam,garlic
24.380235384375247,84.97791099106784,49.14574865560572,6.549508546238079,53.44,82.68,53.86,0.94,Neutral Soil,watermelon
25.92185930430363,66.26706432643881,103.25853779859214,6.480388334303801,35.94,51.15,67.03,1.61,Clay Loam,soybean
24.64458469,85.49938185,48.31219031,6.343942518,55.66,69.1,49.82,1.08,Acidic Soil,watermelon
32.729483397590776,51.949660524351515,92.92371146685183,4.589666869247448,62.08,35.72,46.36,0.63,Acidic Soil,mango
31.14980186619275,78.62680295242177,132.4589370885483,6.7462460016671395,38.77,56.99,78.78,2.07,Silty Loam,soybean
29.2,82.8,84.1,6.98,26.98,38.06,54.23,2.02,Sandy Loam,mungbean
28.33,62.01,139.75,6.01,36.0,25.0,36.0,736.0,Sandy Soil,cassava
26.66580446464326,85.79393002094592,41.89498269659394,6.711450406125497,53.58,144.3,66.92,0.97,Loamy Soil,watermelon
28.95172351,81.67085323,56.51103293,6.510840928,57.42,80.09,55.4,1.47,Neutral Soil,mungbean
27.677361998685857,72.98166622138721,116.42842767978716,6.073651259747605,23.18,56.61,79.92,1.21,Loamy Soil,peanut
29.9,79.8,129.7,7.08,30.12,35.82,53.41,2.07,Sandy Loam,mungbean
26.0,72.5,146.3,6.29,38.41,45.71,64.13,1.78,Silty Loam,soybean
24.21847159304249,68.18461378927452,121.32078675155508,6.905951334575231,63.1,142.199,144.6,2.0,Loamy Soil,coffee
29.82729394,90.79007335,22.84203589,6.40077205,53.44,75.45,45.08,1.3,Acidic Soil,muskmelon
26.132345139317177,79.40292019436674,113.16307932596956,5.688531641820198,65.06,47.81,49.41,2.23,Acidic Soil,banana
27.86746547301626,89.63699241548674,22.699490631556348,6.247791716613537,51.97,67.03,44.85,2.45,Acidic Soil,muskmelon
30.282540180689946,95.034258551481,115.75649171776965,7.511515393686156,70.17,82.17,66.83,1.65,Peaty Soil,orange
26.79,59.98,95.53,6.09,49.0,36.0,36.0,796.0,Sandy Soil,sweetpotato
22.5,88.5,187.7,6.05,163.28,105.11,193.5,3.05,Silty Loam,cabbage
21.84,55.48,93.68,5.88,31.0,30.0,41.0,833.0,Loamy Soil,sweetpotato
28.25122842581154,73.18478574864491,40.89486677488749,6.653958634745637,92.44,76.17,139.55,3.23,Loamy Soil,garlic
28.74391920351938,60.56186143347716,189.73685087996762,6.856131947573118,34.0,23.0,46.0,655.0,Sandy Soil,cassava
27.2,70.4,199.7,5.87,123.19,94.69,120.3,2.25,Silty Loam,chilli
27.15551330359758,46.28267050916073,95.55992003103917,6.358815543629288,58.8575,54.51,62.0,1.92,Acidic Soil,mango
24.22831594119041,84.53415084247919,241.37289255921445,7.511913513233912,79.79,85.19,108.97,1.2,Loamy Soil,rice
24.512871234345095,85.11363513567201,49.50673770934628,6.441058676564338,55.44,82.68,53.86,0.94,Neutral Soil,watermelon
25.883734559366406,66.00869457158785,75.01645588179096,6.7570556521644445,102.23,65.52000000000001,122.63,2.28,Silty Loam,garlic
27.8646629056745,55.621531760685755,129.34246878915081,6.291999510890645,64.1,54.93,63.8635,0.64,Acidic Soil,coffee
27.47697377640351,83.67549973693603,96.39676700375112,5.6565093343445465,60.75,50.62,49.6,2.31,Acidic Soil,banana
26.49334103505642,76.78532409718566,203.59693782550076,6.068000504474246,135.31,112.2,192.6,3.19,Clay Loam,cabbage
28.06642822,85.91625451,39.23831035,6.42937879,55.26,75.17,49.36,1.58,Acidic Soil,mungbean
39.727171742431146,90.77433515354285,64.85911931047197,6.583299906070093,59.82,86.01,61.848,1.8,Neutral Soil,papaya
28.22471276,82.35916228,44.01206619,6.428054409,55.68,73.2,50.26,2.43,Acidic Soil,mungbean
28.822008946250826,73.06679761369732,128.93289593803607,6.605688479488581,33.72,50.39,63.61,1.98,Clay Loam,soybean
27.81668183509035,60.16357966851553,228.917101400786,4.886792214388477,68.85,39.43,53.5,1.63,Acidic Soil,tea
28.36319404,84.8593608,52.93031105,7.140437859,57.08,141.84824,90.25,0.9,Neutral Soil,mungbean
27.775610675014494,93.16712798357017,29.9639953950034,6.362723768239231,51.19,79.44,45.95,1.41,Acidic Soil,muskmelon
23.31689124,73.4541537,94.29712821,5.852607099,58.97,49.21,50.96,2.36,Acidic Soil,maize
27.96799119,79.28625709,118.9970203,5.694243847,64.72,48.22,52.2,1.92,Peaty Soil,banana
25.95436413012966,84.16939691460826,58.56301407241991,6.910018348986448,57.81,140.5105,124.920105,1.76,Neutral Soil,watermelon
23.30998263409094,59.929270286613175,118.30624493683064,6.634170685613278,42.0,35.0,53.0,805.0,Sandy Soil,sweetpotato
22.140995899834923,83.03861726352028,163.91954729003504,6.286850811884714,146.56,116.66,155.44,3.34,Silty Loam,cabbage
30.878254461862852,49.458478118850046,89.1763778284571,5.452965205512706,56.85,37.54,48.58,0.99,Acidic Soil,mango
29.778384871150266,45.06264131285867,102.11301444034706,5.76238251270469,54.55,39.82,48.56,0.82,Acidic Soil,mango
26.97784880592196,94.63784002438409,116.44549476135249,6.230368211299475,63.22,67.65,61.71,1.53,Peaty Soil,orange
26.87838993392145,90.08790724064147,23.453888762622928,6.132722213098933,56.46,59.8005,43.46,1.3,Peaty Soil,muskmelon
29.774839690174407,78.52735608111139,147.52408890795033,6.318355609483532,139.72,88.12,145.57,2.34,Loamy Soil,chilli
29.2,76.6,178.5,6.01,25.04,40.57,74.39,1.55,Clay Loam,soybean
25.85483596,89.13163965,46.85176955,6.073383996,56.0,58.14,46.7315,2.37,Acidic Soil,watermelon
24.9004602,89.63725244,57.44942094,6.770278088,57.13,147.19,73.34,0.56,Neutral Soil,watermelon
24.7174605557653,90.1024487355848,42.79778559134001,6.053268754946299,52.37,59.06,44.7315,1.04,Acidic Soil,watermelon
28.623099980802152,84.65508031844446,105.35968565619736,6.766231813523119,24.81,41.05,49.5,2.29,Sandy Loam,mungbean
24.823453561718857,79.57691944694749,109.80596139547447,5.724268459394394,63.86,51.06,51.66,0.99,Acidic Soil,banana
27.82850182592231,56.14069835279255,128.35042115396578,6.019790803168077,63.04,48.61,66.8635,1.43,Acidic Soil,coffee
26.4,72.1,192.7,6.7,135.37,111.1,148.16,2.68,Sandy Loam,chilli
22.977231662065147,58.37331108398718,243.30742401125738,4.768571005617839,71.29,39.88,55.61,0.62,Acidic Soil,tea
31.8,79.1,84.3,6.44,24.52,31.81,57.17,2.25,Loamy Soil,mungbean
31.2,70.5,245.1,6.34,136.26,112.27,127.39,2.95,Sandy Loam,chilli
25.809192398892648,73.85929389041291,123.12908838643088,5.530842512287659,148.85,109.08,178.19,1.93,Silty Loam,chilli
27.1,77.3,190.9,6.0,143.27,102.66,166.13,2.98,Clay Loam,cabbage
25.959036049369672,60.00446222268227,108.45577327682811,6.038528993672951,31.0,23.0,43.0,741.0,Loamy Soil,sweetpotato
29.775259706802817,92.43670101354621,27.101559834448903,6.030623001126384,54.06,61.29,41.79,1.8,Peaty Soil,muskmelon
28.73096092705827,75.65547901749709,101.13134043189204,5.848070894513506,59.34,50.31,49.27,2.49,Peaty Soil,banana
29.241508323409057,89.35320191141739,37.579588883016726,7.013489168868853,55.22,143.6449,95.52,2.3,Loamy Soil,mungbean
24.395824256290805,85.32426327314366,49.79097428981319,6.138102370569348,56.14,60.95,49.75,0.99,Acidic Soil,watermelon
28.700280511686884,65.67040268800173,81.05927031344406,6.284792334232303,21.82,59.56,73.74,1.11,Sandy Loam,peanut
28.227599168173985,83.27921444421919,192.7341426561367,5.698737581859299,109.3,82.7,123.63,3.19,Loamy Soil,chilli
24.618039780700872,80.20685984274122,222.23746873845073,6.468888497919615,124.42,117.17,198.02,2.61,Loamy Soil,cabbage
29.87386051,90.75284363,25.37828397,6.646962425,53.83,107.12,49.58,0.68,Neutral Soil,muskmelon
12.687768733644567,90.56302901649141,109.5194864853529,7.038713909557781,55.65,144.27377,139.68,2.26,Loamy Soil,orange
32.0,68.3,77.2,6.04,17.03,58.37,87.51,1.05,Sandy Loam,peanut
29.35,63.07,112.08,5.9,28.0,19.0,45.0,716.0,Sandy Soil,cassava
21.440286346060944,56.91562319486182,103.70893345076158,6.021801200464031,39.0,22.0,33.0,704.0,Sandy Soil,sweetpotato
35.42613035316218,49.78741333030205,97.30540656946678,6.083035776336924,62.48,48.79,53.58,1.2,Acidic Soil,mango
24.44345477,82.45432595,267.9761948,5.950647577,80.01,53.57,74.05,0.85,Acidic Soil,rice
27.19711623,77.3970629,99.46950465,6.200111068,61.63,59.03,56.58,1.95,Acidic Soil,banana
28.491785188723167,80.60208807557699,91.9507106586621,5.749077146833043,61.66,48.23,50.08,2.06,Peaty Soil,banana
22.8,87.2,242.2,6.41,76.93,57.79,78.46,2.84,Loamy Soil,chives
29.00237099998083,76.83951925922412,91.98248334014254,6.214122034946742,62.55,58.91,53.56,0.89,Acidic Soil,banana
39.80179127985897,95.1590928029069,185.5502170392806,6.925363702825692,88.41,146.3937,144.0583,2.43,Loamy Soil,papaya
29.857573504982074,68.86852176119373,57.19743207725842,5.994611800049503,29.49,51.15,83.83,1.58,Loamy Soil,peanut
32.89300162,52.61323969,94.49161372,4.66817978,59.08,36.72,45.36,0.63,Acidic Soil,mango
17.942818353825988,70.8434470019377,87.4268135486054,5.626930488466912,57.31,43.95,47.23,2.37,Acidic Soil,maize
23.2,85.8,206.4,6.07,77.93,47.57,98.85,2.77,Loamy Soil,chives
28.89578588,94.78993038,23.0362503,6.286515359,53.51,69.86,44.3,1.96,Acidic Soil,muskmelon
25.850045315097105,54.92289788748688,79.32916590365518,5.706901373234528,28.0,29.0,43.0,767.0,Loamy Soil,sweetpotato
25.45195392687943,82.04786310051568,170.12892392110425,6.594808503874169,125.05000000000001,86.62,157.9,3.81,Clay Loam,cabbage
22.83035707358139,72.4716965063016,97.0023290080763,7.041350470268676,102.69,65.25,137.21,3.7,Clay Loam,garlic
29.516441143068835,88.85372390628534,180.06391614923288,6.8226964834201365,66.01,57.45,84.48,3.9,Silty Loam,chives
11.02134028,91.38411917,117.5293447,6.8198271,56.44,145.189,126.98,1.58,Loamy Soil,orange
28.487689347066212,75.45779077757413,58.16179958253967,5.880322252591509,30.15,66.35,78.43,2.15,Sandy Loam,peanut
27.53592929,85.5701901,53.01899249,7.16602455,56.94,144.968,75.93,2.03,Neutral Soil,mungbean
30.67600390100928,72.34789666378535,112.57079881734083,6.6135541819357915,32.17,53.14,68.61,1.77,Clay Loam,soybean
26.697710416885723,52.770452505651036,189.82850985806664,6.924220874232756,67.46,139.2915,151.0319245,2.31,Neutral Soil,coffee
29.24548553523356,93.32830152583239,28.253395422039493,6.311098566042894,56.13,76.75,47.59,1.63,Peaty Soil,muskmelon
26.946095559852612,72.53064296823958,140.80989196200557,6.365831911708799,21.71,38.39,53.51,1.98,Loamy Soil,mungbean
25.21979144774289,68.5423161838149,63.99140564741657,6.497561812680562,52.93,75.16,55.8,2.32,Neutral Soil,maize
29.07412717,93.27189064,101.1453817,7.36549204,65.18,106.56,76.77,0.7,Neutral Soil,orange
28.341274691837256,66.6262368118783,40.33593956066078,6.7970758158423745,90.32,66.59,95.65,2.41,Loamy Soil,garlic
26.81938687,87.8274604,46.06193778,6.551750306,56.03,88.78,53.7,2.41,Loamy Soil,watermelon
23.61118718597031,92.84759630444006,191.80242982741345,6.856996626786947,70.45,148.099313,148.431,1.47,Neutral Soil,papaya
20.82477109,84.1341879,230.2242223,6.462391607,72.41,76.95,97.1,1.89,Peaty Soil,rice
11.03367937,92.22706805,112.7715925,6.562594972,56.38,93.26,74.38,1.53,Loamy Soil,orange
22.950241530018776,64.4230308687933,128.3678496496388,7.168129531646493,58.6,131.34,131.71,1.9,Neutral Soil,coffee
27.79151515291022,67.41990333812421,131.65760104272306,6.496328936944223,27.28,49.02,61.17,1.65,Clay Loam,soybean
20.37999665,63.73849998,108.5054416,6.644205485,57.83,83.74,80.66,1.08,Neutral Soil,maize
24.486096037784808,81.11947760090641,52.583936526888905,6.955628999916017,53.65,143.4819,119.87,1.29,Loamy Soil,watermelon
27.27,63.79,157.06,5.11,21.0,23.0,38.0,629.0,Sandy Soil,cassava
25.37964719,58.53509654,155.8722042,4.966697175,62.86,38.64,50.23,1.77,Acidic Soil,tea
33.42542169419718,69.83778360052914,118.07750831397247,6.299295876578836,13.01,63.02,86.15,1.83,Loamy Soil,peanut
19.28889933,65.47050802,71.3195307,6.807487794,55.0,132.03,89.4,0.97,Loamy Soil,maize
26.65895437784246,73.9604411051626,139.9554118471787,6.603459339544497,114.58,102.54,144.31,3.09,Loamy Soil,chilli
28.8,67.7,110.2,6.78,27.6,54.7,73.6,1.91,Silty Loam,soybean
35.0554436502177,47.88943315895656,89.98357221431723,6.415517406656848,57.66,55.98,62.87,1.36,Acidic Soil,mango
26.782955925920888,90.93119538717436,22.787982362242328,6.130032109157764,55.97,59.07,45.316,1.05,Acidic Soil,muskmelon
43.102856875922065,93.93933482577745,115.48676872194056,6.843474553979409,78.81,146.62549,147.115295,1.61,Neutral Soil,papaya
28.14448546,82.1193047,46.75690086,7.064782138,56.0,148.807266,136.23,2.17,Neutral Soil,mungbean
40.00439101,90.20227736,92.11877372,6.52711001,68.46,87.2,65.97,1.19,Loamy Soil,papaya
28.289656285703145,74.91651789168438,121.25449713702356,7.091043637061306,21.82,50.72,61.22,1.55,Sandy Loam,mungbean
30.0,81.3,105.0,6.65,26.69,39.95,59.28,2.47,Loamy Soil,mungbean
24.37118217,87.1269128,44.63907691,6.451499764,55.27,77.65,50.85,1.03,Acidic Soil,watermelon
25.78749808,84.51194224,114.2005455,6.020445317,63.83,55.88,55.54,2.01,Peaty Soil,banana
24.206899027418682,59.19932120217827,108.65013725590745,6.920355526679539,39.0,33.0,35.0,845.0,Loamy Soil,sweetpotato
26.322847552719015,79.1934749723229,114.38860073554015,5.6843999209664435,60.12,49.7,54.31,1.83,Acidic Soil,banana
24.436422692849344,78.20231416436715,154.92015728948388,6.470251934470471,176.93,89.41,191.68,3.16,Silty Loam,cabbage
29.7,71.5,48.6,6.32,102.48,64.52,135.42,3.3,Loamy Soil,shallots
26.988988340687253,74.804923520076,105.97650128579275,6.579231077055331,24.34,48.48,61.59,1.66,Loamy Soil,mungbean
26.399513516870375,62.802487089171436,180.56542804853,4.983268039134053,67.76,41.03,50.62,1.76,Acidic Soil,tea
25.586319874764502,72.09363304265486,103.0387173466192,6.85471570351999,63.1105,142.906,143.688,1.52,Neutral Soil,maize
25.546016255241806,66.31742987179608,160.1579929504656,6.669605600639605,25.28,52.1,72.88,1.6,Clay Loam,soybean
27.13825725205747,56.964462384324584,147.80094222003942,7.083343977784269,64.68,147.68449,146.5351,2.3,Neutral Soil,coffee
30.69568881980803,80.1885024082954,150.88786840331312,6.884801442558538,21.84,42.15,79.55,2.56,Silty Loam,soybean
23.941797226328784,59.9584873791041,112.6701428554563,5.4534144865779,34.0,22.0,43.0,733.0,Loamy Soil,sweetpotato
22.92,57.5,77.72,5.69,41.0,25.0,35.0,846.0,Sandy Soil,sweetpotato
26.016427937704293,56.74305250680107,193.1820246605051,7.318334487892898,63.08,93.86,135.79,1.97,Neutral Soil,coffee
26.29407337691095,78.40394852983714,120.49598883389638,6.202723382773466,63.53,58.82,61.27,1.62,Peaty Soil,banana
27.9,69.2,75.1,7.32,98.18,68.52,136.78,3.23,Clay Loam,garlic
29.881976580088853,88.71639949328689,181.42440273385336,6.803962818911671,68.01,57.45,85.48,3.9,Silty Loam,chives
24.60297538,91.28408653,111.2948115,7.601189843,63.89,75.55,64.68,1.34,Peaty Soil,orange
24.831689355115024,55.97107276846882,81.99088429605624,6.975340527758582,50.0,21.0,52.0,821.0,Sandy Soil,sweetpotato
27.371875945256676,90.70844563768533,25.231379471473065,6.723544828332629,55.75,134.56,50.986,1.04,Neutral Soil,muskmelon
26.54,63.98,242.01,6.9,32.0,21.0,38.0,819.0,Sandy Soil,cassava
29.501760152529634,70.63623498168694,224.94989320483802,6.363958941385718,98.89,111.88,157.01,3.09,Sandy Loam,chilli
28.983439261411466,78.90958045951191,97.26870403706518,5.481898141577688,62.36,46.388,51.341,2.07,Acidic Soil,banana
36.64192781501172,92.4373972627124,188.00163629394285,6.51607072732774,82.61,90.45,94.09,1.95,Neutral Soil,papaya
23.481567063244942,83.42682390414207,152.3406450379957,6.640448018216234,144.43,96.15,186.76,2.86,Clay Loam,cabbage
20.03728219,56.50010826,108.5181845,6.727303282,56.84,92.0,93.31,2.21,Neutral Soil,maize
26.185587652334842,81.89989311882319,164.9670887959495,6.866301149190723,71.97,54.05,92.67,2.54,Loamy Soil,chives
29.26756368853369,91.99680483533805,24.546160262353894,6.092618238943822,53.7,60.35,42.82,1.57,Acidic Soil,muskmelon
25.2,76.3,219.6,5.71,144.18,104.81,174.78,2.59,Sandy Loam,chilli
29.05248036,93.92217834,23.66620626,6.105909623,53.59,61.51,43.53,1.62,Peaty Soil,muskmelon
24.35912895,59.09236649,176.4064162,4.75307832,64.11,37.89,50.47,1.37,Acidic Soil,tea
25.96,62.63,165.74,5.49,27.0,21.0,39.0,788.0,Loamy Soil,cassava
28.529028074567094,67.72415982388986,55.39111883825387,6.198411256744908,109.64,79.83,149.93,2.59,Sandy Loam,shallots
25.17134118308396,63.04142067200186,236.6048190113323,5.009574539680781,70.86,40.0315,55.42,2.03,Peaty Soil,tea
29.2,73.8,109.4,6.38,27.82,65.07,76.34,2.16,Sandy Loam,peanut
26.223917034786396,77.26279787947551,178.89535824768072,6.684068531070199,119.2,114.48,160.92,1.91,Sandy Loam,chilli
34.2949947341327,90.27415446892711,98.8202497889344,6.9082223707050066,66.99,147.446,116.24,0.64,Neutral Soil,papaya
29.13,64.29,233.15,5.71,28.0,29.0,29.0,760.0,Sandy Soil,cassava
28.8,69.8,165.0,6.07,35.0,46.33,76.62,1.78,Clay Loam,soybean
22.1613325773068,62.71759252456078,186.4339969586189,4.758525072388517,65.5,36.87,52.46,1.6,Acidic Soil,tea
31.6,75.6,126.5,6.57,35.73,43.48,63.38,2.69,Clay Loam,soybean
30.25874317010228,70.72844454826246,92.45215211642429,6.297755463293224,25.45,33.82,55.28,1.52,Loamy Soil,mungbean
24.53002799080809,89.10560528367938,206.93894676786456,6.1052686716887274,179.23,110.24,184.85,3.25,Silty Loam,cabbage
29.60529221495931,82.51224291242602,42.82570574915709,6.951288337696695,58.6,144.757,81.46,0.73,Neutral Soil,mungbean
29.7,80.0,130.8,6.82,21.67,44.06,54.97,2.28,Sandy Loam,mungbean
27.937043821486444,86.97659660965581,59.38188278831914,6.294059852970223,55.01,68.68,49.38,0.84,Acidic Soil,mungbean
33.70932132269413,93.57934840677144,201.9295995817517,6.99889970821761,87.5,144.66082,147.4531,0.72,Loamy Soil,papaya
21.63162756,60.27766379,69.21803098,6.430616465,55.01,61.76,56.21,1.97,Acidic Soil,maize
25.40270299474616,59.33507448137304,157.6111502928321,4.872909007127667,60.86,39.64,49.23,1.77,Acidic Soil,tea
28.06280107430795,82.99985567819549,53.25291346128288,6.22268611706896,57.93,65.7525,51.57,1.56,Acidic Soil,mungbean
24.54356968,84.60808277,42.00660251,6.211748957,54.9395,62.2,47.11,2.2,Peaty Soil,watermelon
26.705040162190418,76.91348352204342,142.6781567263678,6.448567422949431,26.17,33.68,69.46,1.97,Sandy Loam,mungbean
28.367560281296985,71.07731718700495,172.095774914017,6.691581855306422,98.45,94.28,129.1,2.48,Silty Loam,chilli
29.151208484962677,83.44620864519662,108.63743082271418,6.0695613435339375,65.9805,55.31,55.85,1.95,Acidic Soil,banana
24.8,62.6,96.1,6.39,90.93,81.17,126.15,2.38,Silty Loam,shallots
26.44019475,80.91934337,47.81847573,6.507110986,55.68,79.25,52.94,1.43,Neutral Soil,watermelon
28.354979672018167,64.81319168954785,165.67345864084945,6.186963307925248,33.34,53.06,71.7,1.96,Loamy Soil,soybean
24.804401545055693,62.37507276951119,167.6442884414746,5.935885160372083,30.0,26.0,27.0,601.0,Sandy Soil,cassava
25.18224012127646,62.439678882380626,73.60172636083685,6.2570654001847785,56.64,56.37,52.84,1.15,Acidic Soil,maize
24.649514065986075,85.33528221827547,174.70594241249998,6.1210044002702935,63.78,47.81,89.9,2.69,Loamy Soil,chives
25.396269279334074,63.67639882207587,223.84543103287984,5.227218764386014,30.0,24.0,34.0,711.0,Sandy Soil,cassava
26.340864808707764,75.11575792290917,81.82153181979858,6.266677645168997,26.37,34.32,54.54,1.78,Loamy Soil,mungbean
32.34961230141336,50.13540047427139,93.36940369934797,6.552191792407766,60.69,60.13,64.77,1.9,Neutral Soil,mango
29.03,63.15,108.83,4.64,26.0,29.0,26.0,827.0,Loamy Soil,cassava
22.416620007776555,56.71603188182038,110.477888354048,6.28985741250559,41.0,20.0,37.0,711.0,Sandy Soil,sweetpotato
31.1008201634786,49.0560339526333,90.39582083550297,5.70577899577186,55.87,41.82,49.65,2.01,Peaty Soil,mango
33.17687804508212,92.19588364841445,233.88680764037684,6.758190099411892,91.61,126.29,145.69,1.9,Neutral Soil,papaya
30.320503680590637,72.14167185325826,43.85312358397839,6.21195427689525,86.89,77.47,131.03,2.98,Sandy Loam,shallots
21.54495141,55.38065416,221.6872243,4.938014641,64.61,38.01,54.33,1.78,Acidic Soil,tea
25.367098180505135,83.61853205570456,90.84357828019556,6.249780294630345,62.84,62.64,53.15,1.05,Acidic Soil,banana
31.51752701572675,63.581265663123325,43.000915070082065,6.095350880547845,89.57,71.85,133.31,3.16,Silty Loam,shallots
27.04185489707545,80.0257907035483,285.35810993742683,6.5706966035349605,90.66,46.71,85.96,3.09,Silty Loam,chives
24.335339054762695,82.62351661065134,55.16612952523186,6.664573329192527,54.13,100.97,60.1,0.65,Neutral Soil,watermelon
34.58561471,50.34035336,100.2181868,5.497946899,59.7,40.05,48.9,1.11,Peaty Soil,mango
24.30060918959271,80.8791519114007,117.6868639865564,6.645707285244737,113.25,110.31,147.45,1.93,Silty Loam,chilli
27.71326102337041,83.43147350717605,105.44042726520684,6.2562040218087045,124.73,111.16,122.55,2.13,Sandy Loam,chilli
32.13999007037814,50.85228473817225,99.1595174550651,6.050708730089198,57.9,45.8,56.58,2.33,Acidic Soil,mango
29.619953108736773,91.21210230261828,24.247446373554062,6.386307059031547,54.44,76.45,47.08,1.3,Acidic Soil,muskmelon
24.141720502428736,80.14492988419786,252.9866035211303,7.6826433527179425,75.92,64.03,85.32,1.22,Peaty Soil,rice
28.34703603012709,83.6980981234679,38.832465749808684,6.612561096414007,51.91,99.41,53.18,1.72,Loamy Soil,mungbean
29.092634053672274,62.16216737609434,63.784492647747356,6.431044950261376,81.68,74.45,115.54,2.89,Sandy Loam,shallots
27.367716638643518,63.85054739938102,224.34739926773216,4.766176051354622,68.6445,39.76,55.55,2.35,Acidic Soil,tea
23.535972140603096,59.77596069764991,140.01071530197433,6.785851512380143,58.16,112.3,127.35,2.4,Loamy Soil,coffee
24.0,77.9,154.9,6.44,177.93,87.41,192.68,3.16,Silty Loam,cabbage
29.75525236274739,63.65663740366995,201.12145060776746,5.984791427786629,40.0,19.0,40.0,720.0,Loamy Soil,cassava
29.624418790844267,80.90677112573316,202.87507564914685,5.941312686855725,127.18,86.38,154.05,2.14,Loamy Soil,chilli
25.3,77.6,150.3,6.72,30.39,46.37,72.0,2.15,Silty Loam,soybean
22.263766247141074,92.4543514484266,109.04058222857036,7.499145938817107,60.86,76.79,62.459999999999994,1.09,Peaty Soil,orange
23.75691965524186,65.6890901800028,55.56356708324583,7.240292163974725,99.05,69.72,128.99,2.64,Clay Loam,garlic
25.96,62.77,215.34,6.72,39.0,18.0,31.0,767.0,Sandy Soil,cassava
27.214375035576573,64.2126524986672,224.45157974012074,4.732152255280216,68.6445,39.76,52.55,2.35,Acidic Soil,tea
11.195850635030977,94.70505407147981,110.48884740638132,7.827585131570514,56.57,63.11,56.98,0.74,Alkaline Soil,orange
25.37601283,80.99313508,57.23028471,6.65398725,56.53,100.22,62.05,0.91,Loamy Soil,watermelon
24.53610067,91.90997228,115.9787989,6.488221135,64.53,83.88,70.22,1.0,Acidic Soil,orange
29.038112820774085,64.95671339858909,114.52105895172309,5.790154257101889,24.03,57.0,77.29,1.4,Sandy Loam,peanut
30.252638687743,90.9579349649127,21.21627372083973,6.056492676191763,55.4,58.94,43.45,1.7,Acidic Soil,muskmelon
28.221871298960426,59.993706065667816,234.683227698842,6.792186639996346,28.0,22.0,29.0,819.0,Sandy Soil,cassava
25.62446619,93.18240298,97.26336657,6.762522087,62.9,147.72,94.61,1.0,Neutral Soil,papaya
26.0,71.1,60.2,7.12,74.78,77.38,127.81,2.45,Loamy Soil,garlic
23.497880735475118,82.7820048085582,187.55196101697481,5.336162468350943,67.44,46.05,57.0975,1.53,Peaty Soil,rice
22.795059496449113,61.394357376116034,247.08811827549812,4.904974184404306,67.03,40.86,57.4215,2.22,Acidic Soil,tea
23.64124821,80.28597873,263.1103304,5.108527114,77.74,42.919,57.65,2.38,Peaty Soil,rice
32.28416067123906,53.75224976542196,89.21163218488886,4.62074158653261,56.64,34.92,47.3595,1.21,Acidic Soil,mango
32.55102987933719,66.87784388804702,57.063583018174405,5.950048626010125,27.79,68.7,80.32,1.56,Loamy Soil,peanut
26.941579234398894,73.05864432456863,97.89969833942591,6.4707340328651535,18.23,50.36,64.6,1.88,Loamy Soil,mungbean
32.77800787417799,91.39577566066812,79.31792493936517,6.881978518293785,60.99,145.501,144.061,1.19,Loamy Soil,papaya
28.373418483432776,92.00057736301612,20.803836126933618,6.351721337039578,51.02,66.82,41.89,1.47,Peaty Soil,muskmelon
31.105612275331136,74.99380775552815,108.26116423424405,6.032698261228781,30.02,67.34,87.58,1.52,Loamy Soil,peanut
25.761459631593155,81.4811468950016,55.32116196052564,6.590548985468387,54.53,98.22,62.05,0.91,Loamy Soil,watermelon
24.6,70.7,234.0,6.64,127.86,114.84,127.2,3.13,Loamy Soil,chilli
23.048864308340022,73.42081407799263,95.71911159832496,6.902683710338399,103.69,64.25,135.21,3.7,Clay Loam,garlic
35.44769494614656,91.92913050023807,162.45904758915867,6.663300877259121,78.29,115.96,107.97,2.03,Loamy Soil,papaya
23.315513635931996,55.2672890769562,108.07650317961446,5.955623368536928,41.0,35.0,41.0,692.0,Loamy Soil,sweetpotato
22.827958818070655,57.92083481872442,103.54121780510846,6.434257755457928,35.0,31.0,50.0,818.0,Loamy Soil,sweetpotato
26.589717712173705,83.96686400666805,285.6624026087436,5.619338782245411,84.536,48.27,66.23,0.52,Acidic Soil,rice
26.671352340851065,66.93965538009516,175.8294217968832,6.837645725179816,64.56,120.59,149.77,0.69,Neutral Soil,coffee
27.135191900095467,60.24491762816052,103.22803867133048,6.261173801225887,27.0,19.0,36.0,815.0,Sandy Soil,cassava
28.667721302001837,94.78464825330018,24.571977207346496,6.067611990477677,56.59,63.51,45.53,1.62,Peaty Soil,muskmelon
20.2800712,81.60487287,262.7173405,7.628472891,73.98,68.95,95.74,1.75,Peaty Soil,rice
24.28888877,81.64075303,51.75212401,6.915717008,55.65,143.4819,121.87,1.29,Loamy Soil,watermelon
21.54600194506848,61.9552236672955,242.56999448701316,4.638689283743494,69.95,36.9,51.74,1.95,Acidic Soil,tea
35.565072062017116,51.589139195488,88.38092459950312,5.235797800052413,59.13,40.84,45.9,1.9,Peaty Soil,mango
20.54371561365552,64.7269598820015,108.82136798064873,6.616079080938973,58.83,83.74,80.66,1.08,Neutral Soil,maize
31.663577405243455,49.56507237665213,99.40269412808564,6.079299032227079,58.9,45.8,52.58,2.33,Acidic Soil,mango
27.75520406944035,81.26850728071686,105.22351104326658,6.19957080811663,59.97,57.73,56.61,0.73,Acidic Soil,banana
23.43413634,58.74017179,155.0653236,4.856532429,61.81,38.22,49.6,1.85,Acidic Soil,tea
24.113197705342454,81.73000753384265,47.64189445341189,6.704413657286068,58.32,131.67,67.07,2.42,Loamy Soil,watermelon
27.42711692,90.32731875,21.7508774,6.379690748,52.98,73.54,44.68,0.69,Acidic Soil,muskmelon
29.8,72.2,49.6,6.72,113.47,88.8,139.56,2.04,Sandy Loam,shallots
22.704240956354496,86.54677957480608,178.35904168970245,6.137828473076507,78.27,46.62,76.94,3.08,Loamy Soil,chives
31.528475000689927,70.88653821543778,196.10340550787868,5.877008089147737,140.24,101.23,157.68,2.86,Sandy Loam,chilli
12.53071999285516,91.35344047933211,117.50092338671101,6.1762740220048125,57.67,63.69,58.05,0.84,Acidic Soil,orange
30.727668948254912,74.17075305969266,122.81301594687005,6.434597049235936,18.91,56.96,72.97,2.19,Silty Loam,soybean
29.78894675057911,86.83210110239126,57.90664734512556,6.314444744774482,61.241,73.1,53.01,0.76,Acidic Soil,mungbean
29.87386051,94.55695552,28.16057247,6.117530021,54.3405,62.15,44.25,0.73,Acidic Soil,muskmelon
23.77725062637804,55.981443917622094,236.27516324206937,5.010223572696627,69.99,36.2,55.13,0.71,Acidic Soil,tea
28.174674746253004,83.55767847883956,161.03490016982204,5.9933320268174155,133.78,82.31,174.55,2.42,Silty Loam,chilli
43.287661061278406,94.39491169626446,52.94771557002167,6.7383096443468045,59.41,131.67,59.86,1.97,Neutral Soil,papaya
29.5,81.5,124.1,6.94,29.25,40.81,52.25,2.14,Loamy Soil,mungbean
21.31388231,57.50157537,243.6025436,4.966697175,66.42,38.51,55.4215,1.13,Acidic Soil,tea
22.6265115,65.77472881,88.17251033,6.78073637,57.29,119.99,93.62,1.02,Loamy Soil,maize
24.6,79.5,159.9,6.03,146.35,108.47,189.35,3.65,Clay Loam,cabbage
24.550448143635816,79.77722745372701,185.28440991006403,6.222776757893507,73.46,55.91,70.29,1.55,Peaty Soil,rice
40.46299464058117,91.94062335725164,208.28229851952437,6.833713714357129,92.78,141.62,140.41062,1.86,Neutral Soil,papaya
30.907643041231367,93.57770598497798,107.07778545073482,6.334220735029505,67.1,76.57,61.43,0.67,Acidic Soil,orange
29.111158569296013,74.4562449534343,70.64862082067742,6.321290717357376,27.07,53.99,80.83,1.67,Sandy Loam,peanut
23.97085175098045,81.68368495211355,251.82057805340935,7.406771028754179,74.14,78.59,106.31,1.88,Peaty Soil,rice
27.90898119929881,62.21541077035215,213.19773846331987,4.8304955464487405,73.07,37.39,53.76,2.07,Peaty Soil,tea
32.12789275174417,45.05558636368539,92.15053942511514,5.392525668831145,54.38,39.63,46.71,1.1,Acidic Soil,mango
23.30546753,63.24648023,108.5181845,6.385684214,58.91,60.89,63.61,1.18,Acidic Soil,maize
25.68166851546668,77.59677450752719,115.91025978204384,5.792353862084328,66.12,50.7,51.31,1.83,Acidic Soil,banana
25.86,64.24,206.18,7.38,36.0,29.0,35.0,766.0,Sandy Soil,cassava
28.500648433575705,93.28928669803894,28.247793266203065,6.373909506810644,52.34,77.83,47.4,1.96,Peaty Soil,muskmelon
25.62980105,83.52842314,209.9001977,5.534878156,74.96,47.1,59.1,1.21,Peaty Soil,rice
26.268654915862626,84.25368260323172,47.155729807840714,6.2760084565678245,58.06,62.34,47.95,1.35,Peaty Soil,watermelon
26.035061838891814,81.17323129394296,242.3034446777503,6.9454216382785665,79.65,146.45895,140.943,1.43,Loamy Soil,rice
28.200922149308223,77.74315825117176,145.06742106226747,6.213654044329158,28.38,37.71,60.59,2.01,Sandy Loam,mungbean
30.70241011086889,75.0989069699455,191.5049708125309,6.191653717828396,30.759999999999998,48.63,67.94,2.79,Loamy Soil,soybean
31.334614776537357,81.44736596705391,108.35516103624617,5.897720729077296,144.84,106.51,125.94,3.15,Sandy Loam,chilli
27.81005614,51.59445462,95.89898581,4.74910393,57.64,36.88,45.68,0.73,Acidic Soil,mango
26.21680845778078,73.54490689131627,66.16202917445415,7.256099995745408,79.96,77.97,97.91,2.34,Loamy Soil,garlic
27.292527578116797,93.7966915835354,25.46893562025619,6.53373633411281,50.95,79.88,44.5,0.8,Acidic Soil,muskmelon
25.031539028366446,70.82816449522693,187.4901437864526,6.61377180385146,140.76,109.56,132.7,3.13,Loamy Soil,chilli
25.49483432418836,83.95558110527884,109.3495134815589,6.404424300638638,104.96,117.9,140.37,2.55,Silty Loam,chilli
28.049461622803076,73.49381248451967,69.0064696441073,6.577265207694222,107.36,66.44,97.74,2.64,Loamy Soil,garlic
29.166893007001534,79.8146808566441,117.99648043813131,6.661331321216738,29.689999999999998,41.79,57.44,1.72,Sandy Loam,mungbean
24.16845478207157,56.85595984865438,121.81218566421465,6.75400403115892,34.0,40.0,50.0,789.0,Loamy Soil,sweetpotato
25.54,61.79,152.92,5.2,30.0,22.0,29.0,742.0,Sandy Soil,cassava
27.34734861,94.17756725,50.95886237,6.687088098,57.8895,120.29,59.848,1.33,Neutral Soil,papaya
23.743025494828135,63.5841277162053,108.96932749391483,6.470839530178473,57.91,62.89,63.61,1.18,Acidic Soil,maize
26.7,89.4,273.7,6.06,67.89,45.06,97.33,3.95,Silty Loam,chives
31.7,70.7,169.0,6.16,144.01,82.58,162.03,3.16,Silty Loam,chilli
27.79897381665718,62.401352255900036,192.19981796678792,6.678829022399309,25.0,21.0,22.0,733.0,Sandy Soil,cassava
35.54334133,48.69677802,98.00644238,4.66817978,59.53,36.324,45.3595,1.58,Acidic Soil,mango
23.79391957,80.41817957,206.2611855,6.970859754,71.93,143.037,146.9476,1.32,Loamy Soil,rice
27.9163013613421,62.33544553085536,243.0641856435813,5.334670929318744,39.0,25.0,25.0,799.0,Loamy Soil,cassava
26.40323239,81.05635517,223.3671883,6.349606327,76.56,67.39,85.79,0.89,Acidic Soil,rice
27.48854480783953,84.95026624530738,99.49185652803108,5.664042550162736,60.75,50.62,49.6,2.31,Acidic Soil,banana
21.923401320775877,81.09486635838434,226.21358151708847,6.992013716021069,72.02,143.824,142.6978,1.4,Loamy Soil,rice
22.0,89.0,181.2,6.35,171.76,86.81,176.17,2.55,Loamy Soil,cabbage
25.88793462951014,87.80085818535564,45.97855798032819,6.625004926716098,58.77,119.98,61.79,0.7,Loamy Soil,watermelon
29.6,70.1,104.0,6.27,28.99,69.87,84.97,1.98,Loamy Soil,peanut
32.03333913799814,72.56422825207711,53.10587570481139,6.2654348100267665,18.98,62.78,84.06,1.66,Sandy Loam,peanut
25.14736487,84.51753456,91.46442491,6.195152442,60.84,61.64,55.15,1.05,Acidic Soil,banana
21.60764431,62.21291774,223.1767951,4.826208676,66.67,38.59,53.69,2.42,Acidic Soil,tea
24.4,62.7,82.5,6.16,99.37,67.09,145.56,3.23,Loamy Soil,shallots
27.30901814,55.196224,141.4831644,6.348316257,61.85,55.41,68.95,2.12,Acidic Soil,coffee
29.335852416257513,66.91409968394534,117.79820687741284,6.056138597731309,18.64,50.77,75.05,1.72,Silty Loam,soybean
15.63211033,94.25966183,101.4705704,7.561143224,58.31,80.39,64.11,2.1,Peaty Soil,orange
26.783138572462644,81.25371099834261,221.31383793865612,6.485029690625585,169.02,101.71,189.12,2.54,Silty Loam,cabbage
21.44526922,63.1621551,65.88951188,6.178056304,54.96,53.05,50.69,1.57,Acidic Soil,maize
33.52715753931243,52.107323003192775,96.57222937279367,6.461270615611148,59.69,60.32,62.09,1.43,Acidic Soil,mango
27.664987885637007,82.49985748104949,103.25470279410736,6.232544726100239,61.25,64.41,58.35,1.26,Acidic Soil,banana
27.881020115574085,95.02619793249043,113.78314723683113,7.139821692881307,66.56,140.0194,117.34,0.79,Loamy Soil,orange
25.36059237,76.10953962,116.5531455,6.012696655,62.32,52.8,55.74,1.59,Acidic Soil,banana
40.937742868497466,93.44131227097058,132.17571134667068,6.622347499814487,77.96,92.8,82.53,2.26,Loamy Soil,papaya
27.35003104,47.16808054,95.257992,6.422710539,56.8575,54.51,62.0,1.92,Acidic Soil,mango
26.33377983,57.36469955,191.6549412,7.261313694,66.08,95.86,137.79,1.97,Neutral Soil,coffee
25.59,61.89,173.0,5.12,38.0,22.0,23.0,607.0,Sandy Soil,cassava
27.933569826612054,94.82751420371414,28.357087052154064,6.523836349352868,52.95,81.88,44.5,0.8,Acidic Soil,muskmelon
30.048307971813838,71.82404987975343,140.65207608931348,6.5933324446107004,24.19,30.8,59.51,1.94,Sandy Loam,mungbean
26.63539933277272,86.59347896831191,57.64570543958761,6.705956201241594,58.41,143.31,74.17,1.36,Neutral Soil,watermelon
29.849922330395447,70.67748227074055,66.075943277162,7.1638259101021875,107.29,66.48,109.42,2.98,Silty Loam,garlic
28.86903914484333,74.30961175391495,160.4009289191683,6.601699855239375,145.49,114.27,147.93,3.01,Loamy Soil,chilli
30.9,73.9,122.9,6.35,33.7,49.28,58.3,2.0,Loamy Soil,mungbean
28.5,85.5,204.2,6.22,79.03,57.93,78.59,3.71,Silty Loam,chives
27.12033120583603,81.17204273944292,280.410734518634,7.67531260280199,82.536,57.25,83.05,1.32,Peaty Soil,rice
42.94110805,94.63707378,50.95886237,6.720744449,59.41,131.67,59.86,1.97,Neutral Soil,papaya
23.508914976356493,57.440656349026504,124.91635279356177,6.684314000490139,37.0,19.0,52.0,812.0,Loamy Soil,sweetpotato
23.1,82.7,262.8,6.75,62.95,42.88,74.3,3.34,Loamy Soil,chives
27.5263916370366,79.57691040366161,224.36742805636345,6.6609865041213965,116.55,102.75,161.51,2.25,Loamy Soil,chilli
30.59082385644317,67.11175004594668,99.77371575365731,6.479995753139175,31.19,51.28,91.62,1.1,Sandy Loam,peanut
29.5888162,89.71960682,54.96121262,6.904587016,58.13,148.807266,116.8,2.06,Neutral Soil,mungbean
18.428906213743872,72.38587264106381,78.17362255867401,6.439573988393262,54.76,62.95,58.89,1.66,Acidic Soil,maize
25.26931156,87.55055105,41.14698587,6.612847999,54.9395,97.84,53.82,0.77,Neutral Soil,watermelon
28.55449060626664,66.44601051236971,119.5799406622465,6.335437381588653,16.26,53.74,83.86,1.34,Sandy Loam,peanut
23.822781439928857,53.4893508054539,166.84315674020792,7.097663006030769,62.56,125.16,140.30369,0.87,Loamy Soil,coffee
30.266161518249245,84.72111963462646,121.82436017070582,6.742859318493951,142.83,96.28,131.15,2.52,Sandy Loam,chilli
29.433684170972327,72.70714379791656,189.48886205472846,5.825588332700432,132.13,94.31,132.89,2.86,Sandy Loam,chilli
25.921993420833413,67.70537027582932,172.1634186626104,6.392350348761911,66.82,64.22,79.59,2.29,Acidic Soil,coffee
25.56004209,55.38065416,247.1716684,4.83529333,69.32,37.63,55.22,2.1,Peaty Soil,tea
24.0,76.2,173.3,5.59,126.45,98.13,120.14,2.05,Loamy Soil,chilli
28.89896897927782,47.909907700052685,97.05365548154535,5.061001468862689,58.5,37.5,44.72,0.95,Acidic Soil,mango
26.81383586,87.21986949,51.70497792,6.873283991,56.72,143.2588,94.41,1.0,Neutral Soil,watermelon
30.403091793396804,74.97206486609663,135.47844243658903,6.4485657180964004,35.07,42.41,75.81,2.34,Loamy Soil,soybean
33.55695561,53.72979826,98.67527561,4.757114897,59.709,37.19,45.87,1.88,Acidic Soil,mango
22.996030141870815,57.36064657025126,243.1865349237281,4.84330902178582,69.14,39.98,55.77,1.73,Acidic Soil,tea
28.61,64.99,224.23,5.0,29.0,26.0,48.0,746.0,Sandy Soil,cassava
29.436509233133496,81.03999109174768,124.7886342434663,7.012354683596132,30.25,42.81,53.25,2.14,Loamy Soil,mungbean
29.029341828218087,74.0733010848313,85.72161913065857,6.564108659683746,86.56,66.54,124.23,2.75,Silty Loam,garlic
26.379385510393615,81.96042275735697,179.7622936250132,6.2762694131389,71.88,51.79,84.97,2.88,Loamy Soil,chives
27.56,61.85,155.83,5.85,35.0,27.0,24.0,668.0,Sandy Soil,cassava
27.1,64.38,187.59,4.53,30.0,22.0,46.0,654.0,Sandy Soil,cassava
28.0106804,76.52808057,103.7040783,5.891413895,62.35,50.71,52.47,2.37,Acidic Soil,banana
21.37167572591866,79.8216881363597,226.02542145766574,5.866229286990057,68.87,53.0,67.62,1.1,Peaty Soil,rice
27.51006055,51.08826183,143.9955548,6.983732393,61.15,146.54737,143.267,1.77,Neutral Soil,coffee
21.762963245885295,56.101387186064436,157.32282924351685,4.707411505971193,58.687,35.04,51.0795,2.32,Acidic Soil,tea
35.783208911857265,52.310958139919265,91.96075404779927,5.2042359828329054,57.13,37.84,44.9,1.9,Peaty Soil,mango
30.40982752099177,63.18092809049013,61.94698716137303,6.033041846741142,93.88,66.11,106.11,2.08,Silty Loam,shallots
25.159996672015524,80.34266911112717,167.96162205745588,6.505398922411524,151.06,95.9,127.07,2.94,Loamy Soil,chilli
32.46973461285512,77.75373687878609,202.9166646454744,6.586921914270966,121.34,88.84,168.51,2.52,Sandy Loam,chilli
25.1,69.4,116.5,6.81,31.03,43.17,78.84,2.02,Silty Loam,soybean
27.071129995133095,80.16734602717112,41.0354909649227,6.878210650520889,55.0,146.8743,100.7,2.18,Neutral Soil,mungbean
18.86883219,93.24688124,119.0417975,6.157135092,61.67,63.19,58.89,1.7,Acidic Soil,orange
23.196373345226306,72.2195532292536,67.82410920955563,5.8714145044985555,57.27,47.06,49.45,1.82,Acidic Soil,maize
29.222197396482905,92.14252871133112,20.53603092310804,6.627492332528911,54.13,123.89,49.5,0.72,Neutral Soil,muskmelon
22.2159935028277,64.19771828095813,88.11844485135758,5.737123589527071,54.02,44.28,51.36,2.33,Acidic Soil,maize
28.493911503327,75.46624817426633,137.7415046964589,6.15865701966711,129.94,108.92,160.6,2.41,Sandy Loam,chilli
30.188103270037598,93.67958976865823,23.83381810837189,6.516738845001106,51.77,79.74,46.89,1.33,Acidic Soil,muskmelon
28.655172050540514,82.689777709719,120.60437731199073,6.954960432960426,30.54,42.18,63.85,1.57,Loamy Soil,mungbean
18.47891261,62.69503871,65.43835393,5.970458434,54.4895,48.27,48.47,2.12,Acidic Soil,maize
34.07603266,93.12316972,101.1453817,6.949838549,68.01,145.232233,145.3791,1.95,Loamy Soil,orange
25.3,74.3,203.7,6.16,73.38,47.23,85.55,3.65,Silty Loam,chives
26.7,84.4,222.0,6.32,172.19,96.99,183.16,2.9,Clay Loam,cabbage
28.3,74.3,88.5,7.17,109.47,53.08,134.64,3.78,Loamy Soil,garlic
27.10571213383956,63.67463371197308,124.27657206332768,5.3482411340545815,33.0,23.0,46.0,750.0,Sandy Soil,cassava
31.08104714254915,70.87697810740521,77.9707006903548,6.444319084526358,97.39,69.52,116.45,2.6,Loamy Soil,shallots
24.0028517,64.15172749,205.6436271,4.585519314,67.59,37.97,51.36,2.31,Acidic Soil,tea
27.131981182764545,79.22911283507923,188.27754050572574,6.101768730154735,30.75,59.83,74.31,2.32,Clay Loam,soybean
29.986517091656157,71.74900608106125,116.65147309587749,6.366000162950502,15.96,56.39,87.33,1.92,Loamy Soil,peanut
23.00843968911785,81.76394637130771,263.47583592979066,6.690781587309845,59.95,43.88,72.3,3.34,Loamy Soil,chives
25.123982972985456,67.73705177367462,169.2426835495919,6.4549455282308745,63.489999999999995,72.46,90.59,1.41,Loamy Soil,coffee
30.264184098624142,94.358798975784,27.57085408778051,6.077042243503163,52.3405,63.15,42.25,0.73,Acidic Soil,muskmelon
24.8,85.7,263.6,6.56,82.8,47.53,85.14,2.65,Loamy Soil,chives
25.937006266941747,89.45837900621636,57.64593421428883,6.498939464592595,56.43,79.95,56.46,1.92,Acidic Soil,watermelon
28.179934220931028,60.35647432159492,231.27905043203447,5.35898121869435,39.0,21.0,25.0,618.0,Sandy Soil,cassava
25.6,65.2,37.6,6.48,84.52,67.04,115.08,3.32,Sandy Loam,shallots
25.077822266384004,56.16565678990726,244.99002450911422,4.677744928334199,67.3,38.06,55.88,1.82,Acidic Soil,tea
22.50466914528858,81.85363058519272,263.677746845257,7.668788111449698,76.77,59.39,83.89,1.8,Peaty Soil,rice
33.82811704509697,94.07069476698692,127.5700766595198,6.808381872839273,73.69,130.7,101.84,1.43,Neutral Soil,papaya
24.84016732,68.3584573,74.05474936,6.472523287,56.99,68.88,58.72,0.93,Acidic Soil,maize
24.747831464265914,68.7403009483114,74.94882046682235,6.4173203606064755,58.99,66.88,57.72,0.93,Acidic Soil,maize
27.00932084,80.18546798,97.32531705,6.13465588,61.71,57.8,55.0,2.37,Acidic Soil,banana
29.449665823855067,90.66180727325408,23.375409261889047,6.503345876619875,50.25,91.82,46.85,1.45,Neutral Soil,muskmelon
29.08591970002869,61.572697872066115,60.80796618501249,6.417785737292497,84.68,74.45,118.54,2.89,Sandy Loam,shallots
28.95451232,89.07866095,57.65901369,6.421271178,58.241,76.18,53.28,0.58,Acidic Soil,mungbean
24.853627741495185,62.68056330249154,148.46969816056142,6.397603116462682,61.63,62.91,72.66,1.37,Acidic Soil,coffee
30.017697678610567,65.9226436408784,111.8009846561599,6.868865679754536,39.61,49.78,65.5,2.11,Clay Loam,soybean
29.471617261943724,75.72085362145017,146.37711288979392,6.0618296629235875,37.9,47.51,63.74,1.8,Silty Loam,soybean
28.527899167933196,81.9958818629428,116.81933305671936,6.185562472739262,65.9805,62.96,59.99,1.87,Peaty Soil,banana
25.316084138015544,57.889269908146865,122.3214866977463,6.0668829988812805,60.02,48.04,63.8635,0.68,Acidic Soil,coffee
27.338206840477373,75.40187356027518,141.0406696692919,6.838485047401583,148.55,97.59,167.99,2.89,Silty Loam,chilli
22.48683313722272,81.66180808235987,197.7160725146423,6.107420775922006,133.23,83.46,165.87,3.46,Clay Loam,cabbage
28.553443548471208,68.13525711820807,111.77442528004303,6.868157426089083,29.6,54.7,72.6,1.91,Silty Loam,soybean
25.920464189610552,61.48191280506979,189.37752153893976,4.889457965288076,63.959999999999994,39.0315,54.19,0.55,Acidic Soil,tea
26.2,81.0,107.9,6.37,27.32,44.16,54.17,2.44,Sandy Loam,mungbean
26.041421877521294,57.75080272637561,184.08478554936696,4.71474412349079,63.55,36.67,48.78,1.22,Peaty Soil,tea
25.026518062710426,65.55211409985513,87.26452135273617,6.652305385168414,56.98,82.55,73.3,2.16,Neutral Soil,maize
29.490256534471197,70.9984843243795,226.05303219291812,6.263911695751465,99.89,111.88,161.01,3.09,Sandy Loam,chilli
25.339965146797805,79.7450944853514,137.15006937855537,6.48894988263821,25.71,42.27,72.71,2.27,Silty Loam,soybean
24.883370347749143,53.42956762666799,166.74074898240391,6.381873295071919,64.37,55.23,72.31,0.83,Acidic Soil,coffee
29.832850845008267,91.04951975974807,27.992358070964848,6.649326086141999,50.85,105.38,49.66,2.02,Loamy Soil,muskmelon
26.861831822991068,52.35270038640776,156.7089391204347,6.153482667024137,64.09,52.81,66.65,0.57,Acidic Soil,coffee
30.42677040314711,72.09782242917682,139.6018400585283,6.539689843743527,26.19,29.8,57.51,1.94,Sandy Loam,mungbean
28.50326124543145,72.6050866621517,89.48251021488352,7.44291540252767,81.58,76.09,130.92,3.09,Loamy Soil,garlic
25.899157081050372,62.18023038974331,195.47267165514572,7.304897471971102,69.23,95.37,130.5,1.67,Loamy Soil,coffee
25.99069521,83.33983116,112.0777152,6.220643671,63.49,62.08,59.17,0.61,Acidic Soil,banana
27.11030175,89.71960682,37.45680611,6.698574085,55.07,119.47,56.57,2.25,Loamy Soil,mungbean
28.70595247,50.44030129,95.8946444,5.445008416,57.71,39.73,48.22,0.66,Acidic Soil,mango
21.756156276301933,63.16435299543102,246.34204819294806,4.543051081974829,69.0,38.71,52.33,1.88,Acidic Soil,tea
25.8,78.5,206.0,6.46,157.03,81.56,196.23,3.06,Silty Loam,cabbage
42.94110805,93.90305729,211.8529059,6.54277684,94.627,91.61,101.78,2.0,Neutral Soil,papaya
33.638618038686296,53.71736414473417,98.73585791027797,5.363606128988713,56.67,40.59,46.87,1.28,Acidic Soil,mango
21.632022625501712,62.450272187178896,221.1196485878182,4.857701186204125,68.2,38.0,56.32,0.76,Acidic Soil,tea
27.407020762548246,89.1867132606302,194.38883151100794,6.592691107106233,151.94,113.2,170.07,3.1,Silty Loam,cabbage
26.041193272805405,63.12234948537426,164.37923748127565,5.412080171344025,26.0,19.0,38.0,788.0,Loamy Soil,cassava
25.07116106617084,77.63242940870772,193.21711506307983,6.759592436998666,29.659999999999997,53.08,62.57,1.57,Silty Loam,soybean
23.783118458465847,51.482941399021605,140.82244977085278,6.96291579418217,62.605,142.45645,142.74486,1.69,Loamy Soil,coffee
32.71076462846759,53.25970695700838,93.56644403622299,5.8256310065023875,61.82,45.63,51.76,0.76,Acidic Soil,mango
27.94972463,76.63713353,109.0921631,6.037430836,62.98,53.89,55.11,2.28,Acidic Soil,banana
38.433394074916194,92.45152872948104,210.5815529352116,6.923765177946897,92.75,144.334,140.52498,2.23,Neutral Soil,papaya
29.203787881022695,79.16033047985566,191.0477894133287,6.6246991144877425,31.759999999999998,45.29,68.78,2.75,Silty Loam,soybean
26.81041748185263,69.91946195314756,158.2388927034859,6.821335632462057,32.54,47.02,70.02,1.63,Silty Loam,soybean
27.018130876947644,95.04597949155887,51.360834225648965,6.645155929717119,55.8895,120.29,59.848,1.33,Neutral Soil,papaya
29.02728645082527,64.06238653330396,231.7942073452336,5.650186207455963,26.0,28.0,31.0,760.0,Sandy Soil,cassava
24.90638936094409,90.11605798096681,217.6844775315452,6.773348918708572,80.07,122.65,142.3,1.97,Neutral Soil,papaya
29.005645547875236,71.10258202706301,101.94603396330291,6.8678232445422465,27.32,47.81,62.11,1.97,Sandy Loam,mungbean
28.031603012081273,91.97407837988168,22.196478357006846,6.128830768516633,52.01,64.59,42.32,2.03,Acidic Soil,muskmelon
22.43608706081493,60.98799653387689,171.84729168966504,4.978708044872426,61.33,39.77,51.73,2.34,Acidic Soil,tea
16.649645095581995,92.04150338439658,102.43294175235555,6.7080938013764175,60.64,105.85,76.66,1.34,Loamy Soil,orange
28.5854649,91.89216849,26.88372572,6.085682344,53.92,60.15,43.92,1.47,Acidic Soil,muskmelon
29.6,67.7,70.4,7.1,88.04,71.16,90.68,2.85,Silty Loam,garlic
22.73457923519708,61.75020999011614,170.77142262099193,4.983735254455281,61.33,37.77,48.73,2.34,Acidic Soil,tea
27.7,88.2,231.2,6.68,87.05,50.52,80.19,3.57,Loamy Soil,chives
29.4,64.9,35.8,6.38,91.15,80.56,144.82,2.62,Loamy Soil,shallots
22.962120679967754,61.05734085496814,195.21021889452618,6.819948059969486,68.19,96.94,135.04,2.04,Loamy Soil,coffee
27.876669236130283,61.19442241893037,179.06212758184404,4.71488083387455,70.7,37.08,48.37,1.14,Acidic Soil,tea
13.64289406951264,93.189009608445,107.08889280822844,6.365790199163492,60.33,71.67,61.93,1.37,Acidic Soil,orange
29.86895569,83.14796296,40.12044158,6.623438282,55.54,96.24,54.21,2.01,Neutral Soil,mungbean
22.71162653937442,59.8969907204235,117.25378684598181,6.939624132667337,31.0,37.0,46.0,794.0,Loamy Soil,sweetpotato
22.3,81.9,187.7,6.19,151.51,113.2,159.06,3.73,Clay Loam,cabbage
29.9,71.9,184.6,6.46,69.61,42.75,90.33,3.73,Silty Loam,chives
23.60567546,59.68849145,185.1568059,6.080823839,64.49,49.34,66.67,1.96,Acidic Soil,coffee
27.89636126,88.71782287,57.79863368,6.78415271,57.95,141.1712,75.7,2.03,Neutral Soil,mungbean
23.509600815940175,72.42207756874487,68.58249457029741,6.5976427033799245,55.25,92.79,68.01,2.21,Neutral Soil,maize
23.50297882,61.32026065,64.77791424,5.588426629,55.19,43.825,46.84,1.37,Acidic Soil,maize
27.384417797812663,48.396844096030364,97.64934875517955,5.637180486083604,56.86,39.0,47.83,1.95,Acidic Soil,mango
27.988373267563354,94.29227943695874,21.867057474739262,6.514196758257352,56.0,78.41,42.85,1.35,Acidic Soil,muskmelon
27.0,88.9,229.5,6.36,160.98,90.48,182.74,3.69,Clay Loam,cabbage
24.0,75.4,198.2,6.09,131.37,109.72,185.12,2.92,Silty Loam,cabbage
24.486936774107928,55.525687599917006,64.75044408623498,6.886794767747705,56.82,144.21743,140.688,1.42,Neutral Soil,maize
27.19417085961922,60.15224800168227,96.89855417099595,6.129179593542098,47.0,34.0,34.0,796.0,Sandy Soil,sweetpotato
25.17795499904761,83.17048166220566,114.69310253742253,5.731058648760643,66.55,50.33,51.91,1.97,Peaty Soil,banana
30.5,71.1,114.0,6.7,33.36,43.87,64.91,2.02,Loamy Soil,mungbean
25.18757135523655,86.64189441671527,208.2802968882651,6.401923632064596,151.87,111.28,167.16,3.4,Loamy Soil,cabbage
24.311579951365196,63.08577724761943,61.59787175046349,6.698840897687456,104.34,62.88,99.57,2.31,Sandy Loam,shallots
29.094107338097885,71.35613203444603,42.022470688853716,6.601244987586836,113.01,72.29,148.27,2.15,Sandy Loam,shallots
27.680308014124492,74.40663733721114,145.47532667403897,6.8287204452816574,23.54,39.16,57.63,1.51,Sandy Loam,mungbean
27.737681836163674,76.57449527608505,102.3337937703914,6.236293865662312,63.53,66.38,58.41,1.15,Acidic Soil,banana
26.32768289937015,51.824156217839395,126.64101727540894,6.787410064692647,61.68,94.83,109.3,0.54,Loamy Soil,coffee
30.998927475989632,84.24153858622041,205.96808268091985,6.256914953085245,118.49,99.95,134.24,2.94,Silty Loam,chilli
27.1,79.0,186.6,6.13,31.75,59.83,73.31,2.32,Clay Loam,soybean
11.533542535532167,94.20858868484176,101.50668671188977,7.49370175516669,59.26,77.41,66.3,1.71,Peaty Soil,orange
25.454816846664396,81.58783411945863,177.81678847701014,6.350670018205807,74.88,51.79,86.97,2.88,Loamy Soil,chives
28.726318443135714,79.03794949102414,119.01005235942242,6.407925464693083,67.98,67.76,59.791,2.03,Acidic Soil,banana
13.70319166,90.95589386,106.2944879,7.609348255,57.36,74.78,63.26,1.62,Peaty Soil,orange
28.799690982894273,70.23990233544208,92.67115594511355,6.835265022716261,103.85,77.59,97.04,3.37,Loamy Soil,garlic
39.56784139391863,93.66112828365964,121.24119816268569,6.631130906250125,77.87,97.42,78.92,1.04,Loamy Soil,papaya
28.606117975078728,71.21601239260713,38.94929006709624,6.119474509751841,94.57,66.3,108.96,2.15,Silty Loam,shallots
20.79854118346005,81.33596211703225,246.6913777640758,7.681610366593104,73.86,70.62,93.17,2.24,Peaty Soil,rice
24.26,59.84,109.78,6.96,36.0,34.0,34.0,845.0,Loamy Soil,sweetpotato
19.917927803892123,62.5545407501175,65.06635054858081,5.810259248736077,56.63,45.4,45.6,0.62,Acidic Soil,maize
31.2,75.8,115.1,5.94,118.09,97.54,158.15,2.06,Loamy Soil,chilli
25.632831284660693,62.72980917224732,148.8027439058326,6.714307339649,65.6,99.52,111.06,1.73,Neutral Soil,coffee
35.33294932,92.11508608,235.6133585,6.560743093,92.6,92.91,111.52,1.85,Neutral Soil,papaya
24.9,83.5,179.3,6.52,158.0,111.25,181.49,3.07,Loamy Soil,cabbage
27.6,72.8,69.4,7.11,75.36,74.27,131.7,3.58,Loamy Soil,garlic
28.53545677,91.72742702,25.1290048,6.161123579,53.65,62.8,43.99,0.64,Acidic Soil,muskmelon
27.873182613098837,75.5376207082354,120.05202650102734,6.101193294879514,67.27,58.22,60.11,1.72,Acidic Soil,banana
27.6557178,58.33021692,239.3774182,4.524333644,71.6445,37.05,52.87,1.19,Acidic Soil,tea
29.522984346832185,81.48991394105683,42.60712522621566,6.890830021437479,55.92,144.36,94.99,0.79,Loamy Soil,mungbean
22.37,55.36,81.16,6.23,43.0,36.0,39.0,783.0,Loamy Soil,sweetpotato
29.12533739,91.52291141,21.90440445,6.741269235,53.24,134.7555,52.986,1.63,Neutral Soil,muskmelon
30.255904123039176,65.91489391508438,90.47442602301975,7.339447053263037,91.91,64.71000000000001,119.67,2.79,Loamy Soil,garlic
11.0015154790859,91.24945922145773,111.77667638670144,6.551179932868012,55.38,91.26,76.38,1.53,Loamy Soil,orange
21.01335380630615,83.31163429475143,280.07577099890017,7.0162019299336436,77.82,141.233,147.520955,0.96,Loamy Soil,rice
42.54744013,94.63707378,214.4103848,6.662875839,94.627,114.49,124.8,2.34,Loamy Soil,papaya
23.976072438970302,89.24466415622692,39.9808854559717,6.65814187965282,56.9395,103.17,52.27,2.19,Neutral Soil,watermelon
25.056639539727357,79.63618292298288,50.594799834126476,6.235891786105714,54.64,65.14,49.51,0.52,Acidic Soil,watermelon
28.675434027797298,68.95491492047047,39.31108241753381,7.126403445472185,73.85,71.02,117.4,2.39,Silty Loam,garlic
27.6,66.3,178.5,6.97,30.28,50.05,66.13,2.79,Loamy Soil,soybean
30.078302495749362,80.120892373186,128.68010389217153,7.098538206533954,30.12,34.82,54.41,2.07,Sandy Loam,mungbean
26.2,78.7,154.6,6.68,154.6,94.12,171.29,3.3,Clay Loam,cabbage
20.41544388911859,59.84362901529947,65.85324494196585,5.6613043947452315,53.56,42.825,48.84,2.01,Acidic Soil,maize
30.0,75.5,142.8,6.99,33.15,40.69,53.64,2.06,Loamy Soil,mungbean
26.198784864071605,85.76145066628962,41.59985895906404,6.740566985347038,55.13,108.99,58.25,0.68,Neutral Soil,watermelon
24.08,57.51,105.77,5.69,45.0,34.0,37.0,700.0,Loamy Soil,sweetpotato
27.39341554,81.4654833,94.31102057,6.435792374,61.69,73.272,61.791,0.8,Acidic Soil,banana
27.637188963193317,81.160381998739,91.73619217064021,6.410617751633119,64.47999999999999,73.272,61.59,1.71,Acidic Soil,banana
26.77463708,66.4132686,177.7745075,6.78006386,67.56,120.59,147.77,0.69,Neutral Soil,coffee
25.763516217120934,81.55291665622741,207.6302162193255,6.982325334069381,75.11,144.69303,148.520955,1.54,Loamy Soil,rice
27.6,79.6,172.6,5.83,130.71,107.27,179.61,2.2,Silty Loam,chilli
25.29,59.94,84.44,6.77,34.0,27.0,47.0,788.0,Loamy Soil,sweetpotato
23.03270612,58.77109509,243.5264931,4.688463852,68.31,37.63,54.05,2.36,Peaty Soil,tea
27.793224709579537,87.70243276181233,178.15522035651907,6.959825873580088,68.15,52.25,80.13,2.57,Loamy Soil,chives
25.89534588579677,64.311624837774,35.373368468006596,6.167028318922298,117.2,60.36,132.01,3.31,Silty Loam,shallots
19.06096621355784,68.03375148451154,86.53668799531124,6.0160966585478315,53.4,55.1,51.2,2.0,Acidic Soil,maize
31.09779147,47.41196659,90.28624348,4.66817978,57.4,36.324,45.3595,1.14,Acidic Soil,mango
29.24120687993729,70.02607451997295,271.65181905815854,6.622859167807413,81.52,45.06,89.61,3.8,Silty Loam,chives
42.52066286605083,91.9594360878539,111.81718842355211,6.57314876599678,75.69,105.6,80.07,1.97,Neutral Soil,papaya
23.297200352900155,85.963635354306,242.9919762986947,6.2852262992688335,146.0,99.1,198.61,3.17,Loamy Soil,cabbage
29.55657523,90.70937262,28.36535596,6.732834334,54.22,131.86,52.986,1.81,Loamy Soil,muskmelon
25.4,90.0,212.9,6.34,139.73,99.67,175.41,3.65,Silty Loam,cabbage
24.40000435698542,85.50545847776615,47.27746601515955,6.2882940572726165,57.75,68.68,51.1,1.96,Acidic Soil,watermelon
26.82277568830523,64.4561047996401,108.74262774581318,5.649608572256632,34.0,15.0,45.0,652.0,Sandy Soil,cassava
29.084327466411047,83.46059996228047,110.94657551247727,6.734921725465386,116.17,87.9,119.17,2.76,Silty Loam,chilli
27.177756347375947,90.26724242268924,22.048060789793638,6.036144631502504,55.22,61.22,41.6,1.17,Peaty Soil,muskmelon
27.686842489819526,57.42415469992025,180.89657396344708,4.947848297685295,65.84,37.26,53.44,1.26,Acidic Soil,tea
30.2,71.4,145.1,6.56,23.67,39.91,58.99,2.31,Sandy Loam,mungbean
24.7070198031521,88.32869817159413,52.21605761208163,6.519091734888336,57.09,83.71,52.64,2.43,Acidic Soil,watermelon
26.73751267063165,67.99214938434713,89.72591718649686,6.557258281867266,74.15,61.29,130.13,2.8,Clay Loam,garlic
28.96017885,91.69532178,24.7458198,6.585872508,53.65,96.43,47.97,0.73,Neutral Soil,muskmelon
25.410820757273715,84.35838011546818,46.16118778519204,6.597208985023949,53.33,107.31,57.52,1.03,Neutral Soil,watermelon
26.2,72.8,71.1,6.69,101.69,61.03,127.09,3.48,Sandy Loam,shallots
23.49211409,55.50981676,247.2123321,4.571921666,67.97,37.04,53.62,0.53,Acidic Soil,tea
24.59939711879393,62.36125344435272,91.31740320504957,6.401851882782877,93.76,61.86,148.29,3.15,Loamy Soil,shallots
35.37775595,45.58110023,97.41586402,6.454045329,58.73,55.05,63.79,1.68,Acidic Soil,mango
25.777312274744084,60.05648168346631,78.04072074703491,6.2442430554555655,52.0,40.0,33.0,720.0,Loamy Soil,sweetpotato
25.366715705017675,55.1833651316217,179.52526305072297,4.555330537270789,65.33,37.04,49.92,1.79,Acidic Soil,tea
18.52510753,69.0276233,88.10234397,5.773454729,56.26,46.88,49.58,1.79,Acidic Soil,maize
24.8,68.3,61.5,7.34,77.24,56.43,117.43,2.37,Clay Loam,garlic
27.822551301422497,53.745050732153494,92.80002175809871,5.658405524411182,59.58,41.94,46.95,2.47,Acidic Soil,mango
29.240364473268006,70.30715862004932,195.4486086205463,6.30202272938068,29.82,44.66,67.87,2.04,Loamy Soil,soybean
29.86860065,85.99127934,58.41394143,6.401455706,58.241,73.1,53.01,0.76,Acidic Soil,mungbean
27.364095504964833,75.79714526988839,207.04920597484306,6.3009056640490115,146.74,101.59,164.24,3.34,Silty Loam,cabbage
23.744202590563347,90.66444632780617,120.39823349280655,7.545172308550277,66.45,90.23,72.65,2.24,Loamy Soil,orange
23.23,59.69,76.53,5.65,49.0,37.0,35.0,760.0,Loamy Soil,sweetpotato
26.2,81.6,163.0,6.85,70.97,56.05,92.67,2.54,Loamy Soil,chives
24.515251811379425,57.687622433722446,193.15744892362767,7.165175300831715,62.519999999999996,135.75,145.72024,2.04,Loamy Soil,coffee
27.8,72.3,84.0,6.44,98.69,78.17,122.05,2.91,Sandy Loam,shallots
27.092186450969308,80.88837507488753,282.6115338250541,5.13084303849494,80.536,42.919,58.05,0.9,Acidic Soil,rice
26.63591256203181,90.56947252681577,38.838211953786626,6.7048447279139305,54.07,119.47,55.57,2.25,Loamy Soil,mungbean
28.3471611,53.53903102,90.40260445,6.815484072,57.62,113.824,108.787,0.67,Neutral Soil,mango
25.861154900830577,89.11468130389426,46.67537662477416,6.057410003194276,54.0,58.14,48.7315,2.37,Acidic Soil,watermelon
31.59980272910701,75.80553588159879,176.03611768829106,6.174204638317722,29.27,43.23,63.76,2.2,Silty Loam,soybean
23.475137321867884,54.7263023735962,248.071259032296,4.529572904751685,66.97,36.04,52.62,0.53,Acidic Soil,tea
21.31388231,60.77131372,230.6059422,4.772296297,66.35,38.18,53.8,2.48,Acidic Soil,tea
24.312467242182993,60.30511369604063,159.60612072180646,7.040075716700644,65.15,138.80902,145.79,1.51,Neutral Soil,coffee
25.76484262,84.1726996,44.22066914,6.681606702,55.33,109.31,58.52,1.03,Neutral Soil,watermelon
27.461937485737938,86.54037108293562,150.86405761800697,6.1672887033744965,128.01,111.6,178.78,3.03,Clay Loam,cabbage
24.74631269,88.30866319,57.95826144,6.581587932,57.04,93.32,58.47,2.03,Neutral Soil,watermelon
21.566349182361826,58.40914982284655,84.467409343603,6.919092901356464,37.0,36.0,45.0,756.0,Sandy Soil,sweetpotato
26.89819214941276,76.63722203513714,163.41531547755488,6.2075481390175,92.85,59.97,84.85,3.29,Loamy Soil,chives
31.17453918343656,72.81789165448782,103.53660742920835,6.180531092553926,25.87,62.37,77.83,2.17,Sandy Loam,peanut
28.66358931848731,54.76478791077487,93.25418693614186,6.490813548333622,59.34,59.19,65.97,2.27,Peaty Soil,mango
25.993035416026736,79.82605846436599,200.43997530719327,6.9390813048693145,72.89,145.7326,142.952,1.54,Loamy Soil,rice
29.28,60.87,178.69,7.39,36.0,27.0,49.0,842.0,Sandy Soil,cassava
24.133892220593093,83.70510222009398,291.6203296964566,6.34774243247534,85.52,62.93000000000001,95.64,1.64,Peaty Soil,rice
28.416259868533746,84.16693553719196,82.96488754439214,6.263782084354674,22.32,45.15,52.57,1.51,Loamy Soil,mungbean
25.11189154,80.45467276,44.20656987,6.209888345,54.94,60.39,47.46,0.57,Acidic Soil,watermelon
28.30452330538979,92.14657577936379,27.816408088168263,6.154352902406819,50.92,58.15,45.92,1.47,Acidic Soil,muskmelon
25.9,82.5,179.8,6.29,73.88,50.79,84.97,2.88,Loamy Soil,chives
28.100510266816073,86.69304636085796,187.2104759876578,6.899981901559042,80.48,47.64,80.71,3.86,Silty Loam,chives
23.2714097238206,58.794194167438356,154.62048219450827,4.881902959993865,63.81,40.22,48.6,1.85,Acidic Soil,tea
26.25793745862289,69.15874120495793,61.40227941334569,6.13452761671571,120.25,64.46,118.4,3.12,Silty Loam,shallots
21.31,56.09,105.02,6.01,36.0,21.0,34.0,704.0,Sandy Soil,sweetpotato
25.720591505110413,62.328562949507514,100.59058449170888,6.236802907977018,60.89,56.52,59.68,1.3,Acidic Soil,maize
22.07750174131229,66.11490137181282,83.14151401562668,6.339558053327511,58.7,55.95,54.34,1.44,Acidic Soil,maize
25.989019056674778,86.49363693804482,169.92708860035808,5.9924013213811005,132.38,111.34,149.86,2.79,Silty Loam,cabbage
24.227480071733407,74.9786020813191,191.19602129398598,6.817946178996312,101.99,111.47,158.89,2.26,Loamy Soil,chilli
21.576671339084275,91.60642627832347,108.46757791056076,7.915925992065079,59.55,60.32,56.39,1.73,Peaty Soil,orange
29.7,67.2,65.2,6.34,27.39,54.99,87.71,1.65,Loamy Soil,peanut
21.554834064217687,59.701303990586105,110.03654444992821,5.568462797309968,37.0,38.0,37.0,781.0,Loamy Soil,sweetpotato
30.240470770947493,89.96581703614707,22.471095195129017,6.160716504844759,53.4,61.94,44.45,1.7,Acidic Soil,muskmelon
30.58218674831097,48.27686734606702,92.20398900511779,5.884488653493461,58.41,41.78,53.54,1.2,Peaty Soil,mango
24.13179691,67.22512329,173.3228386,6.362607851,65.62,61.64,76.26,2.26,Acidic Soil,coffee
26.367293814367954,83.85319649950519,109.12557821755736,5.71303440701735,61.75,50.79,51.57,1.92,Acidic Soil,banana
30.01821337,50.0983181,96.08745082,5.676032581,58.03,41.35,49.68,2.01,Acidic Soil,mango
23.14960841739834,62.42812082083891,209.59746671978465,4.455468973577008,68.99,35.63,50.22,0.56,Acidic Soil,tea
28.8,71.2,141.4,6.21,27.03,34.9,58.05,1.6,Loamy Soil,mungbean
29.344567510812915,63.6549451226032,225.16359514667457,6.3244928556897015,31.0,24.0,21.0,668.0,Loamy Soil,cassava
22.21554878799953,82.19441082493503,255.14295488690698,6.070483623274808,77.84,56.57,77.26,1.5,Peaty Soil,rice
26.690361998890463,50.665729936181116,127.57435404223874,6.725988410505784,57.82,82.18,92.54,1.05,Neutral Soil,coffee
27.520742535864777,59.935486008367626,186.91525501913256,4.847397578512494,70.17,40.25,50.31,1.51,Acidic Soil,tea
27.671191010894386,88.58128153366988,236.30410286031432,7.001628255465126,78.08,57.19,83.66,3.09,Loamy Soil,chives
28.618897594352557,94.48568556833257,21.737768491091224,6.175727516336314,54.59,59.51,44.53,1.62,Peaty Soil,muskmelon
26.5,73.8,74.5,7.49,101.21,55.0,102.64,2.99,Loamy Soil,garlic
27.904353339266233,81.63860364635103,117.8616513711665,6.456521524703472,24.05,35.49,67.27,1.6,Sandy Loam,mungbean
24.6,65.4,72.7,6.84,99.28,71.73,97.66,2.54,Clay Loam,garlic
30.4,77.8,164.5,6.54,34.57,47.19,76.57,2.38,Silty Loam,soybean
28.551043094830483,78.87125237917044,144.02697276960842,7.050887104131797,32.59,31.29,66.48,1.63,Loamy Soil,mungbean
27.982347007177204,93.40860177740792,20.87445725603782,6.513425324638186,51.0,78.41,46.85,1.35,Acidic Soil,muskmelon
26.292830439996255,79.6158692491725,113.92012277074888,5.622395171096709,60.01,44.388,52.19,0.51,Acidic Soil,banana
28.57610713500969,84.95334918201414,128.70262458874052,6.73313811369435,33.36,43.01,65.49,2.03,Sandy Loam,mungbean
25.77868278749022,89.59171607609957,53.37607098429022,6.023171384011591,55.86,61.04,47.16,1.17,Acidic Soil,watermelon
31.460038959005747,54.371791561591195,96.17599015031121,6.845128157554083,61.94,111.6,103.52,2.02,Neutral Soil,mango
26.662900333717285,60.57709226191948,183.99894393116486,6.034487415856017,31.0,25.0,44.0,745.0,Sandy Soil,cassava
27.17301327652631,81.01026488833111,108.68815550144326,5.885172372032846,65.47999999999999,49.77,54.1,1.68,Acidic Soil,banana
30.7,72.4,101.8,6.09,27.87,62.37,79.83,2.17,Sandy Loam,peanut
27.75518664,52.34605806,94.11213345,4.772385986,57.6,37.05,45.63,1.17,Acidic Soil,mango
26.3,71.1,63.3,6.75,74.98,73.69,110.34,3.64,Silty Loam,garlic
28.884129737985237,90.9340931058388,26.623182443500955,6.685910087997859,50.93,108.93,52.41,1.32,Loamy Soil,muskmelon
26.1793464,86.52258079,49.43050977,6.25933595,56.22,65.05,48.9,2.29,Peaty Soil,watermelon
21.395859576023305,81.07518550569614,204.2074749565332,7.038373287752827,72.82,142.406,145.36423,2.24,Loamy Soil,rice
25.29954705,81.77527562,57.04147057,6.37620108,56.56,69.33,52.19,0.87,Acidic Soil,watermelon
26.407473783279418,66.56874589075854,101.29327293073861,6.578643837264427,35.94,50.15,67.03,1.61,Clay Loam,soybean
22.094033125450707,62.126382427905256,240.72366813776725,4.72131307395533,66.95,36.9,53.74,1.95,Acidic Soil,tea
27.593636433923546,48.57365819624516,90.21407980966963,5.836777403245851,56.8575,44.19,50.06,0.98,Acidic Soil,mango
30.09985231344717,46.78836647545293,89.81516083980746,5.993001418639288,58.08,43.65,50.49,0.63,Acidic Soil,mango
28.89409382,54.39642503,94.76322976,6.472774648,58.34,61.19,63.97,2.27,Peaty Soil,mango
32.0,69.8,148.6,6.56,28.42,57.62,69.78,1.54,Silty Loam,soybean
30.94040957598441,74.49604966042102,128.98895216588355,6.645917983516645,19.26,47.66,62.72,1.8,Sandy Loam,mungbean
26.63431658419589,80.52825576489657,97.4027103629786,6.111747086991376,59.71,59.8,54.0,2.37,Acidic Soil,banana
29.154555069528538,83.2078758383784,228.58558928595696,6.07677580343576,68.78,44.58,91.93,3.81,Silty Loam,chives
26.74550678,83.9195902,41.14698587,6.251286661,55.09,63.63,47.26,2.27,Acidic Soil,watermelon
23.72617915482904,57.14847136949819,210.01111491643525,4.953243215852536,67.53,40.38,54.86,1.38,Acidic Soil,tea
27.2,75.0,105.5,7.39,92.63,53.75,109.07,2.06,Silty Loam,garlic
19.321301258079604,70.55805349386313,83.16745317961407,5.758546784496897,58.21,48.07,51.06,2.35,Acidic Soil,maize
25.207505315760546,75.44473883188941,152.95421577973804,6.425558208306711,74.81,49.76,96.55,2.81,Loamy Soil,chives
23.136797279682067,58.60654788041527,120.47858300429971,6.515897941925422,39.0,33.0,50.0,805.0,Sandy Soil,sweetpotato
27.0,69.0,81.2,5.89,21.9,67.14,76.27,1.94,Sandy Loam,peanut
22.82587592,61.79043699,170.1582771,4.885462602,63.33,38.77,50.73,2.34,Acidic Soil,tea
27.439706919604898,48.6319018406312,95.12675947739511,6.056255815624306,54.0,45.6,54.16,1.97,Acidic Soil,mango
21.790299940992774,58.24742377791485,107.27856961935014,5.551207114214227,36.0,36.0,37.0,781.0,Loamy Soil,sweetpotato
33.44619894,53.05980465,98.05089394,5.339556562,59.67,39.59,47.87,1.28,Acidic Soil,mango
32.8,67.1,57.0,5.86,29.79,69.7,79.32,1.56,Loamy Soil,peanut
23.158729570802638,63.22227284580366,131.08422310972216,7.232259111625771,58.6,132.34,132.71,1.9,Neutral Soil,coffee
28.654825931345403,89.68492927966011,51.91946204812572,6.206945201412577,55.16,62.7525,48.36,1.72,Peaty Soil,mungbean
27.41503453,80.98004661,40.53173216,6.91380932,55.0,147.8743,102.7,2.18,Neutral Soil,mungbean
35.59158068230053,48.72361287969535,96.61538964305808,6.905100101898352,58.45,111.824,110.787,2.04,Loamy Soil,mango
41.30724130087292,91.75056553745645,239.5767907486761,6.52897656369164,91.627,101.41,124.48,2.46,Neutral Soil,papaya
28.8815478192443,95.24319405773896,20.141186817890624,6.399666881555185,50.16,88.23,46.56,1.39,Acidic Soil,muskmelon
24.325883864309823,58.76479799692644,135.2697041290858,7.385573241528105,61.58,88.26,101.26,1.51,Neutral Soil,coffee
23.77285503647888,80.01460213023107,189.9650106828038,6.085131841379088,164.63,114.29,160.53,3.75,Clay Loam,cabbage
31.85787607517036,75.75239167379542,114.5102393977515,6.60220647348957,26.92,50.94,76.93,1.74,Clay Loam,soybean
24.5,63.0,60.8,6.67,106.34,60.88,100.57,2.31,Sandy Loam,shallots
25.7,66.1,35.5,6.02,83.18,73.82,133.4,2.19,Loamy Soil,shallots
29.30787649746157,93.30126207499167,26.212711776581163,6.158532540011709,54.96,64.43,45.38,2.48,Acidic Soil,muskmelon
16.14820285,91.4448027,107.4287664,7.855446235,58.81,58.7865,55.1455,1.21,Peaty Soil,orange
29.08417927,90.73891887,25.33014238,6.704104127,53.71,122.0,51.41,1.88,Loamy Soil,muskmelon
21.99,58.82,109.1,5.54,34.0,38.0,36.0,781.0,Loamy Soil,sweetpotato
29.42156793,83.51014178,110.2511102,6.010095853,64.9805,55.31,54.85,1.95,Acidic Soil,banana
26.24092174,65.64381357,148.3771202,7.456646097,64.2,70.42,80.6,1.18,Neutral Soil,coffee
24.87502824,68.74248334,91.26056654,6.265564338,58.67,58.08,56.57,1.74,Acidic Soil,maize
42.691641547962966,95.61523531098932,212.4900339361574,6.757689373573844,97.627,113.49,122.8,2.34,Loamy Soil,papaya
27.27917321005105,70.46679069844204,121.94633939393148,5.762245546171244,128.86,98.82,166.52,2.99,Silty Loam,chilli
24.225111674897803,81.40941112143966,193.23849317022925,7.300401019813625,72.26,93.45,109.96,1.21,Loamy Soil,rice
29.214716097839954,63.07524181687764,181.64657302100645,5.961555901722428,21.0,17.0,44.0,709.0,Loamy Soil,cassava
23.899893114406193,59.22154339350883,177.1938991750143,4.719971365180606,64.11,37.89,52.47,1.37,Acidic Soil,tea
35.67667332,93.30641944,141.3381168,6.586107335,76.14,97.63,85.53,0.99,Neutral Soil,papaya
14.811865033688653,91.58360123027921,102.02143475495804,6.108010568090728,55.5,59.04,56.15,2.21,Acidic Soil,orange
29.6,73.1,74.3,6.19,29.68,50.61,78.44,1.15,Sandy Loam,peanut
27.00938605441751,64.512169717424,56.783512162334404,6.549505181678096,98.05,58.47,139.29,2.51,Silty Loam,shallots
23.00445915,82.3207629,263.9642476,7.633567638,77.77,59.39,81.89,1.8,Peaty Soil,rice
22.81900788106159,60.409180049915435,77.95355750944226,5.629282212185972,46.0,37.0,36.0,760.0,Loamy Soil,sweetpotato
29.990086582319776,78.94328013110143,148.89090453444652,6.365822081614372,137.72,88.12,145.57,2.34,Loamy Soil,chilli
27.089936264358474,68.86238664236666,95.00460146358716,5.766601207283871,24.98,53.47,74.04,1.06,Loamy Soil,peanut
25.517964580522126,84.76515224676096,197.18794731415147,6.33354399550126,67.43,44.39,87.8,3.59,Silty Loam,chives
13.910780587268599,91.32994765017968,109.07059740106672,6.148046654839823,57.62,60.8,55.1455,1.89,Acidic Soil,orange
31.52675982,90.50621806,113.1169398,6.395258356,67.93,74.9,64.94,2.49,Acidic Soil,orange
18.28214391,56.50010826,63.72358154,6.204747653,54.4895,50.85,50.68,0.79,Acidic Soil,maize
24.91370487,54.15319242,129.5481144,7.042089492,59.71,147.0820435,144.10644,1.31,Loamy Soil,coffee
27.811204129203944,82.42091463789491,106.04888467905647,6.2390950041443105,124.73,111.16,121.55,2.13,Sandy Loam,chilli
31.681445085861064,48.57082431073063,91.27657101838915,4.667732811747013,54.95,35.324,43.3595,2.42,Acidic Soil,mango
26.184225371141657,52.45299210311433,161.96080153685833,6.078167719970471,62.22,46.17,63.91,0.87,Acidic Soil,coffee
29.27308605,89.4875022,50.9246554,7.073048264,57.41,145.05234,132.95,2.29,Loamy Soil,mungbean
29.641886875424746,69.25916260924224,83.55505490734633,6.249275472517905,110.1,71.03,104.29,2.18,Loamy Soil,shallots
29.0,70.3,271.1,6.53,80.52,44.06,89.61,3.8,Silty Loam,chives
31.48451729,48.77926304,93.17221967,4.66817978,57.95,36.324,45.3595,2.42,Acidic Soil,mango
28.362488821859024,67.95809414242962,41.529275024587314,6.696244675247421,86.32,68.59,93.65,2.41,Loamy Soil,garlic
31.708341077379316,76.3366882505225,177.43245264804744,5.736171759063902,117.02,117.39,166.05,2.4,Sandy Loam,chilli
21.58711777,82.7883708,276.6552459,6.249050656,77.47,63.07,89.12,1.6,Peaty Soil,rice
23.1768489,67.06230539,162.5769606,6.787658922,64.0,124.75,142.09,1.7,Loamy Soil,coffee
27.43378494737621,82.76332224254637,185.77787913916595,6.454534109197566,149.88,102.81,120.57,2.77,Silty Loam,chilli
25.66585205,80.66385045,209.5869708,6.94801983,74.11,144.69303,147.520955,1.54,Loamy Soil,rice
25.97284251145706,61.24920297191715,154.09624315260342,5.182127059287617,27.0,23.0,28.0,742.0,Sandy Soil,cassava
29.574925194279892,85.44094526578736,58.94510227532922,6.255933567355787,56.24,62.7525,51.26,0.81,Acidic Soil,mungbean
26.166039936582504,82.17208929934257,103.25008783078015,6.093778139794417,60.41,59.26,57.47,1.08,Acidic Soil,banana
30.390870055059196,90.20458224284387,106.12344591786908,7.2164575571320135,68.37,140.6717,112.73,1.12,Neutral Soil,orange
27.255984051064768,62.148750057068796,193.2193901078712,5.43885322815993,33.0,22.0,38.0,842.0,Sandy Soil,cassava
24.71885473,88.94568335,48.45978627,6.095689937,55.92,59.51,47.15,2.45,Acidic Soil,watermelon
26.258715295491054,77.00939724682392,248.15791946053034,6.296295157739457,166.86,110.2,197.04,2.81,Silty Loam,cabbage
29.87386051,93.90741192,20.75707821,6.251420275,53.19,67.63,43.63,1.74,Acidic Soil,muskmelon
25.98767097869654,61.48299845892207,152.80343409141827,6.55896560144618,66.78,73.35,84.49,1.73,Loamy Soil,coffee
29.48434712973406,94.30545261821118,22.055412258759162,6.787610983581423,55.28,122.68,48.4,1.28,Loamy Soil,muskmelon
27.18322079,56.97878739,222.5623406,4.584185032,69.15,37.08,52.28,2.06,Acidic Soil,tea
24.63,57.73,85.12,6.4,45.0,39.0,56.0,878.0,Loamy Soil,sweetpotato
27.48612983,76.11239849,109.2768851,6.212369363,62.7,58.99,58.5,2.08,Acidic Soil,banana
30.109341246572473,94.1492668774967,29.27605821365092,6.239522943507027,53.3405,71.24,45.53,0.95,Acidic Soil,muskmelon
28.9,80.3,126.8,6.23,24.46,43.98,56.53,2.5,Sandy Loam,mungbean
24.396863373225745,59.07219211492627,110.05053104323792,7.013574798392414,34.0,33.0,34.0,845.0,Loamy Soil,sweetpotato
30.207047979547983,74.0424236547619,92.25616389360982,6.313676379775645,27.11,68.2,81.61,1.66,Loamy Soil,peanut
29.294628400648662,93.74700051340261,22.802958781083365,5.995331402279164,54.37,56.8005,44.316,0.53,Acidic Soil,muskmelon
24.916361444463714,90.945681887139,113.1267143481615,7.516223792891413,66.89,77.55,64.68,1.34,Peaty Soil,orange
28.452485196725217,60.44243551828718,133.85112595644054,6.849116554870147,32.0,18.0,40.0,617.0,Sandy Soil,cassava
27.679083652083204,87.67106763305347,53.75544304230879,7.114250757028301,60.32,148.6912,78.38,1.21,Loamy Soil,mungbean
28.769007288757766,91.10648192794403,25.867744317336737,6.216833287926673,51.91,64.27000000000001,43.32,2.41,Acidic Soil,muskmelon
25.00933355,67.816568,63.03219202,6.528631266,55.93,73.16,57.8,2.32,Neutral Soil,maize
26.38020372311723,72.1046787270294,66.87766042829122,7.283491258351039,77.96,76.97,98.91,2.34,Loamy Soil,garlic
27.769105869852794,81.4641427144406,218.27765253960843,6.23001472803064,148.21,90.78,165.58,2.5,Loamy Soil,cabbage
27.924506118432937,82.99739887720744,81.06965214424217,6.701295963633448,37.05,47.32,67.12,2.0,Sandy Loam,mungbean
28.1,67.4,107.1,6.91,27.36,48.03,73.65,1.93,Clay Loam,soybean
25.80495055,55.38065416,220.2481622,4.789734437,67.37,37.47,53.29,1.62,Peaty Soil,tea
24.11261650725185,90.94766795620131,208.90745039475843,6.520265297550218,73.26,96.11,110.25,1.31,Neutral Soil,papaya
27.34585147,78.4873835,92.15524332,6.281069505,60.99,62.75,57.09,1.14,Acidic Soil,banana
30.90225239,49.95955487,91.77522598,5.73171945,57.87,41.82,49.65,2.01,Peaty Soil,mango
25.50394945377481,80.75087749446513,185.32413945378886,5.922902848096561,71.05,51.94,63.87,2.13,Peaty Soil,rice
26.213458644386762,82.2742906560674,55.699033690082146,6.842449306442171,59.6,145.61992,81.96,0.63,Loamy Soil,watermelon
31.66524687,51.98594645,89.98024312,5.435840509,58.23,39.97,47.67,0.8,Acidic Soil,mango
29.640822055450794,62.80360376383504,112.86304305477361,5.8491988262651375,25.0,18.0,46.0,716.0,Sandy Soil,cassava
28.651156366549685,83.34195927127902,59.2673920364549,6.72890282375603,57.6,110.59,65.58,1.69,Neutral Soil,mungbean
26.21603140323675,78.85675956049491,138.7521873529123,6.992008104869076,32.13,56.67,75.88,1.77,Loamy Soil,soybean
23.08974909,63.10459626,70.43473609,5.588650585,55.7,43.825,46.84,0.81,Acidic Soil,maize
23.060088077323144,72.66625642122126,65.41457225386233,5.725896576216161,56.27,46.06,49.45,1.82,Acidic Soil,maize
24.9,82.3,129.7,5.72,119.65,106.55,141.65,1.98,Loamy Soil,chilli
25.1,89.2,271.9,6.18,77.22,56.69,79.81,3.85,Loamy Soil,chives
27.01207284,60.76645256,191.4508931,6.485761419,67.46,65.45,89.64,1.94,Acidic Soil,coffee
29.5,71.8,103.1,6.81,27.32,46.81,64.11,1.97,Sandy Loam,mungbean
29.1,68.1,43.2,6.57,91.02,67.92,139.48,3.58,Silty Loam,garlic
17.857768488825272,56.44583709542754,63.54014907114572,6.261183312977123,57.4895,48.85,52.68,0.79,Acidic Soil,maize
32.7,68.4,54.4,6.35,16.2,60.3,86.0,1.27,Sandy Loam,peanut
29.38471637,45.88744691,100.2181868,5.72742254,57.55,40.82,50.56,0.82,Acidic Soil,mango
30.02887305868774,71.54167171341764,91.21562320939472,6.256163782903142,29.45,36.82,57.28,1.52,Loamy Soil,mungbean
29.13288729687382,93.9228625058498,30.148808116760282,6.440245093424848,52.3405,80.83,45.48,0.66,Acidic Soil,muskmelon
31.4,72.6,74.0,6.27,106.91,81.9,129.99,3.08,Loamy Soil,shallots
31.005514783553192,75.49090148243614,115.63485076972312,6.023707231293194,115.09,95.54,158.15,2.06,Loamy Soil,chilli
27.378976715776027,52.54218079936527,175.02104262098754,7.4199170799529055,61.08,62.21,86.51,1.03,Neutral Soil,coffee
31.8,72.7,51.3,6.24,21.98,63.78,86.06,1.66,Sandy Loam,peanut
24.2,69.6,85.1,6.39,97.64,84.01,115.31,2.51,Loamy Soil,shallots
30.134195744512915,63.99756728762634,198.16618996960005,4.609008664775016,26.0,28.0,40.0,787.0,Sandy Soil,cassava
28.4,75.2,161.0,6.78,29.78,55.41,62.86,2.21,Clay Loam,soybean
26.717940909992162,82.95020344287124,101.81391042164284,5.739364003287314,63.33,49.57,48.53,0.7,Acidic Soil,banana
25.377022975445506,90.96715348581735,116.80789636464722,7.891560345039845,62.099999999999994,56.7865,57.69,0.75,Alkaline Soil,orange
27.2,85.3,181.0,6.26,132.51,104.83,193.53,3.37,Loamy Soil,cabbage
18.05142392,90.15354599,111.7793889,7.016482298,60.09,143.52791,145.625241,1.55,Neutral Soil,orange
26.18808171664843,83.32824714331608,111.73030048937979,6.78042751411431,27.44,36.62,63.34,1.6,Loamy Soil,mungbean
22.833637865917172,58.93195260362102,243.37621139650224,4.743302029036528,65.14,38.98,56.77,1.73,Acidic Soil,tea
33.180218311510735,66.003804320777,84.72031545716113,6.21003804851466,23.15,60.54,80.62,1.59,Loamy Soil,peanut
33.16216670827553,72.25060842174761,62.4611824483659,6.113190775399792,18.54,49.98,82.61,2.13,Sandy Loam,peanut
27.791016777620936,87.46471403249963,236.5392598681852,6.936508217410483,78.08,59.19,84.66,3.09,Loamy Soil,chives
30.612754815676766,71.58916578397711,114.93503840316097,6.759391811716056,35.36,41.87,64.91,2.02,Loamy Soil,mungbean
13.649128662177407,93.20898882884202,104.3097225309705,6.417332571107926,56.33,75.67,61.93,1.37,Acidic Soil,orange
27.95953123251841,85.51629753327164,148.98453464757014,6.173917607693287,130.01,111.6,177.78,3.03,Clay Loam,cabbage
29.633853727381844,89.70494630707472,26.162136939336627,6.04913629512403,55.8,61.03,45.71,0.93,Acidic Soil,muskmelon
26.03287304935066,66.3290510873951,69.16578665148702,6.126898908524502,97.51,77.53,145.65,3.41,Sandy Loam,shallots
28.58017412466947,72.74535036282771,232.35962597919362,6.707378508473674,61.97,43.88,100.01,2.85,Silty Loam,chives
26.421025613768816,78.93859675564076,127.20358970756953,6.541649935941677,28.74,48.03,62.45,2.21,Sandy Loam,mungbean
28.1048049272029,93.33833656238853,20.518450252203632,6.136355376139264,53.97,59.96,43.316,0.64,Acidic Soil,muskmelon
29.40889385,86.16063492,53.35486977,6.365513634,57.51,70.74,51.21,1.45,Acidic Soil,mungbean
29.71,64.65,200.74,5.92,38.0,21.0,39.0,720.0,Loamy Soil,cassava
25.9,65.3,172.5,6.16,24.95,44.83,66.73,1.65,Clay Loam,soybean
23.250780845296966,87.64278477137157,240.80165596345185,6.502821069490434,74.93,57.79,79.46,2.84,Loamy Soil,chives
31.672758825985564,90.93382705205143,53.042064130204075,6.789535845149023,58.44,132.75,69.08,1.45,Neutral Soil,papaya
28.625901032328645,92.17277640417028,23.189685837739958,6.477005309204355,54.65,79.16,45.58,1.84,Acidic Soil,muskmelon
20.836062694140185,83.84019631307979,231.73410952120673,6.390290828781995,70.41,74.95,95.1,1.89,Peaty Soil,rice
24.088662851994474,68.55395937295654,104.27134534301175,7.042912417756847,105.79,70.79,94.45,2.39,Loamy Soil,garlic
32.55780969129807,91.94436519209664,239.42180634660397,6.809186783061563,91.85,145.614,148.23838,1.08,Neutral Soil,papaya
28.493385437776425,67.84499471499161,59.21582104021682,5.951650458512894,22.54,59.14,76.48,1.44,Loamy Soil,peanut
38.72382798,91.72514851,62.62377075,6.702424548,62.36,122.47,68.06,2.28,Loamy Soil,papaya
35.619796919927154,91.27381583672052,241.5711345733455,6.75227622189374,90.51,147.842,150.097,1.18,Neutral Soil,papaya
26.253874464836098,82.90420716303124,110.35380960472185,6.332026644189207,63.44,63.97,62.76,1.95,Acidic Soil,banana
32.7,68.6,95.7,6.34,15.27,60.42,88.82,1.66,Sandy Loam,peanut
22.446589479220382,72.77178290089161,245.3986550720793,6.444695122691614,66.53,44.84,75.01,3.66,Loamy Soil,chives
27.886791011353694,91.1793422801645,23.829983747517055,6.583141814901091,56.39,84.08,45.22,1.22,Acidic Soil,muskmelon
30.65935841024486,64.9456181891442,79.72270073154799,6.306922154316657,31.93,60.02,77.57,1.19,Loamy Soil,peanut
32.840036878581536,93.3067719360815,92.69917487812265,6.937722568488156,68.74,145.15906,145.709,1.61,Neutral Soil,papaya
27.5,83.2,92.7,6.52,25.89,47.88,57.93,1.63,Sandy Loam,mungbean
25.234661,57.53161469,124.2261737,6.080823839,60.02,48.04,64.8635,0.68,Acidic Soil,coffee
30.770526296847837,67.81035337372815,68.87019118652165,6.235794462688447,19.72,54.78,83.25,1.99,Loamy Soil,peanut
25.9300384,93.02357765,240.4899322,6.964955435,82.41,141.29798,144.6946,0.69,Loamy Soil,papaya
20.104991919638646,81.9672727808663,261.54033129148223,7.620107935287203,73.98,66.95,96.74,1.75,Peaty Soil,rice
38.22582741565278,93.02796140586975,79.08059382658928,6.504544569166813,63.540000000000006,90.61,64.72999999999999,1.89,Neutral Soil,papaya
28.5,66.1,71.2,6.22,80.97,73.64,126.21,2.21,Silty Loam,shallots
28.25837946312346,72.53931882438847,84.07417189355075,6.360185980739651,101.69,80.17,121.05,2.91,Sandy Loam,shallots
30.431327437051554,78.21004546856099,164.44325029846448,6.496637538273625,34.57,49.19,77.57,2.38,Silty Loam,soybean
29.39216912693939,88.87705222990064,54.41689947125673,6.858704614101731,59.13,146.807266,118.8,2.06,Neutral Soil,mungbean
29.092666626995644,80.04091250233417,121.63571135653825,6.505264797651537,20.44,32.28,66.97,2.06,Sandy Loam,mungbean
22.547898165924657,62.65260604802269,61.49854053169658,5.609767045415496,55.99,43.07,44.84,1.74,Acidic Soil,maize
23.77348993598004,58.36527664635226,104.75802958116807,5.615805907261049,46.0,32.0,38.0,700.0,Loamy Soil,sweetpotato
28.1,68.0,54.0,6.16,110.64,81.83,149.93,2.59,Sandy Loam,shallots
28.925056247415004,70.25723995353471,100.34593577850167,6.0869197354874975,81.89,79.69,142.18,3.39,Silty Loam,shallots
27.0,76.0,161.7,6.25,89.85,59.97,84.85,3.29,Loamy Soil,chives
38.26688225871568,92.68168134398704,78.44574569476694,6.553311211852545,63.540000000000006,93.61,60.73,1.89,Neutral Soil,papaya
29.12036889,80.18080728,112.3982055,5.908770059,64.58,52.04,53.73,1.05,Acidic Soil,banana
23.69569754114818,83.01311891746664,258.7959060719543,5.639792153583059,75.9,49.73,63.19,1.41,Peaty Soil,rice
24.81204477406164,70.18680645157023,48.78347303908129,6.02896347329053,99.29,69.14,139.53,3.22,Loamy Soil,shallots
29.344288934184537,94.91320081118849,210.19675101566173,6.929480659944498,84.92,142.00519,149.184,2.1,Loamy Soil,papaya
32.179367637451186,79.79474835939529,89.15432942535064,6.868164221988655,19.1,31.64,63.06999999999999,2.48,Sandy Loam,mungbean
38.25377722909539,93.71259405598002,208.4267650487839,6.896751724915867,89.75,142.334,140.52498,2.23,Neutral Soil,papaya
30.87008945553585,68.94758152705109,52.91396299488977,6.152473209197566,27.28,66.58,83.2,1.5,Sandy Loam,peanut
20.87974371,82.00274423,202.9355362,6.502985292,69.3,79.5,94.44,0.63,Loamy Soil,rice
29.8,74.4,188.4,6.66,33.49,49.11,61.75,2.46,Loamy Soil,soybean
30.2,78.5,80.9,6.62,25.53,35.4,68.33,1.51,Loamy Soil,mungbean
25.273121243993224,63.75602752267786,56.350289756234424,6.515607477149308,114.6,75.07,132.01,2.17,Loamy Soil,shallots
26.756712049913247,78.27850914732518,187.99323602307436,6.175536419556641,30.75,58.83,71.31,2.32,Clay Loam,soybean
23.181497417589966,58.506820216537925,241.94209271185176,4.619069300513953,70.31,35.63,56.05,2.36,Peaty Soil,tea
27.200856793484302,94.39710260413536,24.642819887006066,6.4316505856753,52.79,80.08,45.35,1.17,Acidic Soil,muskmelon
30.5,69.3,59.6,6.23,24.22,60.21,75.49,1.98,Sandy Loam,peanut
26.10474160230864,80.29657817748159,55.25756710143225,6.789428029783125,57.61,139.38512,99.76,1.6,Neutral Soil,watermelon
30.499178006325312,73.11429695830194,108.0786881360288,6.490777455069384,32.59,38.2,58.07,2.07,Sandy Loam,mungbean
23.515988961306974,94.70248507862526,232.89958764008242,6.8566903357681985,77.04,145.16,140.88451,0.64,Neutral Soil,papaya
27.044233266163943,61.7118799711757,75.18131377271273,6.501075710559922,117.32,68.97,117.7,2.32,Sandy Loam,shallots
27.50527651,80.79783998,105.0776992,6.156373499,62.97,58.73,56.61,0.73,Acidic Soil,banana
24.778587633237727,89.49713510894136,43.21089038647053,6.064564132768241,55.37,56.06,45.7315,1.04,Acidic Soil,watermelon
25.8,78.3,180.9,6.49,87.03,48.83,92.36,3.3,Silty Loam,chives
26.60587069440184,67.8220629728148,158.25396223736166,6.927584180477928,64.43,140.434,139.026,0.88,Neutral Soil,coffee
24.718832060380596,84.97651355250038,52.77144866652431,6.507640177443569,53.05,75.84,52.45,2.49,Acidic Soil,watermelon
29.841890289235263,70.9689934539197,105.62814686530778,7.002303774494303,31.71,46.22,62.96,1.93,Loamy Soil,soybean
30.4,65.7,62.8,6.14,23.37,59.1,79.47,1.31,Loamy Soil,peanut
29.73770045,47.54885174,90.09586854,5.954626604,57.08,43.65,51.49,0.63,Acidic Soil,mango
26.6,73.0,67.3,7.19,80.96,78.97,96.91,2.34,Loamy Soil,garlic
25.419157262321956,90.46335046758198,117.65110852828631,6.832988540940274,63.879999999999995,147.232233,126.06,1.52,Neutral Soil,orange
26.6,70.5,131.5,6.01,32.24,47.91,75.25,1.62,Clay Loam,soybean
26.127360907793456,71.14389342292755,102.71065230690397,6.896305743961178,60.1105,144.906,141.688,1.52,Neutral Soil,maize
29.363313680447686,77.0193731423876,233.3663117939841,6.407630054201857,71.33,43.07,74.49,3.1,Silty Loam,chives
29.81434668530519,87.55786716539954,44.13422128666542,7.092500326975867,53.52,142.354,71.11,0.86,Neutral Soil,mungbean
24.60532218,73.58868502,96.59195302,6.636803223,59.72,90.78,75.46,1.57,Neutral Soil,maize
24.546486442929183,70.42169883034632,245.18196593397198,6.5482517577742065,99.72,82.19,149.45,2.62,Loamy Soil,chilli
29.107764981606888,87.67840984447535,43.228687003853615,7.259857919060921,56.52,139.354,71.11,0.86,Neutral Soil,mungbean
26.4,73.5,139.9,6.63,115.58,104.54,145.31,3.09,Loamy Soil,chilli
24.35469886823348,75.2783284447982,165.86591783137158,6.398210357619194,63.96,41.44,74.71,3.77,Silty Loam,chives
25.616679179540608,71.29363751172897,60.12383844857763,7.071661316678477,73.78,76.38,125.81,2.45,Loamy Soil,garlic
26.14390845,63.48370129,165.9686138,4.559542615,65.3,37.8,49.0795,0.59,Acidic Soil,tea
28.795702632846965,64.39822109512905,125.38375745724389,6.420203753111805,21.0,30.0,35.0,765.0,Loamy Soil,cassava
28.542082139802577,74.69824953797118,116.4206145618257,6.372875390802003,42.87,45.28,72.01,1.6,Loamy Soil,soybean
28.75942709202963,80.08969807312542,125.81934570874633,6.263929482118705,22.46,42.98,54.53,2.5,Sandy Loam,mungbean
28.29,62.9,183.1,4.72,32.0,22.0,29.0,617.0,Sandy Soil,cassava
29.8596912,80.44625145,50.66487502,6.666380512,56.73,101.97,60.25,2.21,Neutral Soil,mungbean
27.65280218,89.71960682,56.52558045,6.459252023,57.8,79.82,53.94,0.71,Acidic Soil,mungbean
25.8,84.4,199.1,6.42,70.43,42.39,86.8,3.59,Silty Loam,chives
24.202465737496798,81.64190450405593,190.58066193189865,6.152293037685295,160.63,110.29,159.53,3.75,Clay Loam,cabbage
30.552009674292123,83.65243812688642,98.42193928562828,6.439205148279363,37.74,45.61,52.82,1.65,Sandy Loam,mungbean
25.75528612,83.51827127,245.6626799,5.875345751,79.36,52.28,69.12,1.3,Peaty Soil,rice
27.078721358067824,73.8791995627376,70.89679859902925,6.222082169267423,99.98,83.42,146.43,2.61,Loamy Soil,shallots
28.382626030413608,78.72891717334964,166.02886550124433,5.980019653972835,24.78,53.8,68.09,1.7,Loamy Soil,soybean
26.01044882456378,77.3460144505813,156.10354488629577,6.588054742345375,27.75,48.86,77.47,2.12,Silty Loam,soybean
34.28413102082475,50.85427690522478,100.4885968280944,5.533060867498371,60.7,41.05,46.9,1.11,Peaty Soil,mango
24.577020636441276,79.04282509216513,123.8837364490216,5.855891198938181,110.41,91.22,181.27,2.78,Sandy Loam,chilli
25.590055800766102,63.71553427361845,154.67870476493897,6.429551097489994,26.0,23.0,26.0,678.0,Sandy Soil,cassava
27.37662175338246,83.75710084416765,185.7944694598243,6.496711399892199,146.88,102.81,122.57,2.77,Silty Loam,chilli
26.03847267217477,57.1291617547232,189.13422070248134,7.480448442198854,67.31,68.93,99.67,1.9,Loamy Soil,coffee
38.624449733672336,91.39215736150376,119.35362821577668,6.673867617396387,73.2,140.01,104.98,0.72,Loamy Soil,papaya
23.79219330677195,67.35673582552688,172.46849585375867,6.410919921536116,68.62,60.64,74.26,2.26,Acidic Soil,coffee
22.502329816129908,55.05823334798591,82.56294373392036,6.176559567794952,45.0,34.0,41.0,783.0,Loamy Soil,sweetpotato
28.1,70.5,52.5,5.92,15.46,52.32,79.61,1.24,Sandy Loam,peanut
23.6,79.9,246.3,6.03,156.54,112.87,189.32,3.52,Silty Loam,cabbage
27.78912455,53.96886679,91.01152997,5.643710216,57.58,41.94,48.95,2.47,Acidic Soil,mango
38.63319955138843,91.06001795054428,101.3258759582566,6.834534377547102,67.08,144.264,120.22,1.02,Loamy Soil,papaya
24.08,57.51,105.77,5.69,45.0,34.0,37.0,700.0,Loamy Soil,sweetpotato
28.55980972,84.51602322,111.0843029,5.653437902,64.9,48.83,51.0,1.27,Acidic Soil,banana
21.49998222432969,56.605879098015464,243.52232850159902,4.984028699667847,65.42,37.51,55.4215,1.13,Acidic Soil,tea
33.96149177974759,55.19861280948699,89.99402199913204,6.297093016461377,56.14,51.48,56.4,2.15,Acidic Soil,mango
29.461786877241703,72.75435529308345,86.66724541608161,6.148600003505786,20.26,60.82,72.02,1.25,Sandy Loam,peanut
27.9122104,83.36307683,90.80524328,6.356090905,61.67,68.84,58.69,2.41,Acidic Soil,banana
24.5,75.8,162.4,6.55,152.97,118.95,162.15,3.84,Clay Loam,cabbage
29.715119752745583,79.64616976983481,53.94938121116297,7.1408064106952835,55.29,145.9918,102.87,1.07,Neutral Soil,mungbean
26.572214557380637,76.71347194006852,100.17253704018579,7.044561639686124,26.95,32.93,70.52,1.92,Sandy Loam,mungbean
24.082814126370785,91.5755584948406,117.47578094463839,6.4116995624374615,65.53,85.88,68.22,1.0,Acidic Soil,orange
26.17,60.84,142.16,4.52,33.0,17.0,47.0,736.0,Loamy Soil,cassava
29.138747002350748,86.70350164581978,42.40512509602362,6.8931537466413655,53.19,141.572,142.764698,2.31,Neutral Soil,mungbean
27.96064742949068,70.97279997888056,126.13021784280491,7.086301076537091,32.73,36.31,68.34,2.17,Loamy Soil,mungbean
32.226150796575446,53.827535588064315,92.04715965506246,6.161424541031187,55.87,50.45,54.46,1.01,Acidic Soil,mango
28.522454180189186,79.66910570155017,172.07835537648702,6.1706584861544,30.29,59.95,78.82,1.92,Loamy Soil,soybean
21.048626783005723,69.38674026077284,67.48529959484394,6.410668653892637,56.23,69.4,59.68,1.02,Acidic Soil,maize
24.068893594398407,81.17267946460096,234.62073476038262,5.174321678912963,73.91,42.34,56.1,0.75,Acidic Soil,rice
28.5,78.6,242.1,6.38,129.82,93.29,170.34,2.68,Loamy Soil,chilli
29.600067527538652,64.09386837104482,87.27107712810897,6.739275620672954,110.18,63.39,124.07,2.47,Sandy Loam,shallots
25.13,57.19,103.57,6.48,34.0,31.0,48.0,818.0,Loamy Soil,sweetpotato
24.793379204581964,61.827209807225806,221.86845828420616,6.027923993382589,39.0,26.0,43.0,718.0,Sandy Soil,cassava
25.062959416299222,70.86662083727046,167.72391003788445,5.933141580239654,140.0,96.27,160.23,2.01,Silty Loam,chilli
43.15578979478502,95.03061402168852,79.82613233170866,6.6025203272930435,69.75,120.94,73.03,0.73,Neutral Soil,papaya
27.9,62.06,192.56,6.58,23.0,23.0,23.0,733.0,Sandy Soil,cassava
31.69265916939172,72.95610882031067,106.16520709177968,6.709097174478583,23.82,42.89,78.51,1.92,Loamy Soil,soybean
34.14291424307265,94.26442643623008,102.19687354585915,7.223241432793209,67.6,144.27732,125.59,1.11,Neutral Soil,orange
22.42350879518199,82.97965972718892,268.1898568377482,6.836051133178226,89.9,54.39,92.51,3.98,Loamy Soil,chives
21.448612908532006,59.912666413089575,70.8629776893788,6.338400861989052,57.01,60.76,56.21,1.97,Acidic Soil,maize
29.75538903,86.45193297,37.54602719,6.637677489,55.37,101.58,53.82,1.75,Neutral Soil,mungbean
29.135120288040056,78.13646631979643,96.15030419540305,5.590534609794779,61.36,48.388,48.341,2.07,Acidic Soil,banana
29.446856447597433,81.42524735616846,201.98204344066863,6.171879322430111,92.51,50.23,89.41,2.97,Silty Loam,chives
25.16278237,84.51753456,90.94554618,6.110844721,60.8395,58.67,53.64,1.57,Acidic Soil,banana
26.46334236107515,85.52659914186829,45.18534519470539,6.027223743408714,54.44,56.0505,46.7315,1.75,Acidic Soil,watermelon
22.33596032,62.21735425,202.7590728,4.960493019,65.65,39.0315,53.26,0.53,Acidic Soil,tea
25.172986799036195,83.66144985116854,89.87907928684639,6.104742692324596,60.8395,56.67,54.64,1.57,Acidic Soil,banana
21.882727105444182,64.98352214101443,156.86936338157926,4.561020632787197,59.36,39.07,47.0795,1.34,Peaty Soil,tea
26.216090237278813,61.67953253189641,154.3188192970197,6.542402127320565,60.78,74.35,85.49,1.73,Loamy Soil,coffee
27.35003104,52.66319725,91.87312479,5.566704378,57.33,41.02,48.55,1.7,Peaty Soil,mango
29.17052093,94.19790371,22.06994464,6.040559392,53.37,58.8005,43.316,0.53,Acidic Soil,muskmelon
26.31355498,82.36698992,265.5355937,7.224285503,81.97,140.17,143.84405,1.75,Loamy Soil,rice
27.255435,91.71369387,101.1453817,6.969883483,64.05,145.232233,142.312,1.8,Neutral Soil,orange
25.400776824240697,60.563987210091035,108.29308686300703,5.2817989884264955,37.0,14.0,38.0,683.0,Loamy Soil,cassava
24.39037192091311,56.895106638432004,124.69753375016104,6.910783273614895,30.0,38.0,50.0,789.0,Loamy Soil,sweetpotato
28.47359050123311,92.02821972836735,28.010113259254005,6.572767338246282,50.92,85.22,49.31,0.74,Loamy Soil,muskmelon
22.69657794,82.81088865,256.9964761,6.028321558,76.84,55.57,75.26,1.5,Peaty Soil,rice
29.72863238063954,68.95375478649724,61.82074029922625,6.397000143921126,18.08,52.12,73.46,1.2,Loamy Soil,peanut
31.7,78.6,140.7,6.48,26.95,32.44,61.31,1.97,Sandy Loam,mungbean
30.89239027432051,80.30637915352314,153.61591293193774,6.609967535672711,33.02,46.49,80.77,1.68,Loamy Soil,soybean
24.932828311548203,58.34633174327412,248.6091211000054,4.847013924969683,70.67,37.37,54.4215,0.99,Acidic Soil,tea
28.08166093,76.10953962,118.2761894,5.623615687,63.89,46.4,51.46,1.54,Acidic Soil,banana
27.566255310893336,84.03057886487528,92.30206370658401,6.312416273058741,60.67,68.84,56.69,2.41,Acidic Soil,banana
23.560698271053727,81.28380242964062,241.38524967541346,5.085853147460356,75.53,44.919,55.0975,0.93,Acidic Soil,rice
23.58,58.98,111.96,5.54,34.0,22.0,43.0,733.0,Loamy Soil,sweetpotato
28.652928678953632,79.93833029208875,102.82716452043864,5.660658065955521,63.93,46.23,48.47,1.17,Acidic Soil,banana
26.62417589863113,65.29752663358519,56.17937919435843,6.478009429896081,94.05,61.47,142.29,2.51,Silty Loam,shallots
29.097675145808797,74.60762546154238,72.9750502158411,6.268708573335721,26.07,54.99,77.83,1.67,Sandy Loam,peanut
26.13175553290209,64.0012789209839,219.3567039513076,6.088796046940197,23.0,17.0,49.0,796.0,Sandy Soil,cassava
30.0,75.4,203.5,6.81,85.62,53.45,95.9,2.69,Silty Loam,chives
26.809213566619587,74.40736141894314,230.8041743515652,6.369979939780923,119.29,91.64,160.61,2.24,Silty Loam,chilli
24.682048090442155,70.07410372510907,83.79037946504629,7.227196428758166,100.83,68.07,104.52,2.84,Silty Loam,garlic
24.84740848,89.20454622,58.99310824,6.391858432,57.35,74.01,53.08,2.17,Acidic Soil,watermelon
25.61707368,63.4711755,108.5181845,6.576418207,59.83,74.95,74.26,1.61,Loamy Soil,maize
28.16951590987147,64.8974802200445,91.24851173261811,7.297349270576756,75.81,65.8,114.97,2.09,Clay Loam,garlic
25.05331674683781,85.43656528080164,241.39395485719294,6.040557241473942,84.76,48.27,83.46,2.58,Loamy Soil,chives
26.65,58.97,71.01,6.82,49.0,34.0,44.0,792.0,Loamy Soil,sweetpotato
24.576988676917622,70.09004501969723,40.32317735355343,6.876494080892738,94.2,79.12,129.48000000000002,3.45,Clay Loam,garlic
33.00950886468843,47.667152746942264,90.6433709846079,4.697367264363105,57.86,36.34,45.4,2.09,Peaty Soil,mango
24.1319612092169,56.54460169361509,106.32152452360903,5.590784262352713,46.0,36.0,38.0,700.0,Loamy Soil,sweetpotato
27.11256004299731,61.5203775067374,67.55178817955577,6.362974917600068,116.83,69.14,138.78,3.22,Loamy Soil,shallots
25.45524824634031,69.39493358178997,117.00477425835194,6.756458983908326,31.03,43.17,77.84,2.02,Silty Loam,soybean
27.159945673689847,87.22850351658685,47.66377364676913,6.675633527469245,54.19,132.36,63.06999999999999,1.34,Loamy Soil,watermelon
27.91,63.29,142.34,5.47,35.0,28.0,49.0,602.0,Loamy Soil,cassava
22.06559636810378,63.986437860611595,177.79755648947202,4.884741450624952,64.0,37.92,48.98,1.11,Acidic Soil,tea
21.852364063542282,82.92250820656736,287.28320900361973,5.845487684280043,80.5,52.49,77.03,0.9,Acidic Soil,rice
28.86920411050115,91.70127231999317,22.251623182427547,6.654320030955247,53.25,94.82,48.85,1.45,Neutral Soil,muskmelon
31.259236733730845,46.83840534935184,90.36260429978591,6.178650492437127,57.37,51.28,54.92,1.2,Acidic Soil,mango
23.030535680057554,81.35378100314303,200.8052587549885,6.1285584640017285,144.04,91.55,164.9,2.65,Silty Loam,cabbage
26.4930645,88.59143088,46.06382209,6.313512999,56.01,68.72,48.95,1.66,Acidic Soil,watermelon
26.79884707344177,58.88510800504321,121.74711534896991,7.407105711628959,59.41,70.14,73.22,1.37,Loamy Soil,coffee
25.6,63.2,55.7,6.43,116.6,75.07,131.01,2.17,Loamy Soil,shallots
18.838548152764204,61.30569968634669,76.79739748738152,6.183651724965122,54.79,53.01,50.39,1.91,Acidic Soil,maize
29.80747243,52.13797867,95.74606104,5.191265116,58.27,38.65,47.06,2.38,Acidic Soil,mango
26.669776902857787,89.18094893759863,37.011867540115716,6.709297518097995,54.07,120.47,55.57,2.25,Loamy Soil,mungbean
26.09137527,62.17607087,188.1757882,4.941233385,66.96,39.0315,52.19,0.55,Acidic Soil,tea
25.5,86.1,170.8,6.08,132.38,109.34,150.86,2.79,Silty Loam,cabbage
30.27833593122343,63.22939536611607,40.678023669281835,6.2193112920207,112.79,65.85,122.5,2.99,Sandy Loam,shallots
28.18837136,82.60629652,37.23469744,6.287380117,54.88,64.78,49.36,1.98,Acidic Soil,mungbean
20.82010234073786,91.3850464417001,101.44253008835013,6.18361038165684,58.81,64.45,57.25,1.97,Peaty Soil,orange
22.872941347132,68.68769329413648,65.65837996574908,6.527977015860073,52.48,67.92,56.81,1.54,Acidic Soil,maize
23.1768489,68.00096043,161.8944624,6.703270635,64.14,98.75,112.75,1.32,Neutral Soil,coffee
24.6,80.0,219.6,6.35,153.55,87.91,180.72,2.97,Silty Loam,cabbage
29.537778850741123,46.58229486984615,99.41218216065434,5.713828901863162,60.55,42.82,50.56,0.82,Acidic Soil,mango
31.52791974750505,67.47871963126066,107.37912189890827,6.294360861806047,20.9,63.31,86.87,1.62,Sandy Loam,peanut
27.2,68.7,49.1,6.81,103.77,64.75,122.51,2.73,Silty Loam,garlic
28.4,70.7,39.9,6.12,95.57,67.3,108.96,2.15,Silty Loam,shallots
23.71614121712737,71.49614865420445,44.194479336517816,7.524904900536374,74.22,58.06,106.81,2.29,Clay Loam,garlic
26.5273532144396,70.40016854209759,104.49540216394671,6.884334632804747,29.91,30.88,62.44,2.5,Loamy Soil,mungbean
24.682750903770188,70.85977434831366,234.9040548717552,6.665768097166609,130.86,114.84,125.2,3.13,Loamy Soil,chilli
24.527350362572914,55.72267218160947,185.40889215663591,4.786841794681251,61.269999999999996,36.59,50.32,1.73,Peaty Soil,tea
27.512916445900768,88.73115109173065,56.61410932204462,6.277834466704262,55.78,67.19,51.13,1.06,Acidic Soil,mungbean
28.011133751541276,60.454656754931186,196.50323329706663,6.835569574873588,68.611,111.57,148.0319245,1.44,Loamy Soil,coffee
24.952697271779428,62.219869503968795,89.96577929304584,6.242763318554911,95.76,65.86,150.29,3.15,Loamy Soil,shallots
24.71871262799953,84.7489293276612,53.249989494056535,6.403361505800329,59.05,75.84,54.45,2.49,Acidic Soil,watermelon
22.27091030909792,56.31319029478424,108.56438398225103,6.283360444153932,46.0,21.0,39.0,711.0,Sandy Soil,sweetpotato
27.9,76.2,107.4,6.51,25.76,43.79,66.5,2.08,Sandy Loam,mungbean
25.96847021551017,83.99923430797479,115.9732029849617,6.065916925415261,65.83,56.88,53.54,2.01,Peaty Soil,banana
29.66819764575817,63.29101225598674,220.00384166877737,4.652997427428054,28.0,31.0,41.0,788.0,Sandy Soil,cassava
23.997790226024936,86.89359179593606,46.82869427813521,6.676706695614412,55.69,112.64,62.17,0.8,Neutral Soil,watermelon
22.776101533885445,58.38693235020373,188.66415291876584,4.582451271890134,61.290000000000006,36.11,50.03,0.68,Acidic Soil,tea
24.938298444135565,76.6421580771179,132.94847625501697,6.64992186557284,142.18,95.08,131.48,2.16,Sandy Loam,chilli
28.074255628451393,61.99878317268488,139.49092657361288,5.9873303094745305,37.0,24.0,36.0,736.0,Sandy Soil,cassava
28.91842453,94.63676767,63.68794608,6.678695788,59.68,118.36,66.43,0.83,Neutral Soil,papaya
26.921615860658978,80.42142326172193,220.3842854878234,6.149629251648453,75.85,60.56,72.68,1.39,Peaty Soil,rice
29.08655068374468,76.024011965722,109.49956236064334,5.644175206128803,61.61,46.65,51.57,1.77,Acidic Soil,banana
22.35753322,56.8091977,155.0653236,4.735721002,61.687,37.53,49.0795,1.87,Acidic Soil,tea
29.2,74.4,109.5,6.55,87.25,56.89,111.85,2.84,Silty Loam,garlic
26.904842637921604,86.7804941799953,199.57896772278812,6.114785863170812,85.31,59.54,88.82,3.97,Loamy Soil,chives
29.311872255869645,80.77441999751235,131.12355262184076,6.900658630573106,24.67,46.06,52.97,2.28,Sandy Loam,mungbean
23.32293161,53.00366334,168.2644287,7.167092586,61.56,125.16,142.30369,0.87,Loamy Soil,coffee
27.031222758361142,90.8212007000435,25.473943162276893,5.969278850323408,52.46,59.8005,42.46,1.3,Peaty Soil,muskmelon
25.1,77.6,140.2,6.18,110.31,95.11,139.83,1.97,Sandy Loam,chilli
27.9632631740824,74.87668550134624,121.76059274015338,7.005885969931306,18.82,46.72,62.22,1.55,Sandy Loam,mungbean
24.902645080498086,65.16093415288034,52.879520037866044,6.625128579164968,82.34,69.6,136.06,2.01,Silty Loam,garlic
28.7275267,89.12760359,58.52974279,7.069747814,58.241,146.766,144.76034,1.37,Loamy Soil,mungbean
26.8,65.0,57.6,6.47,97.05,60.47,141.29,2.51,Silty Loam,shallots
24.883413270730458,84.44079916773464,177.55535218507092,6.542323354047958,156.0,112.25,182.49,3.07,Loamy Soil,cabbage
33.57071716581703,72.49810635883883,102.58824758293743,6.117234558354016,23.44,56.6,74.55,1.64,Sandy Loam,peanut
29.32972384920238,77.23840543928304,93.00595413581807,6.178028570405489,61.77,59.1,55.52,1.24,Acidic Soil,banana
23.063244129094848,84.99577707109812,168.23831220631843,6.554343686541736,74.26,56.66,89.83,3.98,Silty Loam,chives
27.8157041735492,61.567868673528395,210.9471185396502,5.6054249431223,27.0,25.0,43.0,749.0,Loamy Soil,cassava
32.01301741607999,90.05150946343063,113.02674637474679,6.486457805355326,67.93,75.9,62.94,2.49,Acidic Soil,orange
25.0756354,80.52389148,257.0038865,7.633567638,78.83,61.01,83.99,1.15,Peaty Soil,rice
26.0,79.5,163.2,6.53,147.44,115.03,136.8,2.46,Loamy Soil,chilli
28.78975053254554,74.25915376864579,71.15654793518861,5.905405900680721,20.25,56.54,74.66,1.3,Sandy Loam,peanut
29.071244386393477,88.34892907852542,46.3973608561058,6.745100462184871,56.03,112.39,62.07,1.24,Neutral Soil,mungbean
24.90123934,87.20772913,46.59207341,6.744966312,55.62,132.58,64.36,1.95,Loamy Soil,watermelon
29.396705915621098,66.13659920670621,109.55611887580977,6.551994942732753,92.43,60.77,95.52,2.32,Loamy Soil,garlic
23.8,85.9,165.8,6.07,147.74,81.91,166.98,3.81,Loamy Soil,cabbage
21.70317105104292,55.67037262354392,93.19326369552083,5.898507395680663,34.0,32.0,39.0,833.0,Loamy Soil,sweetpotato
26.6,74.9,80.1,6.34,28.37,35.32,54.54,1.78,Loamy Soil,mungbean
28.399016884134678,80.36338541041577,167.60475651023998,6.015989202229244,85.41,55.78,91.62,2.89,Loamy Soil,chives
23.29250318,51.08826183,183.468585,6.080823839,61.88,48.0205,64.99,1.31,Acidic Soil,coffee
21.53346343,82.14004101,290.7103425,6.500343222,79.08,79.32,118.97,1.7,Loamy Soil,rice
23.592836866713156,77.24877489287677,153.59627519598368,6.407339038194875,179.93,86.41,191.68,3.16,Silty Loam,cabbage
24.82875421770193,59.212423350752424,84.31790746573928,6.228411477285818,41.0,28.0,57.0,712.0,Loamy Soil,sweetpotato
21.154348609540932,83.90817893636361,230.1901587845459,6.3831506063963035,74.41,74.95,95.1,1.89,Peaty Soil,rice
28.603612790070024,82.73864218643591,36.90117091720434,6.865231874161445,55.88,140.62,59.68,2.35,Neutral Soil,mungbean
29.000284680804384,89.54204048441962,48.75747028137086,6.627168003721467,54.03,113.39,59.07,1.24,Neutral Soil,mungbean
23.690534618612357,88.87713498626096,177.46657589522908,6.3063604729318214,152.91,88.46,171.62,3.68,Clay Loam,cabbage
28.620339270566287,84.70268637977486,59.147718754713445,6.884465229713005,55.08,145.542,82.76,1.97,Loamy Soil,mungbean
28.946558483802313,71.35423362053125,104.53837322174785,6.594155442177646,80.55,61.61,124.41,2.23,Silty Loam,garlic
25.733628611180638,82.44808820324542,54.871522968059644,6.4108767631953985,58.45,71.53,53.74,2.38,Peaty Soil,watermelon
28.03306461,91.47355778,21.17924769,6.274452811,53.02,67.82,43.89,1.47,Peaty Soil,muskmelon
22.1183518,63.70365465,185.2815085,4.844953467,64.5,38.87,51.46,1.6,Acidic Soil,tea
22.986764351204158,88.00113938910492,186.4220744144435,6.23052205780878,130.8,111.18,152.4,3.87,Silty Loam,cabbage
30.4,84.2,120.5,6.69,142.83,96.28,132.15,2.52,Sandy Loam,chilli
25.577208627114267,72.23162590670249,43.104691657026294,7.171248378925556,107.34,59.15,91.36,3.13,Silty Loam,garlic
27.48964757792914,60.51293877769843,191.35434857218686,6.507400356898987,70.46,64.45,87.64,1.94,Acidic Soil,coffee
25.43480512,81.53977797,96.47800391,5.837258235,61.12,51.04,51.06,1.98,Acidic Soil,banana
27.05437521351145,57.192150110743086,223.2488537440457,4.568145975899571,72.15,36.08,51.28,2.06,Acidic Soil,tea
35.32876402,91.06138506,163.9069365,6.678449318,79.29,114.96,107.97,2.03,Loamy Soil,papaya
32.6,69.4,148.9,6.61,26.09,48.57,65.18,1.67,Loamy Soil,soybean
23.169741940844286,76.54739992378418,185.1566983003602,6.85743769971321,65.38,49.15,76.19,3.54,Silty Loam,chives
32.39278120558043,70.0039463291784,148.93540622430493,6.591225079352234,29.09,50.57,63.18000000000001,1.67,Loamy Soil,soybean
31.46534290803598,78.75586817791574,89.00972178328018,6.98932361840234,19.1,33.64,64.07,2.48,Sandy Loam,mungbean
20.983675604228722,57.42803337711981,244.54901626051927,4.927740917709884,68.42,36.51,54.4215,1.13,Acidic Soil,tea
38.73218907,94.63707378,218.142147,6.579441304,94.47,97.58,109.16,1.88,Loamy Soil,papaya
24.442141107025787,67.85503261852513,51.568416282953194,6.84678352936972,99.09,61.99,120.88,3.31,Loamy Soil,garlic
23.4385377874738,70.49787151821734,226.76842487591682,6.403091329099031,72.67,40.29,83.75,2.69,Silty Loam,chives
29.2,71.9,217.2,6.33,61.33,48.14,81.25,2.73,Silty Loam,chives
23.87231619973328,66.6747502347086,59.55792387203694,7.102241109069902,85.62,53.69,126.91,2.13,Silty Loam,garlic
29.484193810203333,72.76875499380685,41.54062003053954,6.667664040660831,115.01,71.29,151.27,2.15,Sandy Loam,shallots
27.420154109954552,52.970492093198864,92.20857675831708,5.511882493050369,56.33,41.02,47.55,1.7,Peaty Soil,mango
26.538195031592924,82.71807592680935,264.3230125647027,7.142166718769851,82.97,142.17,143.84405,1.75,Loamy Soil,rice
29.827192962198858,60.98949928482161,86.61457783736647,6.498719096044323,102.35,79.8,118.29,2.42,Sandy Loam,shallots
27.542463374273005,78.90854635620789,91.9178371049858,6.328109661292427,59.99,64.75,56.09,1.14,Acidic Soil,banana
25.400545119847582,84.51195186840361,234.62408457733454,6.092976956685021,74.96,58.59,77.54,2.28,Peaty Soil,rice
26.26028739,86.14585891,58.97878791,6.7698938,57.41,142.31,74.17,1.36,Neutral Soil,watermelon
42.88997244881347,92.56819204819692,112.43832562162993,6.67803066595143,71.69,106.6,83.07,1.97,Neutral Soil,papaya
28.87492772572457,81.86638139298285,43.4752527035331,6.824094939483704,57.6,146.757,83.46,0.73,Neutral Soil,mungbean
29.5,74.6,137.5,6.75,23.49,41.39,68.33,1.51,Loamy Soil,mungbean
25.721441275553428,54.77929684563265,245.96819278673132,4.745113989887738,69.32,38.63,55.22,2.1,Peaty Soil,tea
26.198312361130014,64.39932649434961,241.66575894077403,6.882459670012151,35.0,20.0,37.0,819.0,Sandy Soil,cassava
28.1279509,77.48247073,103.5045395,6.323933647,62.53,64.38,60.41,1.15,Acidic Soil,banana
25.785432575802616,69.53866711982157,82.1860157434781,6.61969156385072,107.93,71.41,94.33,3.48,Silty Loam,garlic
28.228470476208198,71.63721494526897,189.16046857482627,6.583064380503177,90.86,44.56,93.24,3.15,Loamy Soil,chives
28.1218093,46.16888595,93.30247448,5.630619901,56.8575,40.11,49.08,1.75,Acidic Soil,mango
26.34762794263346,77.734126072782,113.76145861561932,5.6448623790738965,63.06,48.81,49.41,2.23,Acidic Soil,banana
23.44372334,60.39523266,122.2103248,6.42321105,59.61,61.41,68.25,1.53,Acidic Soil,coffee
25.206884274746553,88.87668263086786,59.8987054019352,6.296982607097058,55.35,75.01,54.08,2.17,Acidic Soil,watermelon
24.85656365024567,89.85768121920727,239.7593082391213,6.534033621192691,173.67,88.58,175.58,3.26,Silty Loam,cabbage
23.067815028700682,85.31476963839893,178.78902293214784,6.352582393890116,160.77,116.06,182.62,3.06,Clay Loam,cabbage
42.93368602,91.1756748,240.4899322,6.519371846,94.627,86.9855,105.9,1.62,Neutral Soil,papaya
35.21462816,91.49725058,240.4899322,6.793245417,93.51,145.842,148.097,1.18,Neutral Soil,papaya
26.71717393,51.08826183,126.8073984,7.131435858,59.605,145.27,149.0319245,2.4,Loamy Soil,coffee
22.42,58.92,103.57,6.48,34.0,31.0,48.0,818.0,Loamy Soil,sweetpotato
17.68408797,94.35815354,108.0638166,6.699164936,60.02,124.1,87.9,1.93,Loamy Soil,orange
27.57278064,82.0638878,91.34276507,6.435785799,61.48,73.272,61.59,1.71,Acidic Soil,banana
25.116818495735252,74.25293962804957,73.19157681366971,6.376702465796578,97.38,87.36,112.48,3.13,Loamy Soil,shallots
27.0,86.5,234.9,6.53,130.8,104.31,156.4,2.76,Loamy Soil,cabbage
25.29391516,79.29122198,105.4220251,5.614471478,61.75,47.17,50.15,0.92,Acidic Soil,banana
24.66593160174748,84.4133808371932,178.3307484868044,6.082705408947383,64.78,49.81,91.9,2.69,Loamy Soil,chives
30.103721280887907,64.2485031160098,198.73592752904426,4.683936271801486,23.0,29.0,43.0,787.0,Sandy Soil,cassava
25.592599912409376,78.88244157015424,157.4925702434544,6.576997929686772,31.75,48.86,76.47,2.12,Silty Loam,soybean
26.372819467256647,57.45695665038543,121.71773572485847,5.940923462532941,51.0,23.0,49.0,842.0,Sandy Soil,sweetpotato
26.4,80.3,136.0,7.17,27.68,40.19,59.2,2.34,Sandy Loam,mungbean
24.432972453712047,88.04462339799254,237.72359002743886,6.434270146135696,172.67,92.58,174.58,3.26,Silty Loam,cabbage
28.843434272253557,65.9098809199131,69.37410139558223,7.100594036063725,83.68,70.21,111.23,2.68,Silty Loam,garlic
29.40955778713921,82.61249783998807,107.60725130014767,5.88210113768547,65.56,53.27,54.42,1.84,Peaty Soil,banana
27.370433322372286,63.29925223779549,242.90908718605797,5.275766731309293,42.0,27.0,21.0,799.0,Loamy Soil,cassava
24.868537150342032,85.60151596023725,54.56942557430554,6.6875313219603,56.5,125.4,67.14,1.31,Loamy Soil,watermelon
22.757368315446964,78.26313851289933,215.34793933479006,6.590457339106117,86.32,45.58,89.08,3.23,Silty Loam,chives
21.53574127,71.50905983,102.4852929,5.918263801,58.77,49.83,52.63,2.11,Acidic Soil,maize
26.824202286843022,81.35426538867154,48.02830013008645,6.462172009615797,55.68,79.25,51.94,1.43,Neutral Soil,watermelon
20.61521424,83.77345559,279.5451717,6.932400225,76.82,140.233,147.520955,0.96,Loamy Soil,rice
24.99305302718509,58.20338444718798,101.19339379346812,5.93921764481596,59.2,45.89,51.35,0.52,Acidic Soil,maize
27.321945591990467,48.80345398858141,89.61061137302738,5.885791149331284,53.8575,42.19,51.06,0.98,Acidic Soil,mango
25.14666962373873,77.65055608531122,151.02940206765047,6.673020986124267,33.39,48.37,70.0,2.15,Silty Loam,soybean
25.79448878,84.26830701,56.45229202,6.762471629,56.82,136.43,71.69,0.63,Neutral Soil,watermelon
28.20811956138171,51.881228300504844,89.92462888851922,6.392101284465031,59.42,56.25,62.6,0.86,Acidic Soil,mango
29.318583465957612,82.61354499847636,95.29279470844322,5.931299244620019,63.67,54.44,50.63,1.91,Acidic Soil,banana
24.664190424338216,85.90175657978287,57.00421793431958,7.009362468585065,57.75,139.2382,121.920105,0.7,Neutral Soil,watermelon
25.626133452168904,83.00084013088558,96.95359596741355,5.493137704012638,63.49,48.42,50.341,1.56,Peaty Soil,banana
28.216448227180084,60.23290772280452,166.9259907558433,4.697873912776094,22.0,18.0,30.0,837.0,Sandy Soil,cassava
18.006478043853694,63.98218455505018,77.57676132806418,6.39978240207798,52.02,68.67,58.39,2.26,Acidic Soil,maize
26.387721495439575,58.97403932028231,94.70922398473951,5.906224620026987,33.0,37.0,37.0,715.0,Sandy Soil,sweetpotato
29.14827211,78.71024836,117.536781,6.390741836,64.98,68.76,61.791,2.03,Acidic Soil,banana
30.07746897362215,82.84393792215496,40.03396380332094,6.640129128036441,58.54,97.24,53.21,2.01,Neutral Soil,mungbean
21.40865769,83.3293191,287.5766935,5.935745417,78.5,53.49,76.03,0.9,Acidic Soil,rice
20.5902330529673,80.54665761052075,207.0152090385422,6.801736531881461,69.2805,131.12,146.520955,2.18,Loamy Soil,rice
26.623936412243136,60.96485008806315,137.64556054784782,5.982619470577788,28.0,22.0,28.0,670.0,Sandy Soil,cassava
25.2801372,83.15393658,49.29456609,6.224066378,55.76,62.15,48.47,1.12,Acidic Soil,watermelon
31.4,79.3,122.1,6.35,23.85,44.87,67.4,1.78,Sandy Loam,mungbean
29.336382527053175,91.29403534820547,110.3146735679302,7.0891651389394355,68.67,142.91802,143.625241,1.62,Neutral Soil,orange
24.990449560262185,67.5415473051876,179.7081154561783,7.422565013613074,65.48,69.66,90.89,1.35,Loamy Soil,coffee
24.96,56.77,81.8,6.88,48.0,22.0,54.0,821.0,Sandy Soil,sweetpotato
27.71822477,76.57853189,102.2099836,6.036079266,62.05,53.83,54.14,1.47,Acidic Soil,banana
33.6191155642002,54.07678024290678,99.18285862073539,4.819801169502025,61.709,38.19,47.87,1.88,Acidic Soil,mango
25.499529933983904,90.03743319344822,271.03531626371654,6.083863550347595,74.22,54.69,80.81,3.85,Loamy Soil,chives
26.054982979254778,77.38993197033814,118.40738221086953,6.308988362987402,64.53,59.82,59.27,1.62,Peaty Soil,banana
31.46907096411331,52.24346219644283,90.14996033389701,6.748528326421073,58.14,114.05,105.41,1.98,Loamy Soil,mango
28.183138623871685,93.08165174994689,28.840310875226777,6.0854407580231165,55.84,64.95,42.25,1.0,Acidic Soil,muskmelon
24.913351336493427,68.87999351798466,94.60751937938116,6.51052055062863,57.3,78.67,73.09,1.26,Neutral Soil,maize
25.594042640504238,73.47036537450995,124.59277880658264,5.930322287420567,122.25,87.33,178.97,1.85,Loamy Soil,chilli
26.43186954639209,84.77793842809031,223.0024197831506,6.319029709314618,170.19,97.99,184.16,2.9,Clay Loam,cabbage
25.366136191307927,59.51790514059063,55.675640164670874,6.39425745235468,118.54,59.55,102.49,2.11,Loamy Soil,shallots
27.98710735989618,46.06562269400215,91.65241678040006,5.714372194902343,57.8575,40.11,49.08,1.75,Acidic Soil,mango
16.609957528391657,95.12651185615385,110.3426204763088,6.491752139447784,62.58,86.18,68.96,1.55,Acidic Soil,orange
25.15745531,83.11713476,231.3843163,5.108527114,76.88,42.92,57.0975,2.41,Peaty Soil,rice
23.0,81.1,201.6,6.09,144.04,91.55,163.9,2.65,Silty Loam,cabbage
24.82876708,59.91018098,241.371506,4.83559204,69.95,38.3,54.87,1.09,Acidic Soil,tea
28.23621008829686,61.05712932861003,132.5856214553137,6.933829074294821,32.0,19.0,39.0,617.0,Sandy Soil,cassava
27.085767733877756,55.98067712678233,150.75666559098886,7.203739975621388,62.68,144.68449,147.5351,2.3,Neutral Soil,coffee
26.976242884285156,79.24474795922376,109.00580055483152,6.130089654747835,61.59,62.17,56.15,0.53,Acidic Soil,banana
25.3314063003866,90.89937360074495,115.9340641533021,7.953988978285054,67.1,58.7865,53.69,0.75,Alkaline Soil,orange
29.16093424,76.67484233,109.575944,5.618094446,63.61,46.65,50.57,1.77,Acidic Soil,banana
33.726572386840346,72.88299077287033,117.16342442642431,6.234901940955949,21.35,68.3,70.83,1.47,Sandy Loam,peanut
24.12188673,90.72351622,102.835632,6.945562889,62.5,143.1435,145.625241,0.85,Neutral Soil,orange
22.05278328606632,78.72255626135521,169.95127695480554,6.481154276901441,81.96,59.83,71.65,3.24,Loamy Soil,chives
27.620254836736446,87.78096351922582,52.54815741463255,7.038978738911589,59.87,143.3403,141.39,2.3,Neutral Soil,mungbean
17.24944623,91.13772765,112.5090516,6.543191814,59.83,89.85,72.84,1.68,Loamy Soil,orange
26.76062643264685,81.1952941389611,49.267296475134664,6.600289355005123,58.68,78.25,53.94,1.43,Neutral Soil,watermelon
21.24,57.65,83.98,6.85,35.0,35.0,46.0,756.0,Sandy Soil,sweetpotato
26.70626195518429,80.89635576516343,223.41959252781422,6.416688981006454,76.56,65.39,86.79,0.89,Acidic Soil,rice
26.512459802748165,81.62414243278465,54.96095555039104,6.354022625603631,57.39,63.9,51.99,1.39,Acidic Soil,watermelon
25.525478167340506,84.6820027065206,110.80815065877638,5.733348318406554,63.06,51.21,50.67,2.38,Acidic Soil,banana
22.234130751692305,61.809473559837606,243.98533365583214,4.949437313570566,70.03,38.86,55.4215,2.22,Acidic Soil,tea
28.92705913,91.39356832,23.20076686,6.438008153,53.41,78.79,45.5,2.07,Acidic Soil,muskmelon
29.340146812371025,92.18157107953988,27.532024559857277,6.626929140924406,55.3405,101.5,50.85,0.57,Loamy Soil,muskmelon
28.4,75.5,261.6,6.23,79.05,47.42,83.07,2.86,Loamy Soil,chives
28.206779412572946,78.02031669717435,218.46760992737177,5.9811689838530295,143.12,97.01,136.38,2.2,Loamy Soil,chilli
25.2,74.8,137.6,6.84,32.46,47.22,69.63,2.4,Clay Loam,soybean
23.904962650986135,82.04621799408659,45.24507395768918,6.1819565749582654,53.9395,56.0505,44.74,1.77,Peaty Soil,watermelon
29.914811692204502,87.34551450413129,42.16427710908305,7.065982483170779,53.19,140.572,143.764698,2.31,Neutral Soil,mungbean
19.20129357,68.30578978,87.85092352,6.11275104,56.4,53.1,53.2,2.0,Acidic Soil,maize
28.458222692552408,76.3571927214192,102.98753710423578,5.969201567557838,60.35,52.71,52.47,2.37,Acidic Soil,banana
30.2,62.9,39.9,6.17,114.79,67.85,123.5,2.99,Sandy Loam,shallots
27.09717485101324,88.03295507123504,271.4358841959675,6.388067104900138,82.7,45.22,85.03,2.51,Silty Loam,chives
27.4,73.2,102.0,6.93,39.42,49.78,62.32,1.64,Silty Loam,soybean
29.52288413684138,78.16500537476334,143.78198423572175,6.523592879073327,23.21,41.18,76.53,2.1,Loamy Soil,soybean
25.1,73.2,179.0,6.35,139.7,119.94,124.16,3.01,Loamy Soil,chilli
27.96016308634252,64.29755185724119,194.8465405369155,5.98832756689882,25.25,49.35,66.14,2.61,Loamy Soil,soybean
22.57337695116854,83.19565673243443,204.42317282576505,6.630108446018459,131.46,103.03,160.51,3.29,Silty Loam,cabbage
29.675103375783458,53.988578265666725,100.71209718657474,5.285002314404861,59.98,38.92,49.11,1.58,Acidic Soil,mango
30.41235793,52.48100602,93.92375879,6.621623545,58.33,71.61,73.1,1.63,Neutral Soil,mango
29.54775760096111,80.81390674016157,203.1668844389635,6.0318538243977295,127.18,87.38,156.05,2.14,Loamy Soil,chilli
32.4526595787255,69.9099256664502,71.1811157600147,6.499051511020803,19.35,56.36,74.38,1.35,Sandy Loam,peanut
25.6,65.7,75.8,6.73,104.23,63.52,120.63,2.28,Silty Loam,garlic
28.83837570749302,76.63930295148083,151.02212103812283,6.489185152897037,88.24,53.55,77.73,3.94,Silty Loam,chives
27.637825422108804,75.77375255237341,118.09136906584904,6.386684005997621,35.25,47.3,53.72,2.3,Sandy Loam,mungbean
28.398805708315745,68.72722163196921,104.86582519966528,6.736071924593915,85.2,77.72,93.51,2.11,Silty Loam,garlic
26.82060057,83.85039964,41.14698587,6.106500787,55.03,58.15,46.7315,1.59,Acidic Soil,watermelon
26.378157132908964,56.52127562006471,141.58788186783818,6.036038620627918,63.6,49.94,66.8635,2.11,Acidic Soil,coffee
26.425984589530387,59.684490141592974,86.92438398053436,6.255701828094245,56.38,51.4,54.38,1.07,Acidic Soil,maize
24.7463868830542,81.34624629167675,45.443831981732544,6.129702839250708,53.94,58.39,47.46,0.57,Acidic Soil,watermelon
23.6817898,91.40301608,206.3999208,6.519371846,74.31,86.9855,95.29,0.67,Neutral Soil,papaya
25.460773507859397,79.66797047000311,119.53134338666013,6.699265816215144,39.46,52.61,77.23,2.44,Silty Loam,soybean
25.672435869627694,76.54620295561344,273.99961244240814,6.938938412507309,60.79,42.27,84.34,2.88,Silty Loam,chives
24.243305714502423,57.87546923870781,84.16628478042664,6.433634518925182,42.0,37.0,58.0,878.0,Loamy Soil,sweetpotato
22.84,58.98,117.89,6.84,33.0,35.0,47.0,794.0,Loamy Soil,sweetpotato
29.585892609884024,84.92817206434555,43.04767825692909,6.386510545013263,52.91,73.06,51.44,1.16,Peaty Soil,mungbean
31.3,83.7,205.0,6.2,117.49,101.95,133.24,2.94,Silty Loam,chilli
36.96631494618876,91.06345640158094,188.34926222740486,6.542447898286866,84.61,92.45,98.09,1.95,Neutral Soil,papaya
26.6,66.2,72.2,6.52,96.56,86.21,124.38,2.16,Sandy Loam,shallots
27.2,88.8,187.8,6.28,76.19,46.95,77.93,3.69,Loamy Soil,chives
29.41,64.61,168.32,5.26,38.0,15.0,44.0,792.0,Sandy Soil,cassava
23.70641723099965,58.48009072220453,106.31579036457413,5.776795863447736,47.0,32.0,37.0,700.0,Loamy Soil,sweetpotato
31.53243779,90.87394933,207.0735119,6.519371846,82.96,86.9855,96.53,1.59,Neutral Soil,papaya
28.840409418965628,72.83098819400723,215.71765843495567,6.398714769644447,60.33,48.14,80.25,2.73,Silty Loam,chives
29.4,71.5,225.8,6.3,100.89,113.88,159.01,3.09,Sandy Loam,chilli
25.71509995915272,63.73318857436308,54.62871138000045,6.510214377383746,114.6,77.07,131.01,2.17,Loamy Soil,shallots
29.26092798,92.92367701,28.70627683,6.088885814,54.34,60.6,44.2,1.5,Acidic Soil,muskmelon
30.9,68.1,99.1,6.4,28.19,51.28,89.62,1.1,Sandy Loam,peanut
30.6,82.7,98.6,6.88,23.24,47.21,58.89,2.44,Sandy Loam,mungbean
20.683575582467725,83.64897468249849,241.46585826660763,6.301107604444957,72.41,64.57,83.39,1.21,Peaty Soil,rice
29.375885657262764,65.59432752408831,35.148295412449336,6.434917462931479,94.15,81.56,142.82,2.62,Loamy Soil,shallots
24.877198042540396,61.014328043842376,170.17947414499687,4.997468173087457,66.34,37.8,48.84,1.57,Peaty Soil,tea
25.439656197386974,78.00730350255186,149.22258624879558,6.714976704280372,29.39,46.37,71.0,2.15,Silty Loam,soybean
27.55906475,58.45742907,120.5985918,6.784460602,60.56,111.36,112.96,0.83,Loamy Soil,coffee
22.67594476,93.36348717,110.3332655,7.477935216,62.98,88.6,70.78,1.0,Neutral Soil,orange
31.4,65.7,97.7,6.25,15.08,68.74,81.73,1.87,Sandy Loam,peanut
27.76317235,90.35567642,25.21609113,6.740983646,53.51,134.65,52.98,0.56,Loamy Soil,muskmelon
29.78416743,85.16906976,40.77872823,6.79385576,55.75,145.5971,66.38,1.55,Loamy Soil,mungbean
27.837881122224267,75.72805741936102,106.04391426657826,6.452706568490624,26.76,44.79,67.5,2.08,Sandy Loam,mungbean
27.43329405,87.80507732,54.73367631,7.16602455,57.32,148.6912,79.38,1.21,Loamy Soil,mungbean
24.50814864652608,74.53969849629685,247.53733894054267,6.557865623361498,152.23,119.43,167.72,3.46,Clay Loam,cabbage
28.600126226617814,61.68054837510177,174.26360516198469,5.239084977586032,35.0,17.0,23.0,809.0,Sandy Soil,cassava
28.95551516390369,61.026243648722996,208.8522495805002,5.397900325039142,38.0,28.0,46.0,798.0,Loamy Soil,cassava
28.836075276228826,61.43094764079974,179.97345886861694,7.46275525021815,37.0,25.0,47.0,842.0,Sandy Soil,cassava
24.653603836358386,89.42605386979699,48.14763223459613,6.202407637990216,58.96,63.05,49.62,2.07,Acidic Soil,watermelon
28.3,64.92,107.57,5.08,31.0,23.0,21.0,833.0,Loamy Soil,cassava
30.548092733118786,90.21072003411885,113.33125777171082,7.715046810479567,66.37,62.7,59.32,0.62,Alkaline Soil,orange
29.80225957058777,73.32146755421685,73.6373239490428,6.177815096618403,31.68,52.61,80.44,1.15,Sandy Loam,peanut
25.554137198205325,62.582208016502456,202.21113055000603,4.5509649295064944,64.37,35.77,53.2,0.87,Acidic Soil,tea
11.02134028,93.75652041,101.1456947,7.796034006,56.2595,65.33,56.94,1.16,Peaty Soil,orange
30.320953791880857,70.24539432388517,60.15654789557959,6.136881285873043,21.22,58.21,77.49,1.98,Sandy Loam,peanut
25.349417738714294,62.509529730312565,226.59895648499605,5.149615321357768,33.0,27.0,33.0,711.0,Sandy Soil,cassava
27.1,80.0,225.1,6.67,154.91,81.19,191.68,3.78,Loamy Soil,cabbage
26.29039046,81.06003778,118.6730366,5.871702211,64.05,51.55,54.02,1.69,Peaty Soil,banana
25.925626815296003,73.81271107185893,35.79855183150502,6.320394284095991,92.98,77.28,109.4,2.9,Sandy Loam,shallots
25.621382654098397,83.84609257704469,43.996142483588194,5.978928328062216,58.44,60.0505,44.7315,1.75,Acidic Soil,watermelon
24.621566374532932,59.969985561360055,83.20577454172204,6.160388077896363,40.0,29.0,60.0,712.0,Loamy Soil,sweetpotato
31.29986342,92.76039164,54.77830202,6.986228647,58.84,146.61836,145.784,2.04,Neutral Soil,papaya
22.27373646,59.52193158,67.96704792,5.826426917,55.01,45.22,47.72,0.91,Acidic Soil,maize
30.0,77.7,279.7,6.24,81.63,57.07,82.87,2.84,Silty Loam,chives
28.30280235103464,76.98378912795691,108.61599450951005,6.098477961788586,30.66,56.98,66.24,2.2,Clay Loam,soybean
24.123822403166262,81.06333635784841,260.36893537100605,7.036365985364467,81.57,145.9271,143.82815,1.07,Loamy Soil,rice
27.13022172664153,86.56235432147183,55.28721226461734,6.966188963796608,60.25,144.297,146.764698,1.77,Loamy Soil,mungbean
31.4,73.7,104.1,6.76,20.27,33.97,54.7,2.08,Sandy Loam,mungbean
27.56088634,68.48093882,167.4358075,6.516312148,67.56,72.48,86.16,1.91,Loamy Soil,coffee
21.46436844212961,60.39270091799683,96.9678419622827,6.764831611495638,57.98,90.23,81.77,1.14,Loamy Soil,maize
26.350613729154045,54.3404273588323,176.91777086812712,6.903757430596896,60.87,143.597,141.4125,0.84,Loamy Soil,coffee
21.97199397,81.89918197,227.3637009,5.658169482,72.73,48.31,62.59,0.86,Acidic Soil,rice
23.84234335994827,68.95583861375916,84.38738618012853,6.38817923947514,97.64,86.01,116.31,2.51,Loamy Soil,shallots
30.295268532725668,71.09432001809398,33.59449976447421,6.0986469433217385,77.29,71.07,113.08,3.37,Loamy Soil,shallots
29.40410483197931,73.18661119784984,222.3025822439681,6.92798683957542,61.59,49.71,90.19,3.87,Loamy Soil,chives
26.22338015,85.34866045,54.60159289,6.512196212,56.79,82.49,54.92,2.19,Loamy Soil,watermelon
24.918031986361314,86.77359473848712,225.52073101968952,6.0770377876009425,175.64,110.66,170.05,3.85,Silty Loam,cabbage
33.624186163003216,51.916036137919285,98.50717849946855,6.5196210901992195,60.69,58.32,64.09,1.43,Acidic Soil,mango
23.86560604066988,59.78578511095788,119.26858029391094,6.519844505682998,39.0,34.0,49.0,805.0,Sandy Soil,sweetpotato
22.176618450628474,56.22645829862418,79.87975908773834,6.217443890797429,44.0,36.0,41.0,783.0,Loamy Soil,sweetpotato
18.795554545063073,65.24117638144702,69.43386913127046,6.859113747744292,52.0,132.03,87.4,0.97,Loamy Soil,maize
28.504289658705936,83.94261777441226,107.81663664877857,6.731900131653766,24.81,43.05,53.5,2.29,Sandy Loam,mungbean
26.12643374,81.81365007,104.4812858,6.099478745,62.41,57.26,55.47,1.08,Acidic Soil,banana
22.429309853351594,83.32228290394663,194.0171634520785,6.645513612011698,70.43,92.39,104.57,1.52,Loamy Soil,rice
27.955242357142925,90.24294911972272,21.43536593459136,6.597918058679573,56.05,101.72,48.8,1.33,Loamy Soil,muskmelon
25.754248029540047,60.69831238347653,190.99155510242332,7.428635359590463,64.35,67.87,94.32,0.79,Loamy Soil,coffee
26.331195276174153,79.95063495428414,219.59019682746137,6.1637317406572105,77.85,57.56,72.68,1.39,Peaty Soil,rice
27.08038193532572,57.48550717966283,223.1060125037055,4.485363082091803,72.15,38.08,53.28,2.06,Acidic Soil,tea
26.154688546378782,80.55574049777555,52.6567071295156,6.397639803291833,57.45,65.89,51.76,2.02,Peaty Soil,watermelon
27.0,65.4,183.0,6.33,36.55,54.21,74.08,2.19,Loamy Soil,soybean
25.1,85.2,239.9,6.06,81.76,49.27,84.46,2.58,Loamy Soil,chives
23.3135811828828,80.33597353154455,270.06873289029824,6.287630868380694,77.27,65.97,98.45,2.04,Peaty Soil,rice
25.65642002168927,64.72194444087616,129.4137940988139,6.955076973645915,22.0,27.0,41.0,845.0,Sandy Soil,cassava
25.04649771510601,59.22822680474924,83.67219576599936,6.300958381337956,37.0,25.0,57.0,712.0,Loamy Soil,sweetpotato
22.609405340634225,58.4214276184467,95.98893787243688,5.533868192338952,46.0,28.0,45.0,849.0,Sandy Soil,sweetpotato
21.064414306194625,58.19650952287629,103.00096560175973,6.650660134575493,36.0,35.0,47.0,868.0,Sandy Soil,sweetpotato
28.6,68.6,47.2,6.5,85.81,83.46,102.6,3.42,Loamy Soil,shallots
25.179172930292005,88.72730609420593,271.7588865487114,6.253606413194474,79.22,54.69,78.81,3.85,Loamy Soil,chives
21.07997668066079,90.75034751875724,111.70113679117244,7.780163943666253,59.46,62.88,58.64,0.71,Alkaline Soil,orange
28.591798433314224,66.8642077968985,97.65209496347698,6.845300898468028,72.3,78.02,128.59,2.25,Silty Loam,garlic
24.014677662347882,80.88281778045138,200.92703841042868,6.711899731536992,80.09,54.07,91.36,3.72,Loamy Soil,chives
29.71,64.18,220.88,4.7,29.0,29.0,40.0,788.0,Sandy Soil,cassava
25.5,79.2,152.0,6.28,148.69,89.91,172.35,2.87,Silty Loam,cabbage
23.3,82.3,245.7,6.26,168.94,111.85,191.55,3.0,Clay Loam,cabbage
25.422116183126324,83.87526925299696,265.2233442576071,6.65845032467574,65.94,45.59,92.65,3.12,Silty Loam,chives
27.5,64.4,73.0,6.14,115.73,77.42,109.44,2.99,Sandy Loam,shallots
27.165893951606296,53.441396217630064,194.16378725331728,6.093584776703222,66.34,47.0205,66.92,0.55,Acidic Soil,coffee
29.38254012,83.50423735,109.2486647,5.765308943,64.89,50.29,51.8,1.22,Peaty Soil,banana
29.35455691338137,85.54145541169683,45.21573740500236,6.717940759477953,55.29,107.9,58.23,1.91,Neutral Soil,mungbean
26.717234895787577,57.965362815191405,121.56081851213705,6.108866057762474,49.0,20.0,48.0,842.0,Sandy Soil,sweetpotato
26.7097882567269,76.12652316868768,126.29973378702653,6.8497196699082705,25.44,55.59,77.36,2.58,Silty Loam,soybean
27.35003104,49.30347234,93.53197359,6.052026047,57.0,45.6,53.16,1.97,Acidic Soil,mango
22.53270587756984,57.06647408080251,102.85221586056461,5.845614621057519,55.27,46.03,52.21,0.88,Acidic Soil,maize
29.78714005,94.65343534,27.8659442,6.327822962,54.3405,72.24,45.53,0.95,Acidic Soil,muskmelon
29.9,74.7,110.3,6.21,27.97,68.14,87.92,1.09,Loamy Soil,peanut
23.658600092082494,82.33206470803975,196.59357741327796,7.388929648135599,70.26,95.45,107.96,1.21,Loamy Soil,rice
28.736246955526546,93.33853075469219,25.489604585728433,6.204061298842976,53.63,65.45,41.93,2.34,Acidic Soil,muskmelon
29.40265496635884,91.1305941784699,22.709548172769985,6.657162613087214,50.24,134.7555,52.986,1.63,Neutral Soil,muskmelon
23.34433531674581,59.952524316101986,113.59946502749004,5.459878009722564,32.0,21.0,42.0,733.0,Loamy Soil,sweetpotato
26.330496601213852,75.60734518288267,185.29476689268904,6.50640012593142,26.09,48.77,64.67,2.69,Loamy Soil,soybean
25.97482359,69.36385721,103.2234212,6.822586546,60.1105,145.21743,117.58,0.91,Loamy Soil,maize
31.7703523994426,51.36367036865197,90.08487828830513,5.515861699032218,57.23,39.97,46.67,0.8,Acidic Soil,mango
24.86094646,85.05318563,55.29563514,6.738030547,56.5,127.4,68.14,1.31,Loamy Soil,watermelon
24.798934441196863,65.0980375506952,182.3740916945788,7.170154892080168,66.28,117.68,146.77,1.47,Loamy Soil,coffee
26.875688575097517,50.85081561553228,91.36892454559619,4.969466691020422,60.05,37.4,46.99,1.7,Peaty Soil,mango
22.231924161847235,80.80230132067723,205.55079633353563,6.715120762973068,139.21,109.69,160.58,2.89,Silty Loam,cabbage
28.77,61.64,244.6,6.33,26.0,20.0,38.0,623.0,Loamy Soil,cassava
25.43572225776007,89.88846523298979,213.9607136597947,6.263221082752999,140.73,99.67,175.41,3.65,Silty Loam,cabbage
28.959742574690235,80.01563055911443,91.4760596991186,5.997078900831153,63.76,50.4,49.2,2.13,Acidic Soil,banana
28.459034097130438,82.18139703970354,55.95885863745563,6.458610124419729,55.29,70.22,52.41,2.09,Acidic Soil,mungbean
26.33,59.3,95.6,5.91,33.0,35.0,36.0,715.0,Sandy Soil,sweetpotato
32.98692322917281,89.83995000018471,111.85594292475506,7.678250635648035,67.65,71.35,63.0,1.26,Peaty Soil,orange
23.51744149021191,56.701840388759976,121.6615356504899,5.709580089854141,35.0,23.0,30.0,773.0,Loamy Soil,sweetpotato
26.490490337736205,62.17875662988862,83.4733491309545,6.537284029495897,90.87,79.96,149.34,2.64,Loamy Soil,shallots
29.36320128868904,93.30371623420622,26.450225621044765,6.603491625100448,57.24,95.8,49.35,1.14,Loamy Soil,muskmelon
29.175267169285565,75.61170668282418,97.86487548274684,7.537100049850738,86.0,76.06,107.22,3.08,Silty Loam,garlic
25.14736487,78.76260938,108.3690513,5.760457558,61.86,49.06,51.66,0.99,Acidic Soil,banana
25.164345184188996,73.31249463176529,74.5212511267465,6.35481857983549,96.38,87.36,110.48,3.13,Loamy Soil,shallots
25.703886495411208,89.33051477562323,58.18746392676866,6.869592981407977,54.6525,145.812772,94.67,1.48,Loamy Soil,watermelon
24.868898260879202,81.51808396912222,158.2905234173448,6.185268076570719,158.35,112.58,150.03,3.09,Loamy Soil,cabbage
29.56580176510468,86.99974737318682,37.396662373083686,6.618789469618961,52.37,99.58,51.82,1.75,Neutral Soil,mungbean
29.73013036,82.89166381,50.91511275,6.442335593,56.97,74.59,52.17,1.77,Acidic Soil,mungbean
28.17063402512408,88.06040051004449,58.03931092483516,6.749842731067419,55.95,142.1712,73.7,2.03,Neutral Soil,mungbean
23.022733872484483,65.24013121749417,44.26327108712928,7.366448421992985,106.41,54.68,92.37,2.82,Clay Loam,garlic
34.17702389857024,72.35356915883574,90.43687530796281,6.216963443954988,32.3,68.9,85.34,2.02,Loamy Soil,peanut
24.812042453414875,86.19016079444307,51.56045958433224,6.236052439896189,55.33,63.0,50.05,1.03,Acidic Soil,watermelon
33.627177074763836,45.28022905887888,88.84998264031807,4.69580345558284,60.87,37.324,43.3595,1.86,Acidic Soil,mango
11.02134028,90.22399223,119.0417975,6.22094286,56.2595,64.74,60.43,1.85,Acidic Soil,orange
31.391316987605034,70.97538124410487,103.22892912676697,5.850213843332768,15.69,57.4,79.18,1.79,Sandy Loam,peanut
29.0,66.6,85.2,7.24,71.54,52.17,106.95,3.8,Loamy Soil,garlic
19.14381903,90.71037456,108.0230792,7.8546243,60.42,61.84,56.85,2.07,Peaty Soil,orange
25.275797395170223,86.32974803953775,211.5174591470822,6.515298808134776,150.87,108.28,165.16,3.4,Loamy Soil,cabbage
32.38697531,53.2328243,90.21633216,4.691396195,58.64,36.92,45.3595,1.21,Acidic Soil,mango
23.13697847099992,82.31333128974464,257.1847762650833,5.944080726381295,75.84,57.57,74.26,1.5,Peaty Soil,rice
27.0,65.9,97.4,7.2,95.4,60.26,138.07,2.8,Clay Loam,garlic
25.68,64.45,185.08,5.74,38.0,21.0,25.0,836.0,Sandy Soil,cassava
19.1969515167817,57.86367384585637,78.37789582592822,5.621450658628514,51.9,45.825,48.28,0.95,Acidic Soil,maize
28.045434119686433,78.82587725313527,161.5161084290784,6.790950699060638,24.99,45.56,68.25,2.41,Silty Loam,soybean
32.6112614,47.74916499,91.10190759,5.418475257,57.88,39.06,47.68,1.91,Acidic Soil,mango
26.884605017241118,65.71287340694,40.6969744310585,6.177593222184036,93.55,80.39,123.41,3.3,Loamy Soil,shallots
34.07603266,93.63812684,103.5684926,7.163245982,68.6,144.27732,124.59,1.11,Neutral Soil,orange
28.713351690347896,94.68485534174096,24.65222693802303,6.189808019715422,51.96,63.43000000000001,44.38,2.48,Acidic Soil,muskmelon
25.19349635801354,64.08662118516466,174.32150092332466,4.615428913610863,67.59,39.43,48.13,0.62,Acidic Soil,tea
23.822410276290874,90.0434951367593,245.2580412482796,6.728706079905659,135.56,101.9,191.06,2.83,Silty Loam,cabbage
23.75714318957447,85.25834669168252,164.9237284929464,6.117979805030014,145.74,80.91,164.98,3.81,Loamy Soil,cabbage
28.911126237289054,62.44407024707608,108.43836719750759,4.591314586149263,27.0,31.0,24.0,827.0,Loamy Soil,cassava
25.373872868547526,81.85454133057372,58.20150943261484,6.389446316230427,57.56,67.33,50.19,0.87,Acidic Soil,watermelon
29.860376376490876,75.49170825249493,86.32294288950915,6.495981874926843,15.95,50.47,78.0,1.39,Loamy Soil,peanut
25.7651492,55.38065416,181.3792303,4.562853017,64.33,37.04,49.92,1.79,Acidic Soil,tea
29.03355200916354,79.95625274530563,111.43603032880235,5.813241778987695,67.58,50.04,55.73,1.05,Acidic Soil,banana
21.57333441359167,94.00661264103991,103.22066968455604,6.362038346526525,62.32,79.8,61.07,2.3,Acidic Soil,orange
24.40424459187086,85.8677686866282,46.920038714924566,6.270295356228463,52.66,70.1,49.82,1.08,Acidic Soil,watermelon
28.643067660706492,71.15823136093718,99.84003248265263,6.187019692084188,83.89,77.69,141.18,3.39,Silty Loam,shallots
29.36792366,76.24900101,92.82840911,6.149934034,61.55,56.91,54.56,0.89,Acidic Soil,banana
26.930410989463873,54.63079235159955,175.72232452709238,6.923882362662365,60.87,139.597,142.4125,0.84,Loamy Soil,coffee
33.756037219072525,72.14544650670238,68.91727488242046,6.0717361873757785,17.14,59.0,70.39,1.76,Loamy Soil,peanut
20.19489483695745,63.56132979565311,107.30321894669294,6.54999808575684,57.83,83.74,82.66,1.08,Neutral Soil,maize
28.958959752614984,93.62639983478886,24.764969692293096,6.459027997918662,55.56,81.14,46.93,1.63,Acidic Soil,muskmelon
31.054045149495284,47.33535592396484,90.94888553172018,5.94866417431586,60.41,41.78,53.54,1.2,Peaty Soil,mango
27.96236771,84.15403614,97.55986676,5.644486582,62.75,48.62,49.6,2.31,Acidic Soil,banana
31.5504312320841,78.2567954812766,187.67765198719923,6.763819042625548,22.62,50.01,70.52,2.46,Silty Loam,soybean
21.131709799798518,56.595369810680545,200.15816422028405,4.899030607316173,64.74000000000001,38.21,50.9,1.29,Acidic Soil,tea
30.743249503256198,46.04210846498388,89.91426206171721,4.793022027918926,55.43,37.39,45.52,1.14,Acidic Soil,mango
28.663324894896526,82.41109607153642,99.70216345124699,5.851791168435472,65.0,53.44,49.38,1.42,Acidic Soil,banana
27.06207052579089,56.23251885952078,139.78796143304584,6.8737858676956565,58.71,143.40874,140.5751,2.29,Loamy Soil,coffee
26.18983058291583,80.91098130226786,57.78421766604702,6.821660274416054,55.61,142.38512,102.76,1.6,Neutral Soil,watermelon
31.511738515313894,70.56929711550062,86.46815469515354,6.0890700727399265,109.6,62.07,105.07,2.93,Silty Loam,shallots
26.58740671,81.32563243,41.87540028,6.932547356,55.03,144.8728,123.01,1.69,Neutral Soil,watermelon
26.076166911240435,86.04268278699176,241.62933234381416,6.544359716028435,173.9,114.06,163.33,3.79,Clay Loam,cabbage
24.49615147,55.39114587,244.9762415,4.966697175,68.47,38.28,55.4215,0.88,Acidic Soil,tea
24.77333448478421,80.37640030117159,214.98686118116217,6.346643924547043,97.25,112.0,124.57,2.84,Silty Loam,chilli
25.056452894506418,57.08221735964724,79.67378379897441,5.815813208824697,56.1,41.89,49.62,1.63,Acidic Soil,maize
30.33845963738662,69.69246122540471,84.52970081873536,6.7047367436690095,29.91,41.29,64.47,1.56,Sandy Loam,mungbean
26.15,63.16,163.65,6.37,29.0,29.0,48.0,771.0,Sandy Soil,cassava
18.39882346794083,73.06912399492194,77.55077084888939,6.42646513578082,55.76,62.95,54.89,1.66,Acidic Soil,maize
32.7142569908212,73.8374003360316,176.61089176194068,6.336840538892011,32.41,53.55,62.73,1.75,Clay Loam,soybean
18.74826712,62.49878458,70.23401597,6.417820493,54.57,62.21,56.09,2.32,Acidic Soil,maize
28.370448638833395,83.02195104571248,100.24099038558342,5.777918342412224,61.0,53.44,51.38,1.42,Acidic Soil,banana
28.3,67.2,61.2,5.89,19.54,57.14,77.48,1.44,Loamy Soil,peanut
27.17340964952475,57.95815917988404,184.29008847144112,4.565333564747338,63.010000000000005,39.24,50.37,1.15,Acidic Soil,tea
26.24928198,54.28617819,133.1120232,6.854011265,60.54,141.56,149.0319245,2.22,Loamy Soil,coffee
26.3585056684485,52.68188024736202,138.2725911788173,7.373148411337313,63.34,65.27,83.04,0.71,Neutral Soil,coffee
25.13343843033075,59.20084462703062,84.012032934695,6.297477147601328,36.0,25.0,57.0,712.0,Loamy Soil,sweetpotato
22.249267772590407,85.26244183676424,173.68939424985155,6.585321701915969,134.11,101.29,171.43,3.61,Loamy Soil,cabbage
28.22373428,47.40519056,97.76832322,5.024124684,57.27,37.2,46.6,1.59,Acidic Soil,mango
32.82356605218338,66.00529646667276,60.94220268630152,5.934744430906793,31.02,58.5,86.41,1.13,Loamy Soil,peanut
21.31388231,60.59493367,242.7375694,4.538276284,67.28,37.38,53.15,2.09,Acidic Soil,tea
27.05,63.95,123.6,5.37,34.0,22.0,46.0,750.0,Sandy Soil,cassava
19.254758534471918,65.6616377571621,73.04195541267994,6.7958438772981555,53.0,134.03,89.4,0.97,Loamy Soil,maize
27.04140893592087,78.68276877713363,178.2277720099092,6.940002121760609,34.17,43.35,59.76,2.59,Clay Loam,soybean
21.777341769543302,55.521713956785035,95.15802209694795,5.798348268523301,34.0,32.0,42.0,833.0,Loamy Soil,sweetpotato
26.232366563799232,64.85594371082402,38.15495446707024,6.102873267906237,92.55,83.39,121.41,3.3,Loamy Soil,shallots
30.773482003597145,83.14135497387352,129.65434556930705,5.8481818825594285,134.92,114.83,178.24,2.11,Silty Loam,chilli
24.735960411124548,83.71354504866993,112.18177054391737,5.781125685283195,60.06,52.21,52.67,2.38,Acidic Soil,banana
21.94766735,80.97384195,213.3560921,6.012632591,71.07,54.6,68.81,1.19,Peaty Soil,rice
25.295549427202875,64.43301188856,51.69900164799918,6.607835041858737,83.34,67.6,134.06,2.01,Silty Loam,garlic
11.86631922,93.68394562,106.060149,6.976997772,56.55,142.0629,140.413,1.0,Loamy Soil,orange
30.960734725971772,89.67232948114152,52.67193743489504,6.706556480809104,57.44,131.75,67.08,1.45,Neutral Soil,papaya
25.07003521893917,81.82205051448209,249.87654124001693,6.243366690834297,75.34,49.06,84.87,3.4,Loamy Soil,chives
25.85683220488387,84.0005326663427,185.78716283481157,6.031003255754556,75.96,55.49,64.9,1.11,Peaty Soil,rice
24.5,77.4,221.5,6.71,143.78,113.75,140.04,2.2,Silty Loam,chilli
31.445136070246694,71.14827442568584,168.41808282379193,6.212603654542122,147.01,81.58,160.03,3.16,Silty Loam,chilli
24.046225470055756,77.12929716330673,172.9739241606134,5.67615052513834,124.45,100.13,120.14,2.05,Loamy Soil,chilli
29.03092230773572,74.83992976104523,135.57739603120493,6.829909789280337,26.49,42.39,67.33,1.51,Loamy Soil,mungbean
27.129629702258846,58.367921632293786,156.16990330089175,4.679215447991425,61.46,36.76,49.08,0.63,Acidic Soil,tea
29.48069921,90.33698678,26.0365768,6.640470863,53.85,105.38,49.66,2.02,Loamy Soil,muskmelon
27.09617155,63.55324262,190.2440566,6.779230041,67.611,116.36,145.666,1.87,Neutral Soil,coffee
23.248604350938468,75.57079715044915,275.84537766999546,6.84414562117071,86.63,58.35,90.13,3.88,Loamy Soil,chives
27.672645997122157,75.77859002410773,223.37360769655842,6.392362433065142,143.91,92.95,182.91,2.61,Loamy Soil,cabbage
29.390330698592575,68.7404074413236,67.63194162407619,7.077102656300157,109.05,48.93,90.52,2.59,Loamy Soil,garlic
32.813317071317,95.0194142072704,114.99655988950427,6.6410064549915475,71.27,100.14,78.88,1.77,Loamy Soil,orange
27.070178476739382,80.99150498566888,239.95493691531837,6.511201594800587,142.49,95.63,173.14,2.54,Silty Loam,cabbage
26.041419838301312,83.70751798135377,93.50533347053046,5.870595570078201,59.69,55.15,51.7,1.11,Acidic Soil,banana
33.76158853947045,44.605274657036006,94.70573938884162,6.06634712234791,58.13,44.36,50.48,1.79,Acidic Soil,mango
26.68467979488632,80.92464637977758,96.624122558866,5.553985793264499,62.71,48.09,49.341,1.96,Peaty Soil,banana
27.89081094136968,83.44282330599991,90.79675924193356,5.723497090917852,59.76,48.51,49.66,1.65,Acidic Soil,banana
15.801103011880754,91.90615185424848,108.00188695571664,7.647265630133857,55.85,73.24,63.47,2.08,Peaty Soil,orange
29.86895569,85.85384444,41.39081525,6.415459592,55.91,74.06,49.44,1.16,Peaty Soil,mungbean
25.368410283581294,84.05860207703957,55.53065390481317,6.477413895385818,55.56,72.09,52.64,0.95,Acidic Soil,watermelon
29.775401279705218,93.84958851702962,114.36997373134795,7.516262626588783,65.17,85.17,66.83,1.65,Peaty Soil,orange
25.15945239696907,56.93807524868631,101.6050817147104,6.515019450800405,33.0,32.0,49.0,818.0,Loamy Soil,sweetpotato
29.682865722064523,91.86463771694939,26.459524331343165,6.3856757915616065,52.88,72.09,45.47,0.63,Acidic Soil,muskmelon
27.9,67.8,66.3,6.73,88.64,78.17,105.61,2.4,Sandy Loam,shallots
23.3,80.0,197.9,6.21,150.94,84.15,190.39,3.63,Clay Loam,cabbage
28.9,74.2,159.5,6.63,148.49,114.27,147.93,3.01,Loamy Soil,chilli
29.591474736360066,93.9320915123604,27.213729136842293,6.374802437590563,57.13,74.75,45.59,1.63,Peaty Soil,muskmelon
24.877038394670514,60.88259853871545,241.92484906426458,4.743227131626653,70.95,39.3,56.87,1.09,Acidic Soil,tea
26.0,78.2,158.0,6.57,30.75,47.86,78.47,2.12,Silty Loam,soybean
26.095928142892006,86.67844997929738,45.3735766409825,6.6055500778968135,54.77,116.98,62.79,0.7,Loamy Soil,watermelon
26.04371967,84.59609431,186.7536773,5.999969026,72.96,55.49,64.9,1.11,Peaty Soil,rice
32.27652024,50.19368841,95.99487068,5.316875978,58.64,38.95,47.6,0.56,Acidic Soil,mango
18.30306490708603,57.07821695937749,91.40114223475643,6.582093568926958,55.2,75.52,71.88,1.17,Neutral Soil,maize
25.501028040074488,82.64101829244066,46.96399765863569,6.870731987749406,58.47,148.812772,75.39,1.26,Neutral Soil,watermelon
27.713228625143877,83.12500002835819,192.95575475983625,5.637242618580895,113.3,80.7,120.63,3.19,Loamy Soil,chilli
21.98643472582234,93.65736727632597,100.62621079779345,6.088908351672294,64.78999999999999,59.7865,54.1455,0.52,Acidic Soil,orange
25.2,80.0,221.6,6.32,162.1,97.81,181.26,2.9,Silty Loam,cabbage
25.120007664164284,60.67142813118823,167.78923367492246,4.825335519898339,63.34,36.8,51.84,1.57,Peaty Soil,tea
26.353945628510406,89.00665233402043,57.96138803019137,6.948025384028778,54.65,148.76686,103.55,2.34,Loamy Soil,watermelon
26.984849052607064,87.04086064942005,54.92340262923306,6.3253332732441585,60.28,75.8,51.38,2.14,Acidic Soil,watermelon
38.7046340263925,91.11440117963946,106.21867049014831,6.894603386302932,74.0,144.029,146.437,1.1,Neutral Soil,papaya
42.48672075213601,92.17327712831322,165.60140135723694,6.753412033386789,89.0,149.099313,146.685,0.78,Neutral Soil,papaya
33.33458292636348,66.2002401060032,177.61238463675915,6.750481734111685,35.39,60.05,70.04,2.71,Silty Loam,soybean
26.1051701361938,54.55624171270278,143.80577196485973,7.190118935983793,58.76,98.6,121.07,0.99,Neutral Soil,coffee
25.65492304,92.74501561,52.95477913,6.813383387,57.8895,149.099313,77.83,0.73,Neutral Soil,papaya
32.86718911659575,94.03105740412758,241.2421449061287,6.747573155727874,91.4,145.65504,145.8235,1.35,Loamy Soil,papaya
25.703971085733073,57.027467901580124,195.35742025538494,7.0289122213116615,66.07,148.0820435,144.0037,1.58,Neutral Soil,coffee
28.80311922,91.78336933,25.16359891,6.121745389,53.7,61.35,43.82,1.57,Acidic Soil,muskmelon
27.308174928400085,85.15302810478474,150.0808455850657,6.709551439359978,146.96,107.66,153.3,2.81,Silty Loam,cabbage
27.35,60.84,103.53,6.23,29.0,18.0,34.0,815.0,Sandy Soil,cassava
30.564741434273927,83.41157578906416,106.2311838199503,5.707666816586834,102.14,111.41,175.61,2.81,Sandy Loam,chilli
20.99917251198069,58.38229832559969,83.7154576809152,6.844114087402834,38.0,37.0,46.0,756.0,Sandy Soil,sweetpotato
27.09311163749651,81.18794802723119,264.0177961864273,6.4629187300126265,73.31,42.29,74.79,3.06,Loamy Soil,chives
20.023480391304346,63.24387734596025,65.98297567967595,5.7825356354919855,53.63,44.4,49.6,0.62,Acidic Soil,maize
26.82060057,86.70068316,42.91292205,6.770434148,55.58,143.3,64.92,0.97,Loamy Soil,watermelon
25.979496501995047,76.3608668813933,125.82293266993548,6.855963164759931,31.44,55.59,75.36,2.58,Silty Loam,soybean
25.88789435061599,82.27123776384191,47.20288395751981,6.238220195853344,52.67,65.64,49.42,1.89,Acidic Soil,watermelon
30.8,74.8,137.2,6.38,35.07,40.41,76.81,2.34,Loamy Soil,soybean
42.07213781,92.92203105,165.7412972,6.840802254,86.0,149.099313,147.685,0.78,Neutral Soil,papaya
32.02058690560886,73.67772516183864,53.656107863742655,5.863285349272035,22.07,57.15,79.01,1.84,Sandy Loam,peanut
27.790344992621108,82.36473448970874,43.32870725545577,6.339989887158299,55.68,73.2,50.26,2.43,Acidic Soil,mungbean
31.12502534205538,69.1156519356291,69.16099216836798,6.353895997500995,20.72,55.78,84.25,1.99,Loamy Soil,peanut
25.501613173631526,80.32873307786618,58.667033337684636,6.742720715278474,53.53,102.22,64.05,0.91,Loamy Soil,watermelon
28.7,65.8,83.9,6.69,76.47,56.35,115.34,2.51,Loamy Soil,garlic
23.494022180080755,85.08836629539327,234.8564786435886,7.568285041368118,77.45,61.45,79.73,1.57,Peaty Soil,rice
27.218196096559936,70.20869104989974,59.87472303126457,6.419656473531466,96.88,66.68,121.37,3.27,Loamy Soil,shallots
29.059652828220692,75.82464191696633,94.71354976400674,6.135192398287984,61.55,56.91,55.56,0.89,Acidic Soil,banana
25.92030221,83.47202566,42.10681516,6.921847888,55.06,141.85,111.84,1.86,Neutral Soil,watermelon
27.130500852450773,59.69721226970269,122.69245858343048,6.324008373234139,35.0,37.0,43.0,749.0,Loamy Soil,sweetpotato
30.7243456382522,73.89693767603251,152.92854812362512,6.763989422550615,34.57,44.26,76.15,2.73,Clay Loam,soybean
29.134878899092676,68.65168629357879,50.89233662448036,7.2906746549101635,91.81,70.51,133.48,2.08,Clay Loam,garlic
24.670400959014366,63.951175129057034,60.80913676831384,6.762055578223105,108.34,60.88,99.57,2.31,Sandy Loam,shallots
26.630132771884963,64.46477534969846,166.06517309116663,4.5055714837475325,66.3,39.8,48.0795,0.59,Acidic Soil,tea
27.30203537846812,72.67971679886014,70.73315587013211,7.194297241961268,74.36,76.27,130.7,3.58,Loamy Soil,garlic
18.831939358132466,63.09411338193332,63.75337798473602,5.977776664624128,51.4895,48.27,50.47,2.12,Acidic Soil,maize
27.57826922,94.11878202,28.08253201,6.741269235,54.05,134.7555,52.986,0.89,Neutral Soil,muskmelon
26.7585662563732,84.6061047180809,182.35897550701395,6.50470351921056,159.02,114.59,185.42,3.7,Loamy Soil,cabbage
25.7,66.4,131.9,6.92,35.7,57.53,77.04,2.03,Loamy Soil,soybean
20.755421093732192,83.43622438528628,231.76976042179248,6.322519994927389,73.54,65.25,79.67,2.26,Peaty Soil,rice
28.39476524879618,47.14106131272168,91.45634640412227,5.563539440886007,56.8575,42.11,47.08,1.75,Acidic Soil,mango
28.93952218429851,68.72985565607293,46.6096355399006,6.516056724173243,83.81,83.46,103.6,3.42,Loamy Soil,shallots
27.376668708657256,88.82864462303144,58.09663107031357,6.683799825080868,59.86,120.49,64.15,0.75,Neutral Soil,mungbean
28.04571400667292,85.3016135747111,35.7690973314555,6.615810842288261,53.88,85.4,50.86,1.57,Neutral Soil,mungbean
24.1,82.9,118.4,6.23,125.97,117.74,158.48,2.53,Silty Loam,chilli
31.172786961392926,51.56506787457083,89.43790024633412,5.361345602383181,57.23,39.97,49.67,0.8,Acidic Soil,mango
27.518583772808125,74.56215593284026,60.07944820629268,6.746978816560056,104.92,75.22,117.13,3.14,Loamy Soil,garlic
27.69107876147724,86.20666433632299,58.07541706824669,6.409384000806333,57.87,70.86,50.76,1.55,Acidic Soil,mungbean
24.86041971973527,69.61438729227974,92.21216560658553,6.200151040990542,55.67,56.08,56.57,1.74,Acidic Soil,maize
28.574014948430364,94.09350652841749,115.97967318439309,6.498172826071275,66.18,86.9855,72.59,2.31,Loamy Soil,papaya
37.61946831697788,94.73245975946286,172.24947860588114,6.755735820646969,80.66,121.2,115.7,1.0,Loamy Soil,papaya
21.54919807996484,59.64827373309558,107.4737492628688,5.519037513503782,34.0,38.0,35.0,781.0,Loamy Soil,sweetpotato
29.220959181011867,82.94812146432751,108.78878166032004,5.688935775533245,64.89,49.29,52.8,1.22,Peaty Soil,banana
26.609933182924532,64.59400548540154,164.69625246967004,6.586449872911608,64.47,70.15,82.09,1.68,Loamy Soil,coffee
29.8,64.4,45.4,6.22,118.77,82.89,102.22,2.04,Loamy Soil,shallots
25.73406411395062,79.4363561381236,100.03413944016616,6.128881020373945,61.31,58.88,55.82,1.46,Acidic Soil,banana
25.46743689,68.48093882,171.3764462,6.392048018,66.82,64.22,77.59,2.29,Acidic Soil,coffee
29.662681684466367,65.34291106207996,34.038815890511394,6.303515779529005,83.47,83.94,106.38,2.63,Loamy Soil,shallots
27.823784533699186,72.4077218486183,86.20009979011046,7.379202402935284,102.98,65.84,122.75,2.08,Clay Loam,garlic
28.56149805,83.63802195,41.013132,6.689825155,55.44,110.89,57.63,1.06,Neutral Soil,mungbean
20.2800712,80.3477562,208.5810155,6.766240045,69.2805,133.12,147.520955,2.18,Loamy Soil,rice
29.563340968150467,54.754562462300065,99.39312927839133,5.2965218287240825,59.98,37.92,50.11,1.58,Acidic Soil,mango
29.589218557463333,90.9717331542744,24.12504849990531,6.642255641730408,54.83,109.12,49.58,0.68,Neutral Soil,muskmelon
31.733589002308506,71.60015791008944,103.40664720427336,6.489607744259162,34.21,48.71,64.4,1.7,Loamy Soil,soybean
24.676667746265757,77.24032527552994,227.02097907306919,6.127209863526252,141.57,104.59,137.06,2.0,Sandy Loam,chilli
25.546766421782507,60.2298970289558,109.09811720001821,5.891968986348389,27.0,24.0,39.0,741.0,Loamy Soil,sweetpotato
33.56150184,45.56457891,95.70525913,5.977413803,58.13,43.36,52.48,1.79,Acidic Soil,mango
27.027078318307264,82.48079034608435,123.53773452400311,6.828480434925062,26.01,45.13,61.64,2.5,Loamy Soil,mungbean
20.27317074,63.91281869,63.03219202,6.439071996,54.5,64.18,54.86,1.27,Acidic Soil,maize
26.243167287362763,92.29868195252399,62.222622258283785,6.587339165859644,55.61,97.0,59.02,0.94,Neutral Soil,papaya
23.0978878,58.27703336,242.5840596,4.809708367,68.14,37.98,54.77,1.73,Acidic Soil,tea
23.495989745290043,57.03099641818982,100.92432928891063,5.930247043305871,60.85,45.58,53.39,2.09,Acidic Soil,maize
27.54542538573904,79.47916184452069,222.72259462358605,6.661611061599895,115.55,104.75,160.51,2.25,Loamy Soil,chilli
30.55472573,90.90343769,106.0711985,7.189259647,66.37,140.6717,114.73,1.12,Neutral Soil,orange
21.437730246277965,57.925290292809,100.11416601736563,6.215868303930971,59.14,52.62,55.18,0.99,Acidic Soil,maize
25.894758648436646,63.162035527745715,103.22975258190763,5.635934322384955,33.0,18.0,48.0,741.0,Loamy Soil,cassava
28.77022289989433,62.30234187381836,108.12969419776859,4.646590258617154,25.0,27.0,28.0,827.0,Loamy Soil,cassava
29.504578290929306,66.38547556472011,117.94445266010234,5.802514951105706,24.03,55.0,77.29,1.4,Sandy Loam,peanut
28.1,66.6,89.6,5.81,24.63,64.68,88.76,1.09,Loamy Soil,peanut
27.129941852012443,73.05671194077142,95.49847860511886,6.904974771705794,82.11,52.36,121.84,3.48,Silty Loam,garlic
31.8,65.7,48.6,6.6,89.05,69.59,148.78,2.48,Silty Loam,shallots
27.731664999193182,81.31848431126757,181.7788322816064,5.6667673978945405,131.73,85.61,132.54,1.82,Sandy Loam,chilli
40.76998685,92.09278584,209.8678411,6.747975732,93.78,139.62,142.41062,1.86,Neutral Soil,papaya
23.647383425093754,59.09958479077512,123.06934900510858,6.832321724253823,40.0,21.0,48.0,812.0,Loamy Soil,sweetpotato
28.279166681632812,66.25360126785876,83.7512704221811,6.739151151505087,74.47,57.35,113.34,2.51,Loamy Soil,garlic
28.000738168579165,61.10166296580262,227.36176765415058,4.809150290027876,71.6445,38.24,53.61,0.91,Acidic Soil,tea
27.9461842524163,77.62551996768073,152.5759157110956,6.87466443405136,66.47,50.55,97.15,3.87,Silty Loam,chives
21.32376327,83.00320459,192.3197536,7.283736617,69.2805,117.76,130.37,1.67,Loamy Soil,rice
27.729841198878223,73.77269275309078,68.43546357190462,7.172204167313311,77.36,76.27,131.7,3.58,Loamy Soil,garlic
28.244445444173422,52.23360849230423,96.77961890472436,4.675853406524258,59.64,34.88,44.68,0.73,Acidic Soil,mango
31.2,72.6,59.2,6.55,87.42,63.9,116.74,2.1,Loamy Soil,shallots
31.763977446294103,92.03474389609627,78.14867924501371,6.462473100508027,62.82,89.61,62.23,1.28,Loamy Soil,papaya
12.389786581813286,92.03165461836302,104.20964355396673,7.19144178252715,57.2595,125.04,87.39,1.07,Loamy Soil,orange
26.972859497621144,81.00358229875602,265.54807853877406,5.39218099648145,84.75,46.13,59.86,2.08,Peaty Soil,rice
23.472902244119407,82.05226162619473,263.7666512327186,6.793564373071315,60.95,44.88,73.3,3.34,Loamy Soil,chives
29.087476643200826,91.74866728382372,24.365003894750725,6.09027692405395,50.7,62.35,44.82,1.57,Acidic Soil,muskmelon
28.8,69.7,104.6,6.75,87.2,76.72,95.51,2.11,Silty Loam,garlic
29.086054629140488,74.64617151640496,65.52201908198755,6.152930223991575,20.28,58.48,88.2,2.12,Loamy Soil,peanut
26.669386981603388,64.18099907537199,189.46157448614184,4.611662531488369,30.0,20.0,44.0,654.0,Sandy Soil,cassava
27.891908891888924,69.5389212198909,113.64835309626474,6.777940558709037,30.54,46.16,78.78,2.02,Loamy Soil,soybean
27.810301568703718,91.30156702120499,106.87353244948588,7.003670099343694,67.2,146.19308,143.62143,0.88,Loamy Soil,orange
26.35927159,84.04403589,271.3586137,6.286500176,83.4,65.34,90.71,1.21,Peaty Soil,rice
26.229777830951225,61.17945076037468,75.64436688753372,6.309275180148361,105.93,62.16,127.21,2.67,Loamy Soil,shallots
18.28362235,66.65952796,80.97573281,6.829199275,55.48,145.21743,103.21,0.66,Loamy Soil,maize
21.846429016534596,57.44767020570703,163.51901994580044,4.918851150621015,59.687,37.01,50.23,1.53,Acidic Soil,tea
25.06203031409417,88.46765066065905,58.351379522881025,6.508798434767728,54.15,79.04,55.54,1.26,Peaty Soil,watermelon
23.413562777035374,56.176841414985525,230.77819456650218,4.597262382142171,69.93,37.17,50.87,1.58,Acidic Soil,tea
24.38534644,64.72543073,120.5985918,7.234258375,60.49,112.89,108.09,2.49,Neutral Soil,coffee
27.212606690492922,53.73668593636554,137.98253868267133,7.205614823754914,64.72,111.53,131.93,1.23,Neutral Soil,coffee
30.3,75.2,193.5,6.28,33.76,48.63,66.94,2.79,Loamy Soil,soybean
28.865816420091786,78.50987985028425,92.02727864739775,6.41306935439064,61.79,67.16,56.17,0.54,Acidic Soil,banana
27.4,81.7,205.8,6.74,62.52,47.77,96.08,3.51,Silty Loam,chives
24.643549913707737,92.49084586440955,110.30193039346774,6.56587573914741,60.85,91.22,68.95,0.91,Neutral Soil,orange
27.235230445900378,68.68916048124456,130.959451601817,6.502605437700531,26.28,52.02,58.17,1.65,Clay Loam,soybean
25.572567832748536,93.29364458840142,54.05393555195641,6.9057183241700715,55.8895,148.099313,76.83,0.73,Neutral Soil,papaya
30.886752853333714,72.488536010304,152.63902461614333,6.59919862166776,31.57,45.26,73.15,2.73,Clay Loam,soybean
23.13338811,91.94670335,104.4224145,7.639788459,62.34,73.11,61.76,1.31,Peaty Soil,orange
24.115527395029982,65.8263028576801,84.4048831176982,6.713957979990532,74.24,49.51,128.48000000000002,3.61,Clay Loam,garlic
31.283560443644234,67.85230825564119,107.3064145283545,6.378742810732456,22.9,64.31,90.87,1.62,Sandy Loam,peanut
32.1,71.2,86.6,6.42,26.84,60.43,84.94,1.9,Loamy Soil,peanut
24.12250867991133,82.30103830925019,283.39399271514196,5.605091403502684,84.45,45.34,65.44,1.16,Peaty Soil,rice
22.973562493324728,58.09484914394012,116.4342996669281,6.866314243881084,32.0,36.0,45.0,794.0,Loamy Soil,sweetpotato
25.50080693739005,71.96011474531768,190.15048349149632,6.471342011796204,143.76,110.56,132.7,3.13,Loamy Soil,chilli
21.30736323154228,58.70131412519649,100.23406785548674,6.112067365861709,60.14,48.62,56.18,0.99,Acidic Soil,maize
27.05421492349384,63.88118278032574,188.34412391580562,6.794559927814337,66.611,115.36,147.666,1.87,Neutral Soil,coffee
29.370965565665436,80.74971410279056,179.1579233951087,6.349792311592715,37.73,45.84,66.54,2.27,Clay Loam,soybean
28.082898510333134,88.06697357618934,47.66904240733203,7.06884623441362,58.75,143.546,87.71,1.23,Neutral Soil,mungbean
27.096513206160267,64.48872366252697,119.2875109623689,5.93580332127641,14.11,52.27,80.26,1.02,Loamy Soil,peanut
29.487786295768608,65.88047904223053,85.88283575356313,7.251774689104969,73.54,53.17,107.95,3.8,Loamy Soil,garlic
26.72903741073455,76.39153057084056,125.20275242004215,6.887666985295746,29.69,37.96,50.71,1.84,Sandy Loam,mungbean
27.060457357772744,82.2811568196228,195.2705222837778,6.031156350973325,73.64,55.49,64.57,1.66,Peaty Soil,rice
26.4,75.8,114.0,5.72,143.32,119.29,126.67,2.81,Silty Loam,chilli
29.68696896208066,90.52887374727541,53.94437324124095,6.954337673710108,61.13,147.807266,115.8,2.06,Neutral Soil,mungbean
26.239613233344304,61.60898834011319,151.81055315099286,5.536950202829127,28.0,16.0,43.0,809.0,Sandy Soil,cassava
25.160533629507302,54.6980789024049,82.96620521339061,6.844164677789975,38.0,33.0,46.0,756.0,Sandy Soil,sweetpotato
28.51443915709898,82.11273582496467,117.5887513052326,6.247612927074925,63.980500000000006,60.96,60.99,1.87,Peaty Soil,banana
23.592918798389558,75.87441031517362,209.62209484681063,5.988721370456741,160.22,81.4,192.55,2.6,Silty Loam,cabbage
29.79933692273373,64.3086760691419,184.3913037568845,6.08619557422034,23.0,19.0,44.0,709.0,Loamy Soil,cassava
31.147615853214866,69.36849258275424,101.32906644752767,6.004905560763745,27.81,68.94,86.22,1.58,Loamy Soil,peanut
23.459922016478206,84.76693985792262,285.8101864372973,6.275603165643013,80.36,60.41,88.23,1.19,Peaty Soil,rice
29.2,71.8,101.0,5.95,149.8,95.27,164.55,1.97,Silty Loam,chilli
21.996383043900373,72.21533612372525,259.0044021860705,6.600172922440178,89.16,45.81,96.7,3.15,Loamy Soil,chives
27.065057583537413,52.72232598440711,194.01927157288625,6.169089927494852,66.34,48.0205,66.92,0.55,Acidic Soil,coffee
28.489954122212644,93.2995417483561,23.12904861811278,6.54269774275783,51.56,81.14,47.93,1.63,Acidic Soil,muskmelon
30.899547505414724,72.16754360537175,60.13526192419542,5.960581744370658,27.11,52.98,83.43,1.84,Sandy Loam,peanut
28.53,60.01,226.78,6.08,32.0,22.0,25.0,720.0,Sandy Soil,cassava
23.12411273868474,82.34052275153228,272.70356952701275,5.646460365393736,75.29,48.08,68.85,1.78,Peaty Soil,rice
33.768006862427725,74.12973814398882,72.41641109082317,6.256401989458245,21.66,64.6,77.12,1.82,Sandy Loam,peanut
25.53331896952746,72.84059514456305,145.22137974538083,6.23059536113087,36.41,47.71,63.129999999999995,1.78,Silty Loam,soybean
27.56441788,54.41094079,177.816092,6.955787351,64.82,146.11743,146.5169,0.52,Neutral Soil,coffee
25.859363518964948,82.62445613119527,117.45882196730172,5.7553107428488435,62.019999999999996,52.37,52.16,1.96,Peaty Soil,banana
32.96509049560147,90.6307252735944,49.602083154167694,6.8334268699309275,59.89,142.631,82.21,1.04,Neutral Soil,papaya
23.09348056,60.1159381,65.49730729,6.033550195,55.05,48.66,49.04,0.71,Acidic Soil,maize
30.622526093335026,72.3124023383708,107.12743156757558,6.41665982286275,26.59,40.2,57.07,2.07,Sandy Loam,mungbean
23.7,67.2,72.8,6.87,87.09,76.0,92.13,2.65,Clay Loam,garlic
26.27617879272357,74.41970846147647,131.08475404746147,6.117038559993851,141.55,118.66,134.31,2.83,Silty Loam,chilli
27.585353781451712,50.01877888526755,91.18993345323516,4.951259996455583,58.05,38.4,46.99,1.7,Peaty Soil,mango
39.713304763920696,92.07795651618831,63.241303222367016,6.554074332379448,63.82,88.01,59.848,1.8,Neutral Soil,papaya
10.816269480681127,89.55840805753192,107.8902031165902,7.383375723749749,58.2595,96.45,74.47,1.91,Loamy Soil,orange
26.200423638362448,68.63052287038504,103.39235842593159,6.811420307088685,61.1105,146.21743,118.58,0.91,Loamy Soil,maize
41.26708697870294,92.79858043888355,132.92919246855507,6.622521044897253,77.96,92.8,82.53,2.26,Loamy Soil,papaya
28.496693082724736,75.88519951834469,119.73969387913138,5.955834164647308,67.12,51.85,56.5,2.28,Acidic Soil,banana
32.13409675,50.52559148,98.63333684,6.097869767,58.9,46.8,54.58,2.33,Acidic Soil,mango
24.748945505222398,81.63372747262308,120.89102654278587,6.135719449458392,62.55,58.08,57.63,0.54,Acidic Soil,banana
23.24113501,84.59201843,233.0453455,7.633567638,75.45,62.45,79.73,1.57,Peaty Soil,rice
25.26152871466681,61.0298640907717,220.805076792859,6.035749862910445,38.0,26.0,46.0,718.0,Sandy Soil,cassava
27.2,80.1,238.3,6.23,145.24,106.07,185.31,3.34,Clay Loam,cabbage
26.20811417,52.50987966,189.0944824,6.910823945,64.46,140.2915,149.0319245,2.31,Neutral Soil,coffee
20.18432263,90.65458473,116.8130969,6.969249676,61.87,144.015,140.584,1.67,Loamy Soil,orange
30.204139610989426,63.660667702166535,140.4518211449277,5.073352440200783,40.0,20.0,26.0,818.0,Sandy Soil,cassava
26.724637319550254,87.70956352359224,53.28828975628335,6.940336830474885,54.72,141.2588,96.41,1.0,Neutral Soil,watermelon
29.4,66.6,88.3,6.68,81.97,70.95,135.51,3.15,Silty Loam,garlic
23.23,59.69,76.53,5.65,49.0,37.0,35.0,760.0,Loamy Soil,sweetpotato
22.976673374705364,81.99076103145015,244.18381444933482,6.199796338047254,167.94,112.85,193.55,3.0,Clay Loam,cabbage
28.43683487,87.91332682,43.12063289,6.583381939,55.99,93.3,53.8,1.99,Neutral Soil,mungbean
20.51716779,59.21235483,67.61013737,5.588426629,54.56,43.825,46.84,2.01,Acidic Soil,maize
30.952144798892327,90.09609893235391,104.38765145573882,7.182823384706137,66.37,138.6717,115.73,1.12,Neutral Soil,orange
25.977077526729595,65.36782314820012,35.50349162873215,5.99325118063179,83.18,75.82,133.4,2.19,Loamy Soil,shallots
29.776505908280214,71.01918296118114,41.16772916330653,6.160881754551336,86.89,75.47,129.03,2.98,Sandy Loam,shallots
32.70308031780142,70.32872298044093,83.42911470915159,6.394972686838721,23.04,68.77,82.17,2.0,Loamy Soil,peanut
32.758008950151535,69.92012386545306,164.16839872116284,6.243342028502019,35.08,57.26,65.72,2.17,Silty Loam,soybean
25.6,81.8,124.4,6.26,138.63,89.52,161.15,2.13,Loamy Soil,chilli
26.564216808580415,51.96475702494118,135.1510499770981,7.504989674488033,60.34,66.27,80.04,0.71,Neutral Soil,coffee
25.83475564789331,76.51070063286126,115.54203140130427,6.0540435511020565,60.32,50.8,55.74,1.59,Acidic Soil,banana
18.51816776,56.50010826,90.988051,6.641906353,55.2,76.52,73.88,1.17,Neutral Soil,maize
30.324541112015318,79.02858580648962,130.81471073089577,7.057960165332824,29.12,35.82,51.41,2.07,Sandy Loam,mungbean
27.2,79.3,286.9,6.56,87.66,45.71,87.96,3.09,Silty Loam,chives
26.48316895973111,52.26363586084558,128.34441306742409,6.781714171552756,56.68,96.83,108.3,0.54,Loamy Soil,coffee
26.17,60.33,184.85,6.1,28.0,26.0,45.0,745.0,Sandy Soil,cassava
26.4,70.9,103.1,6.95,27.91,30.88,60.44,2.5,Loamy Soil,mungbean
24.66992398471193,86.37564839070832,48.34786999676244,6.734743575006332,52.69,108.64,60.17,0.8,Neutral Soil,watermelon
21.645857406630004,61.59974845103248,246.78561979946596,4.8449289580313,68.8,40.71,56.4215,1.49,Acidic Soil,tea
19.97215954,57.68272924,63.03219202,6.596060648,54.4895,72.84,60.02,2.14,Neutral Soil,maize
29.16226551,76.16151562,100.0075679,5.816622479,62.34,49.31,51.27,2.49,Peaty Soil,banana
29.10058271122963,92.1738209410173,29.0663298434868,6.435305324169264,55.28,73.87,43.84,2.08,Acidic Soil,muskmelon
22.33020300404727,59.21502358564796,67.34422452894833,5.82850914776134,53.01,46.22,48.72,0.91,Acidic Soil,maize
29.58504743328046,76.0463446150695,104.68561970573084,7.081606358546126,30.44,39.27,63.53,2.47,Loamy Soil,mungbean
22.92,57.5,77.72,5.69,41.0,25.0,35.0,846.0,Sandy Soil,sweetpotato
34.81606702985333,91.55677894301117,150.4013359194541,6.823753729904886,74.12,147.278,143.507,1.1,Loamy Soil,papaya
26.3,66.9,68.1,6.03,98.51,79.53,147.65,3.41,Sandy Loam,shallots
26.2,74.8,143.9,5.87,135.31,107.41,122.69,2.39,Loamy Soil,chilli
33.33024826,45.61143594,98.28583013,6.815484072,58.3,113.824,108.787,2.43,Neutral Soil,mango
26.24,57.29,121.23,6.04,49.0,21.0,48.0,842.0,Sandy Soil,sweetpotato
23.011512958590842,59.454992200288274,105.41132534433035,6.521351765701918,55.07,61.82,66.64,1.39,Acidic Soil,maize
25.0,71.2,210.2,6.51,78.08,59.98,80.96,2.62,Loamy Soil,chives
25.56202173,77.38229006,93.10247183,6.119216009,60.8395,56.36,54.09,0.92,Acidic Soil,banana
23.430060885917257,61.05251849775488,66.4631603483412,5.5817094616584635,55.19,42.825,46.84,1.37,Acidic Soil,maize
28.36363858,87.59810657,57.99524359,6.320662012,58.01,68.68,51.38,0.84,Acidic Soil,mungbean
21.716871536277527,63.96990774640866,186.4859682489199,4.880221121991346,66.5,36.87,52.46,1.6,Acidic Soil,tea
21.13713542064078,58.575911339977665,102.18643503461546,6.773041307701993,58.08,138.858,139.688,0.75,Neutral Soil,maize
29.213110361601768,74.56191133572256,98.44577815371268,6.698985397928758,35.86,36.5,64.46,1.87,Sandy Loam,mungbean
22.311806656387617,80.61586554754084,212.79492244194032,5.912884865573153,74.07,54.6,66.81,1.19,Peaty Soil,rice
31.414010860372944,90.82242777781403,49.25868581232981,6.924763451013658,59.8895,145.9,147.95676,1.0,Neutral Soil,papaya
23.01014302,91.11764246,112.6738296,6.708889665,63.12,123.9,91.61,1.33,Loamy Soil,orange
24.63,57.73,85.12,6.4,45.0,39.0,56.0,878.0,Loamy Soil,sweetpotato
29.3159075,80.11585705,90.80524328,5.926824754,61.76,52.4,51.2,2.13,Acidic Soil,banana
27.497520720113588,84.13144590066709,101.20386284629436,5.800810876175718,65.84,51.81,49.71,0.76,Acidic Soil,banana
23.42065805,62.80335017,207.9346869,4.52906137,66.99,37.63,51.22,0.56,Acidic Soil,tea
27.7,72.0,85.1,7.33,103.98,67.84,121.75,2.08,Clay Loam,garlic
26.094894660250716,55.102140692350886,181.83733180829316,4.593156978396232,62.33,39.04,49.92,1.79,Acidic Soil,tea
20.78433529333703,93.78392364677538,110.74470517334132,7.639847945784542,63.02,70.75,59.56,0.68,Alkaline Soil,orange
23.79134860910959,80.05380100749464,207.90460852915922,6.921867123921084,68.93,144.037,146.9476,1.32,Loamy Soil,rice
27.0,71.9,54.0,7.21,78.15,53.66,132.13,2.36,Loamy Soil,garlic
31.65333432,48.20662669,91.09745581,6.392313973,57.72,53.8,59.99,1.79,Acidic Soil,mango
23.34369061114983,50.20157074562347,162.74678680501455,6.988522768993279,60.62,147.07185,147.553,1.81,Neutral Soil,coffee
24.3,66.4,59.1,7.07,85.62,54.69,125.91,2.13,Silty Loam,garlic
32.76795887,94.57377401,240.4795923,6.764213299,91.4,146.65504,144.8235,1.35,Loamy Soil,papaya
28.470624212766054,60.05426570363492,233.34958992648995,6.774178735331198,34.0,22.0,26.0,819.0,Sandy Soil,cassava
29.9,71.1,52.1,6.38,80.19,80.06,133.59,3.13,Loamy Soil,shallots
27.54798096665215,89.25657249337107,229.2214893300832,6.554296349816327,82.51,45.26,70.69,3.16,Loamy Soil,chives
27.066387399392262,69.46592727085705,112.24391000045419,6.699436472197876,31.54,45.16,77.78,2.02,Loamy Soil,soybean
18.475563541650175,66.69651389620226,82.74978128754482,6.923479780735217,56.48,145.21743,103.21,0.66,Loamy Soil,maize
23.3,85.7,167.4,6.51,75.26,58.66,87.83,3.98,Silty Loam,chives
28.693034253634288,72.89469420019176,43.63413748847652,6.610234225355854,89.44,76.17,137.55,3.23,Loamy Soil,garlic
25.29,59.94,84.44,6.77,34.0,27.0,47.0,788.0,Loamy Soil,sweetpotato
27.20783879431935,55.59557752455013,140.27818921660906,6.437235971717466,59.85,55.41,69.95,2.12,Acidic Soil,coffee
27.5870728818514,71.04759271153439,52.37030364520415,6.40703998650449,120.57,67.01,115.4,2.43,Sandy Loam,shallots
24.339338448237076,80.93928712616729,231.70647496357407,7.029400526917809,75.03,145.45895,145.8767,1.26,Loamy Soil,rice
26.0,75.9,182.9,6.03,130.91,88.42,191.58,3.53,Loamy Soil,cabbage
23.1,70.3,225.4,6.37,70.67,41.29,81.75,2.69,Silty Loam,chives
32.37803744598594,71.82711429222887,115.56210383666004,7.111416169795434,26.23,45.14,61.8,1.56,Loamy Soil,mungbean
24.846833552699614,59.16024998536522,83.84923222908645,6.683555576176098,31.0,26.0,45.0,788.0,Loamy Soil,sweetpotato
22.0,81.7,197.6,6.19,136.23,82.46,165.87,3.46,Clay Loam,cabbage
27.41017041810993,54.42148954312777,99.54654201101926,6.7820607458460405,61.15,107.57,107.51,2.03,Loamy Soil,mango
24.33627213473857,77.31164327520801,213.53361858871327,6.2319922334959745,137.76,85.58,156.21,3.73,Clay Loam,cabbage
33.0,75.9,104.6,6.18,22.56,43.75,78.31,2.22,Loamy Soil,soybean
29.40954472229708,81.404660960557,107.83328839068547,5.694075301604691,62.33,49.32,49.53,1.48,Acidic Soil,banana
30.255781662896364,51.7973623025731,92.91215357475568,6.6601470445261315,59.33,73.61,71.1,1.63,Neutral Soil,mango
30.031756927562814,80.5743260148608,48.737830611889045,6.763583082808169,58.73,100.97,59.25,2.21,Neutral Soil,mungbean
31.8520694,90.15354599,109.9455062,6.407715561,67.53,75.65,64.75,1.26,Acidic Soil,orange
30.1380510619348,73.97158551934967,90.09484059110783,6.126306059600438,98.65,61.11,131.56,3.49,Silty Loam,shallots
26.290115945163933,86.89559342985359,47.942575714186354,6.185422208115131,55.22,65.05,48.9,2.29,Peaty Soil,watermelon
25.96534238,89.63725244,58.99310824,6.849471704,57.6525,147.812772,92.67,1.48,Loamy Soil,watermelon
28.939398587701106,81.43971784555995,106.71737342150757,6.664818746136593,29.54,37.89,49.31,2.23,Loamy Soil,mungbean
24.073459556125613,60.73241144124483,110.87002738787271,6.879552433626265,33.0,36.0,32.0,845.0,Loamy Soil,sweetpotato
32.13681434531366,78.93077585938875,139.8093954922499,6.561806701556518,25.95,34.44,62.31,1.97,Sandy Loam,mungbean
22.50457269,61.89100336,245.8787983,4.903372634,69.03,38.86,55.4215,2.22,Acidic Soil,tea
